Datetime,deep SoC (GWh),deep Charge/Disharge (MW)
2046-01-01 00:00:00,3.0204814814213767,0.012030294561953316
2046-01-01 00:30:00,3.0139432778550925,0.0
2046-01-01 01:00:00,3.0139432778550925,0.0
2046-01-01 01:30:00,3.0139432778550925,0.0
2046-01-01 02:00:00,3.0139432778550925,0.0
2046-01-01 02:30:00,3.0139432778550925,0.0
2046-01-01 03:00:00,3.0139432778550925,-0.014213486013661115
2046-01-01 03:30:00,3.0204814814213767,0.0
2046-01-01 04:00:00,3.0204814814213767,0.0
2046-01-01 04:30:00,3.0204814814213767,0.0
2046-01-01 05:00:00,3.0204814814213767,0.0
2046-01-01 05:30:00,3.0204814814213767,0.0
2046-01-01 06:00:00,3.0204814814213767,0.0
2046-01-01 06:30:00,3.0204814814213767,0.0
2046-01-01 07:00:00,3.0204814814213767,0.0
2046-01-01 07:30:00,3.0204814814213767,0.0
2046-01-01 08:00:00,3.0204814814213767,0.0
2046-01-01 08:30:00,3.0204814814213767,0.0
2046-01-01 09:00:00,3.0204814814213767,0.0
2046-01-01 09:30:00,3.0204814814213767,0.0
2046-01-01 10:00:00,3.0204814814213767,0.0
2046-01-01 10:30:00,3.0204814814213767,0.0
2046-01-01 11:00:00,3.0204814814213767,0.0
2046-01-01 11:30:00,3.0204814814213767,0.0
2046-01-01 12:00:00,3.0204814814213767,0.0
2046-01-01 12:30:00,3.0204814814213767,0.0
2046-01-01 13:00:00,3.0204814814213767,0.0
2046-01-01 13:30:00,3.0204814814213767,0.0
2046-01-01 14:00:00,3.0204814814213767,0.0
2046-01-01 14:30:00,3.0204814814213767,0.0
2046-01-01 15:00:00,3.0204814814213767,0.0
2046-01-01 15:30:00,3.0204814814213767,0.0
2046-01-01 16:00:00,3.0204814814213767,0.0
2046-01-01 16:30:00,3.0204814814213767,0.0
2046-01-01 17:00:00,3.0204814814213767,0.0
2046-01-01 17:30:00,3.0204814814213767,0.0
2046-01-01 18:00:00,3.0204814814213767,0.0
2046-01-01 18:30:00,3.0204814814213767,0.0
2046-01-01 19:00:00,3.0204814814213767,0.0
2046-01-01 19:30:00,3.0204814814213767,0.0
2046-01-01 20:00:00,3.0204814814213767,0.0
2046-01-01 20:30:00,3.0204814814213767,0.0
2046-01-01 21:00:00,3.0204814814213767,0.0
2046-01-01 21:30:00,3.0204814814213767,0.0
2046-01-01 22:00:00,3.0204814814213767,0.0
2046-01-01 22:30:00,3.0204814814213767,0.0
2046-01-01 23:00:00,3.0204814814213767,0.0
2046-01-01 23:30:00,3.0204814814213767,0.0
2046-01-02 00:00:00,3.0204814814213767,0.0
2046-01-02 00:30:00,3.0204814814213767,0.0
2046-01-02 01:00:00,3.0204814814213767,0.0
2046-01-02 01:30:00,3.0204814814213767,0.0
2046-01-02 02:00:00,3.0204814814213767,0.0
2046-01-02 02:30:00,3.0204814814213767,0.0
2046-01-02 03:00:00,3.0204814814213767,0.0
2046-01-02 03:30:00,3.0204814814213767,0.0
2046-01-02 04:00:00,3.0204814814213767,0.012030294561953316
2046-01-02 04:30:00,3.0139432778550925,0.0
2046-01-02 05:00:00,3.0139432778550925,0.0
2046-01-02 05:30:00,3.0139432778550925,0.0
2046-01-02 06:00:00,3.0139432778550925,0.0
2046-01-02 06:30:00,3.0139432778550925,0.0
2046-01-02 07:00:00,3.0139432778550925,0.0
2046-01-02 07:30:00,3.0139432778550925,0.0
2046-01-02 08:00:00,3.0139432778550925,0.0
2046-01-02 08:30:00,3.0139432778550925,0.0
2046-01-02 09:00:00,3.0139432778550925,-0.014213486013661115
2046-01-02 09:30:00,3.0204814814213767,0.0
2046-01-02 10:00:00,3.0204814814213767,0.0
2046-01-02 10:30:00,3.0204814814213767,0.0
2046-01-02 11:00:00,3.0204814814213767,0.0
2046-01-02 11:30:00,3.0204814814213767,0.0
2046-01-02 12:00:00,3.0204814814213767,0.0
2046-01-02 12:30:00,3.0204814814213767,0.0
2046-01-02 13:00:00,3.0204814814213767,0.0
2046-01-02 13:30:00,3.0204814814213767,0.0
2046-01-02 14:00:00,3.0204814814213767,0.0
2046-01-02 14:30:00,3.0204814814213767,0.0
2046-01-02 15:00:00,3.0204814814213767,0.0
2046-01-02 15:30:00,3.0204814814213767,0.0
2046-01-02 16:00:00,3.0204814814213767,0.0
2046-01-02 16:30:00,3.0204814814213767,0.0
2046-01-02 17:00:00,3.0204814814213767,0.0
2046-01-02 17:30:00,3.0204814814213767,0.014213486013661115
2046-01-02 18:00:00,3.0127567607617722,0.0
2046-01-02 18:30:00,3.0127567607617722,0.0
2046-01-02 19:00:00,3.0127567607617722,0.0
2046-01-02 19:30:00,3.0127567607617722,0.0
2046-01-02 20:00:00,3.0127567607617722,0.0
2046-01-02 20:30:00,3.0127567607617722,0.0
2046-01-02 21:00:00,3.0127567607617722,0.0
2046-01-02 21:30:00,3.0127567607617722,0.0
2046-01-02 22:00:00,3.0127567607617722,0.0
2046-01-02 22:30:00,3.0127567607617722,0.0
2046-01-02 23:00:00,3.0127567607617722,0.0
2046-01-02 23:30:00,3.0127567607617722,0.0
2046-01-03 00:00:00,3.0127567607617722,0.0
2046-01-03 00:30:00,3.0127567607617722,0.0
2046-01-03 01:00:00,3.0127567607617722,0.014213486013661115
2046-01-03 01:30:00,3.0050320401021677,0.0
2046-01-03 02:00:00,3.0050320401021677,0.0
2046-01-03 02:30:00,3.0050320401021677,0.0
2046-01-03 03:00:00,3.0050320401021677,0.0
2046-01-03 03:30:00,3.0050320401021677,0.0
2046-01-03 04:00:00,3.0050320401021677,0.0
2046-01-03 04:30:00,3.0050320401021677,0.0
2046-01-03 05:00:00,3.0050320401021677,0.0
2046-01-03 05:30:00,3.0050320401021677,0.0
2046-01-03 06:00:00,3.0050320401021677,0.0
2046-01-03 06:30:00,3.0050320401021677,0.0
2046-01-03 07:00:00,3.0050320401021677,-0.0051587699709578
2046-01-03 07:30:00,3.0074050742888083,-0.014213486013661115
2046-01-03 08:00:00,3.0139432778550925,-0.014213486013661115
2046-01-03 08:30:00,3.0204814814213767,0.0
2046-01-03 09:00:00,3.0204814814213767,0.0
2046-01-03 09:30:00,3.0204814814213767,0.0
2046-01-03 10:00:00,3.0204814814213767,0.0
2046-01-03 10:30:00,3.0204814814213767,0.0
2046-01-03 11:00:00,3.0204814814213767,0.0
2046-01-03 11:30:00,3.0204814814213767,0.0
2046-01-03 12:00:00,3.0204814814213767,0.0
2046-01-03 12:30:00,3.0204814814213767,0.0
2046-01-03 13:00:00,3.0204814814213767,0.0
2046-01-03 13:30:00,3.0204814814213767,0.0
2046-01-03 14:00:00,3.0204814814213767,0.0
2046-01-03 14:30:00,3.0204814814213767,0.0
2046-01-03 15:00:00,3.0204814814213767,0.0
2046-01-03 15:30:00,3.0204814814213767,0.0
2046-01-03 16:00:00,3.0204814814213767,0.0
2046-01-03 16:30:00,3.0204814814213767,0.0
2046-01-03 17:00:00,3.0204814814213767,0.0
2046-01-03 17:30:00,3.0204814814213767,0.0
2046-01-03 18:00:00,3.0204814814213767,0.0
2046-01-03 18:30:00,3.0204814814213767,0.0
2046-01-03 19:00:00,3.0204814814213767,0.0
2046-01-03 19:30:00,3.0204814814213767,0.0
2046-01-03 20:00:00,3.0204814814213767,0.0
2046-01-03 20:30:00,3.0204814814213767,0.0
2046-01-03 21:00:00,3.0204814814213767,0.0
2046-01-03 21:30:00,3.0204814814213767,0.0
2046-01-03 22:00:00,3.0204814814213767,0.0
2046-01-03 22:30:00,3.0204814814213767,0.0
2046-01-03 23:00:00,3.0204814814213767,0.0
2046-01-03 23:30:00,3.0204814814213767,0.0
2046-01-04 00:00:00,3.0204814814213767,0.0
2046-01-04 00:30:00,3.0204814814213767,0.0
2046-01-04 01:00:00,3.0204814814213767,0.0
2046-01-04 01:30:00,3.0204814814213767,0.0
2046-01-04 02:00:00,3.0204814814213767,0.0
2046-01-04 02:30:00,3.0204814814213767,0.0
2046-01-04 03:00:00,3.0204814814213767,0.0
2046-01-04 03:30:00,3.0204814814213767,0.0
2046-01-04 04:00:00,3.0204814814213767,0.0
2046-01-04 04:30:00,3.0204814814213767,0.0
2046-01-04 05:00:00,3.0204814814213767,0.0
2046-01-04 05:30:00,3.0204814814213767,0.0
2046-01-04 06:00:00,3.0204814814213767,0.0
2046-01-04 06:30:00,3.0204814814213767,0.0
2046-01-04 07:00:00,3.0204814814213767,0.0
2046-01-04 07:30:00,3.0204814814213767,0.0
2046-01-04 08:00:00,3.0204814814213767,0.0
2046-01-04 08:30:00,3.0204814814213767,0.0
2046-01-04 09:00:00,3.0204814814213767,0.0
2046-01-04 09:30:00,3.0204814814213767,0.0
2046-01-04 10:00:00,3.0204814814213767,0.0
2046-01-04 10:30:00,3.0204814814213767,0.0
2046-01-04 11:00:00,3.0204814814213767,0.0
2046-01-04 11:30:00,3.0204814814213767,0.0
2046-01-04 12:00:00,3.0204814814213767,0.0
2046-01-04 12:30:00,3.0204814814213767,0.0
2046-01-04 13:00:00,3.0204814814213767,0.0
2046-01-04 13:30:00,3.0204814814213767,0.0
2046-01-04 14:00:00,3.0204814814213767,0.0
2046-01-04 14:30:00,3.0204814814213767,0.0
2046-01-04 15:00:00,3.0204814814213767,0.0
2046-01-04 15:30:00,3.0204814814213767,0.0
2046-01-04 16:00:00,3.0204814814213767,0.0
2046-01-04 16:30:00,3.0204814814213767,0.0
2046-01-04 17:00:00,3.0204814814213767,0.0
2046-01-04 17:30:00,3.0204814814213767,0.0
2046-01-04 18:00:00,3.0204814814213767,0.0
2046-01-04 18:30:00,3.0204814814213767,0.0
2046-01-04 19:00:00,3.0204814814213767,0.0
2046-01-04 19:30:00,3.0204814814213767,0.0
2046-01-04 20:00:00,3.0204814814213767,0.0
2046-01-04 20:30:00,3.0204814814213767,0.0
2046-01-04 21:00:00,3.0204814814213767,0.0
2046-01-04 21:30:00,3.0204814814213767,0.008019364804849882
2046-01-04 22:00:00,3.0161231309839547,0.0
2046-01-04 22:30:00,3.0161231309839547,-0.009474674863960987
2046-01-04 23:00:00,3.0204814814213767,0.012030294561953316
2046-01-04 23:30:00,3.0139432778550925,0.0
2046-01-05 00:00:00,3.0139432778550925,0.0
2046-01-05 00:30:00,3.0139432778550925,0.0
2046-01-05 01:00:00,3.0139432778550925,0.0
2046-01-05 01:30:00,3.0139432778550925,0.0
2046-01-05 02:00:00,3.0139432778550925,0.0
2046-01-05 02:30:00,3.0139432778550925,0.0
2046-01-05 03:00:00,3.0139432778550925,0.0
2046-01-05 03:30:00,3.0139432778550925,0.0
2046-01-05 04:00:00,3.0139432778550925,0.0
2046-01-05 04:30:00,3.0139432778550925,-0.014213486013661115
2046-01-05 05:00:00,3.0204814814213767,0.0
2046-01-05 05:30:00,3.0204814814213767,0.0
2046-01-05 06:00:00,3.0204814814213767,0.0
2046-01-05 06:30:00,3.0204814814213767,0.0
2046-01-05 07:00:00,3.0204814814213767,0.0
2046-01-05 07:30:00,3.0204814814213767,0.0
2046-01-05 08:00:00,3.0204814814213767,0.0
2046-01-05 08:30:00,3.0204814814213767,0.0
2046-01-05 09:00:00,3.0204814814213767,0.0
2046-01-05 09:30:00,3.0204814814213767,0.0
2046-01-05 10:00:00,3.0204814814213767,0.0
2046-01-05 10:30:00,3.0204814814213767,0.0
2046-01-05 11:00:00,3.0204814814213767,0.0
2046-01-05 11:30:00,3.0204814814213767,0.0
2046-01-05 12:00:00,3.0204814814213767,0.0
2046-01-05 12:30:00,3.0204814814213767,0.0
2046-01-05 13:00:00,3.0204814814213767,0.0
2046-01-05 13:30:00,3.0204814814213767,0.0
2046-01-05 14:00:00,3.0204814814213767,0.0
2046-01-05 14:30:00,3.0204814814213767,0.0
2046-01-05 15:00:00,3.0204814814213767,0.0
2046-01-05 15:30:00,3.0204814814213767,0.0
2046-01-05 16:00:00,3.0204814814213767,0.0
2046-01-05 16:30:00,3.0204814814213767,0.0
2046-01-05 17:00:00,3.0204814814213767,0.0
2046-01-05 17:30:00,3.0204814814213767,0.0
2046-01-05 18:00:00,3.0204814814213767,0.0
2046-01-05 18:30:00,3.0204814814213767,0.0
2046-01-05 19:00:00,3.0204814814213767,0.0
2046-01-05 19:30:00,3.0204814814213767,0.0
2046-01-05 20:00:00,3.0204814814213767,0.0
2046-01-05 20:30:00,3.0204814814213767,0.0
2046-01-05 21:00:00,3.0204814814213767,0.0
2046-01-05 21:30:00,3.0204814814213767,0.0
2046-01-05 22:00:00,3.0204814814213767,0.0
2046-01-05 22:30:00,3.0204814814213767,0.0
2046-01-05 23:00:00,3.0204814814213767,0.014213486013661115
2046-01-05 23:30:00,3.0127567607617722,0.0
2046-01-06 00:00:00,3.0127567607617722,0.0
2046-01-06 00:30:00,3.0127567607617722,0.0
2046-01-06 01:00:00,3.0127567607617722,0.0
2046-01-06 01:30:00,3.0127567607617722,0.0
2046-01-06 02:00:00,3.0127567607617722,0.0
2046-01-06 02:30:00,3.0127567607617722,0.0
2046-01-06 03:00:00,3.0127567607617722,0.0
2046-01-06 03:30:00,3.0127567607617722,0.0
2046-01-06 04:00:00,3.0127567607617722,0.0
2046-01-06 04:30:00,3.0127567607617722,0.0
2046-01-06 05:00:00,3.0127567607617722,0.0
2046-01-06 05:30:00,3.0127567607617722,0.0
2046-01-06 06:00:00,3.0127567607617722,0.0
2046-01-06 06:30:00,3.0127567607617722,0.0
2046-01-06 07:00:00,3.0127567607617722,-0.0025793849854789
2046-01-06 07:30:00,3.0139432778550925,-0.014213486013661115
2046-01-06 08:00:00,3.0204814814213767,0.0
2046-01-06 08:30:00,3.0204814814213767,0.0
2046-01-06 09:00:00,3.0204814814213767,0.0
2046-01-06 09:30:00,3.0204814814213767,0.0
2046-01-06 10:00:00,3.0204814814213767,0.0
2046-01-06 10:30:00,3.0204814814213767,0.0
2046-01-06 11:00:00,3.0204814814213767,0.0
2046-01-06 11:30:00,3.0204814814213767,0.0
2046-01-06 12:00:00,3.0204814814213767,0.0
2046-01-06 12:30:00,3.0204814814213767,0.0
2046-01-06 13:00:00,3.0204814814213767,0.0
2046-01-06 13:30:00,3.0204814814213767,0.0
2046-01-06 14:00:00,3.0204814814213767,0.0
2046-01-06 14:30:00,3.0204814814213767,0.0
2046-01-06 15:00:00,3.0204814814213767,0.0
2046-01-06 15:30:00,3.0204814814213767,0.0
2046-01-06 16:00:00,3.0204814814213767,0.0
2046-01-06 16:30:00,3.0204814814213767,0.0
2046-01-06 17:00:00,3.0204814814213767,0.0
2046-01-06 17:30:00,3.0204814814213767,0.0
2046-01-06 18:00:00,3.0204814814213767,0.0
2046-01-06 18:30:00,3.0204814814213767,0.0
2046-01-06 19:00:00,3.0204814814213767,0.0
2046-01-06 19:30:00,3.0204814814213767,0.0
2046-01-06 20:00:00,3.0204814814213767,0.0
2046-01-06 20:30:00,3.0204814814213767,0.0
2046-01-06 21:00:00,3.0204814814213767,0.0
2046-01-06 21:30:00,3.0204814814213767,0.0
2046-01-06 22:00:00,3.0204814814213767,0.0
2046-01-06 22:30:00,3.0204814814213767,0.0
2046-01-06 23:00:00,3.0204814814213767,0.0
2046-01-06 23:30:00,3.0204814814213767,0.0
2046-01-07 00:00:00,3.0204814814213767,0.0
2046-01-07 00:30:00,3.0204814814213767,0.0
2046-01-07 01:00:00,3.0204814814213767,0.0
2046-01-07 01:30:00,3.0204814814213767,0.0
2046-01-07 02:00:00,3.0204814814213767,0.0
2046-01-07 02:30:00,3.0204814814213767,0.0
2046-01-07 03:00:00,3.0204814814213767,0.0
2046-01-07 03:30:00,3.0204814814213767,0.0
2046-01-07 04:00:00,3.0204814814213767,0.0
2046-01-07 04:30:00,3.0204814814213767,0.0
2046-01-07 05:00:00,3.0204814814213767,0.0
2046-01-07 05:30:00,3.0204814814213767,0.0
2046-01-07 06:00:00,3.0204814814213767,0.0
2046-01-07 06:30:00,3.0204814814213767,0.0
2046-01-07 07:00:00,3.0204814814213767,0.0
2046-01-07 07:30:00,3.0204814814213767,0.0
2046-01-07 08:00:00,3.0204814814213767,0.0
2046-01-07 08:30:00,3.0204814814213767,0.0
2046-01-07 09:00:00,3.0204814814213767,0.0
2046-01-07 09:30:00,3.0204814814213767,0.0
2046-01-07 10:00:00,3.0204814814213767,0.0
2046-01-07 10:30:00,3.0204814814213767,0.0
2046-01-07 11:00:00,3.0204814814213767,0.0
2046-01-07 11:30:00,3.0204814814213767,0.0
2046-01-07 12:00:00,3.0204814814213767,0.0
2046-01-07 12:30:00,3.0204814814213767,0.0
2046-01-07 13:00:00,3.0204814814213767,0.0
2046-01-07 13:30:00,3.0204814814213767,0.0
2046-01-07 14:00:00,3.0204814814213767,0.0
2046-01-07 14:30:00,3.0204814814213767,0.0
2046-01-07 15:00:00,3.0204814814213767,0.0
2046-01-07 15:30:00,3.0204814814213767,0.0
2046-01-07 16:00:00,3.0204814814213767,0.0
2046-01-07 16:30:00,3.0204814814213767,0.0
2046-01-07 17:00:00,3.0204814814213767,0.0
2046-01-07 17:30:00,3.0204814814213767,0.0
2046-01-07 18:00:00,3.0204814814213767,0.0
2046-01-07 18:30:00,3.0204814814213767,0.0
2046-01-07 19:00:00,3.0204814814213767,0.0
2046-01-07 19:30:00,3.0204814814213767,0.0
2046-01-07 20:00:00,3.0204814814213767,0.0
2046-01-07 20:30:00,3.0204814814213767,0.0
2046-01-07 21:00:00,3.0204814814213767,0.0
2046-01-07 21:30:00,3.0204814814213767,0.0
2046-01-07 22:00:00,3.0204814814213767,0.0
2046-01-07 22:30:00,3.0204814814213767,0.0
2046-01-07 23:00:00,3.0204814814213767,0.0
2046-01-07 23:30:00,3.0204814814213767,0.0
2046-01-08 00:00:00,3.0204814814213767,0.0
2046-01-08 00:30:00,3.0204814814213767,0.0
2046-01-08 01:00:00,3.0204814814213767,0.0
2046-01-08 01:30:00,3.0204814814213767,0.0
2046-01-08 02:00:00,3.0204814814213767,0.0
2046-01-08 02:30:00,3.0204814814213767,0.0
2046-01-08 03:00:00,3.0204814814213767,0.0
2046-01-08 03:30:00,3.0204814814213767,0.0
2046-01-08 04:00:00,3.0204814814213767,0.0
2046-01-08 04:30:00,3.0204814814213767,0.0
2046-01-08 05:00:00,3.0204814814213767,0.0
2046-01-08 05:30:00,3.0204814814213767,0.0
2046-01-08 06:00:00,3.0204814814213767,0.0
2046-01-08 06:30:00,3.0204814814213767,0.0
2046-01-08 07:00:00,3.0204814814213767,0.0
2046-01-08 07:30:00,3.0204814814213767,0.0
2046-01-08 08:00:00,3.0204814814213767,0.0
2046-01-08 08:30:00,3.0204814814213767,0.0
2046-01-08 09:00:00,3.0204814814213767,0.0
2046-01-08 09:30:00,3.0204814814213767,0.0
2046-01-08 10:00:00,3.0204814814213767,0.0
2046-01-08 10:30:00,3.0204814814213767,0.0
2046-01-08 11:00:00,3.0204814814213767,0.0
2046-01-08 11:30:00,3.0204814814213767,0.0
2046-01-08 12:00:00,3.0204814814213767,0.0
2046-01-08 12:30:00,3.0204814814213767,0.0
2046-01-08 13:00:00,3.0204814814213767,0.0
2046-01-08 13:30:00,3.0204814814213767,0.0
2046-01-08 14:00:00,3.0204814814213767,0.0
2046-01-08 14:30:00,3.0204814814213767,0.0
2046-01-08 15:00:00,3.0204814814213767,0.0
2046-01-08 15:30:00,3.0204814814213767,0.0
2046-01-08 16:00:00,3.0204814814213767,0.0
2046-01-08 16:30:00,3.0204814814213767,0.0
2046-01-08 17:00:00,3.0204814814213767,0.0
2046-01-08 17:30:00,3.0204814814213767,0.0
2046-01-08 18:00:00,3.0204814814213767,0.0
2046-01-08 18:30:00,3.0204814814213767,0.0
2046-01-08 19:00:00,3.0204814814213767,0.0
2046-01-08 19:30:00,3.0204814814213767,0.0
2046-01-08 20:00:00,3.0204814814213767,0.0
2046-01-08 20:30:00,3.0204814814213767,0.0
2046-01-08 21:00:00,3.0204814814213767,0.0
2046-01-08 21:30:00,3.0204814814213767,0.0
2046-01-08 22:00:00,3.0204814814213767,0.0
2046-01-08 22:30:00,3.0204814814213767,0.0
2046-01-08 23:00:00,3.0204814814213767,0.0
2046-01-08 23:30:00,3.0204814814213767,0.0
2046-01-09 00:00:00,3.0204814814213767,0.0
2046-01-09 00:30:00,3.0204814814213767,0.0
2046-01-09 01:00:00,3.0204814814213767,0.0
2046-01-09 01:30:00,3.0204814814213767,0.0
2046-01-09 02:00:00,3.0204814814213767,0.0
2046-01-09 02:30:00,3.0204814814213767,0.0
2046-01-09 03:00:00,3.0204814814213767,0.0
2046-01-09 03:30:00,3.0204814814213767,0.0
2046-01-09 04:00:00,3.0204814814213767,0.0
2046-01-09 04:30:00,3.0204814814213767,0.0
2046-01-09 05:00:00,3.0204814814213767,0.0
2046-01-09 05:30:00,3.0204814814213767,0.0
2046-01-09 06:00:00,3.0204814814213767,0.0
2046-01-09 06:30:00,3.0204814814213767,0.014213486013661115
2046-01-09 07:00:00,3.0127567607617722,-0.014213486013661115
2046-01-09 07:30:00,3.0192949643280564,-0.0025793849854789
2046-01-09 08:00:00,3.0204814814213767,0.0
2046-01-09 08:30:00,3.0204814814213767,0.0
2046-01-09 09:00:00,3.0204814814213767,0.0
2046-01-09 09:30:00,3.0204814814213767,0.0
2046-01-09 10:00:00,3.0204814814213767,0.0
2046-01-09 10:30:00,3.0204814814213767,0.0
2046-01-09 11:00:00,3.0204814814213767,0.0
2046-01-09 11:30:00,3.0204814814213767,0.0
2046-01-09 12:00:00,3.0204814814213767,0.0
2046-01-09 12:30:00,3.0204814814213767,0.0
2046-01-09 13:00:00,3.0204814814213767,0.0
2046-01-09 13:30:00,3.0204814814213767,0.0
2046-01-09 14:00:00,3.0204814814213767,0.0
2046-01-09 14:30:00,3.0204814814213767,0.0
2046-01-09 15:00:00,3.0204814814213767,0.0
2046-01-09 15:30:00,3.0204814814213767,0.0
2046-01-09 16:00:00,3.0204814814213767,0.0
2046-01-09 16:30:00,3.0204814814213767,0.0
2046-01-09 17:00:00,3.0204814814213767,0.0
2046-01-09 17:30:00,3.0204814814213767,0.0
2046-01-09 18:00:00,3.0204814814213767,0.0
2046-01-09 18:30:00,3.0204814814213767,0.0
2046-01-09 19:00:00,3.0204814814213767,0.0
2046-01-09 19:30:00,3.0204814814213767,0.0
2046-01-09 20:00:00,3.0204814814213767,0.0
2046-01-09 20:30:00,3.0204814814213767,0.0
2046-01-09 21:00:00,3.0204814814213767,0.0
2046-01-09 21:30:00,3.0204814814213767,0.0
2046-01-09 22:00:00,3.0204814814213767,0.0
2046-01-09 22:30:00,3.0204814814213767,0.0
2046-01-09 23:00:00,3.0204814814213767,0.0
2046-01-09 23:30:00,3.0204814814213767,0.0
2046-01-10 00:00:00,3.0204814814213767,0.0
2046-01-10 00:30:00,3.0204814814213767,0.0
2046-01-10 01:00:00,3.0204814814213767,0.0
2046-01-10 01:30:00,3.0204814814213767,0.0
2046-01-10 02:00:00,3.0204814814213767,0.0
2046-01-10 02:30:00,3.0204814814213767,0.0
2046-01-10 03:00:00,3.0204814814213767,0.0
2046-01-10 03:30:00,3.0204814814213767,0.0
2046-01-10 04:00:00,3.0204814814213767,0.0
2046-01-10 04:30:00,3.0204814814213767,0.0
2046-01-10 05:00:00,3.0204814814213767,0.0
2046-01-10 05:30:00,3.0204814814213767,0.0
2046-01-10 06:00:00,3.0204814814213767,0.0
2046-01-10 06:30:00,3.0204814814213767,0.0
2046-01-10 07:00:00,3.0204814814213767,0.0
2046-01-10 07:30:00,3.0204814814213767,0.0
2046-01-10 08:00:00,3.0204814814213767,0.0
2046-01-10 08:30:00,3.0204814814213767,0.0
2046-01-10 09:00:00,3.0204814814213767,0.0
2046-01-10 09:30:00,3.0204814814213767,0.0
2046-01-10 10:00:00,3.0204814814213767,0.0
2046-01-10 10:30:00,3.0204814814213767,0.0
2046-01-10 11:00:00,3.0204814814213767,0.0
2046-01-10 11:30:00,3.0204814814213767,0.0
2046-01-10 12:00:00,3.0204814814213767,0.0
2046-01-10 12:30:00,3.0204814814213767,0.0
2046-01-10 13:00:00,3.0204814814213767,0.0
2046-01-10 13:30:00,3.0204814814213767,0.0
2046-01-10 14:00:00,3.0204814814213767,0.0
2046-01-10 14:30:00,3.0204814814213767,0.0
2046-01-10 15:00:00,3.0204814814213767,0.0
2046-01-10 15:30:00,3.0204814814213767,0.0
2046-01-10 16:00:00,3.0204814814213767,0.0
2046-01-10 16:30:00,3.0204814814213767,0.0
2046-01-10 17:00:00,3.0204814814213767,0.0
2046-01-10 17:30:00,3.0204814814213767,0.0
2046-01-10 18:00:00,3.0204814814213767,0.0
2046-01-10 18:30:00,3.0204814814213767,0.0
2046-01-10 19:00:00,3.0204814814213767,0.0
2046-01-10 19:30:00,3.0204814814213767,0.0
2046-01-10 20:00:00,3.0204814814213767,0.0
2046-01-10 20:30:00,3.0204814814213767,0.0
2046-01-10 21:00:00,3.0204814814213767,0.0
2046-01-10 21:30:00,3.0204814814213767,0.0
2046-01-10 22:00:00,3.0204814814213767,0.0
2046-01-10 22:30:00,3.0204814814213767,0.0
2046-01-10 23:00:00,3.0204814814213767,0.0
2046-01-10 23:30:00,3.0204814814213767,0.0
2046-01-11 00:00:00,3.0204814814213767,0.0
2046-01-11 00:30:00,3.0204814814213767,0.0
2046-01-11 01:00:00,3.0204814814213767,0.0
2046-01-11 01:30:00,3.0204814814213767,0.0
2046-01-11 02:00:00,3.0204814814213767,0.0
2046-01-11 02:30:00,3.0204814814213767,0.0
2046-01-11 03:00:00,3.0204814814213767,0.0
2046-01-11 03:30:00,3.0204814814213767,0.0
2046-01-11 04:00:00,3.0204814814213767,0.0
2046-01-11 04:30:00,3.0204814814213767,0.0
2046-01-11 05:00:00,3.0204814814213767,0.0
2046-01-11 05:30:00,3.0204814814213767,0.0
2046-01-11 06:00:00,3.0204814814213767,0.0
2046-01-11 06:30:00,3.0204814814213767,0.0
2046-01-11 07:00:00,3.0204814814213767,0.0
2046-01-11 07:30:00,3.0204814814213767,0.0
2046-01-11 08:00:00,3.0204814814213767,0.0
2046-01-11 08:30:00,3.0204814814213767,0.0
2046-01-11 09:00:00,3.0204814814213767,0.0
2046-01-11 09:30:00,3.0204814814213767,0.0
2046-01-11 10:00:00,3.0204814814213767,0.0
2046-01-11 10:30:00,3.0204814814213767,0.0
2046-01-11 11:00:00,3.0204814814213767,0.0
2046-01-11 11:30:00,3.0204814814213767,0.0
2046-01-11 12:00:00,3.0204814814213767,0.0
2046-01-11 12:30:00,3.0204814814213767,0.0
2046-01-11 13:00:00,3.0204814814213767,0.0
2046-01-11 13:30:00,3.0204814814213767,0.0
2046-01-11 14:00:00,3.0204814814213767,0.0
2046-01-11 14:30:00,3.0204814814213767,0.0
2046-01-11 15:00:00,3.0204814814213767,0.0
2046-01-11 15:30:00,3.0204814814213767,0.0
2046-01-11 16:00:00,3.0204814814213767,0.0
2046-01-11 16:30:00,3.0204814814213767,0.0
2046-01-11 17:00:00,3.0204814814213767,0.0
2046-01-11 17:30:00,3.0204814814213767,0.0
2046-01-11 18:00:00,3.0204814814213767,0.0
2046-01-11 18:30:00,3.0204814814213767,0.0
2046-01-11 19:00:00,3.0204814814213767,0.0
2046-01-11 19:30:00,3.0204814814213767,0.0
2046-01-11 20:00:00,3.0204814814213767,0.0
2046-01-11 20:30:00,3.0204814814213767,0.0
2046-01-11 21:00:00,3.0204814814213767,0.0
2046-01-11 21:30:00,3.0204814814213767,0.0
2046-01-11 22:00:00,3.0204814814213767,0.0
2046-01-11 22:30:00,3.0204814814213767,0.0
2046-01-11 23:00:00,3.0204814814213767,0.0
2046-01-11 23:30:00,3.0204814814213767,0.0
2046-01-12 00:00:00,3.0204814814213767,0.0
2046-01-12 00:30:00,3.0204814814213767,0.0
2046-01-12 01:00:00,3.0204814814213767,0.0
2046-01-12 01:30:00,3.0204814814213767,0.0
2046-01-12 02:00:00,3.0204814814213767,0.0
2046-01-12 02:30:00,3.0204814814213767,0.0
2046-01-12 03:00:00,3.0204814814213767,0.0
2046-01-12 03:30:00,3.0204814814213767,0.0
2046-01-12 04:00:00,3.0204814814213767,0.0
2046-01-12 04:30:00,3.0204814814213767,0.0
2046-01-12 05:00:00,3.0204814814213767,0.0
2046-01-12 05:30:00,3.0204814814213767,0.0
2046-01-12 06:00:00,3.0204814814213767,0.0
2046-01-12 06:30:00,3.0204814814213767,0.0
2046-01-12 07:00:00,3.0204814814213767,0.0
2046-01-12 07:30:00,3.0204814814213767,0.0
2046-01-12 08:00:00,3.0204814814213767,0.0
2046-01-12 08:30:00,3.0204814814213767,0.0
2046-01-12 09:00:00,3.0204814814213767,0.0
2046-01-12 09:30:00,3.0204814814213767,0.0
2046-01-12 10:00:00,3.0204814814213767,0.0
2046-01-12 10:30:00,3.0204814814213767,0.0
2046-01-12 11:00:00,3.0204814814213767,0.0
2046-01-12 11:30:00,3.0204814814213767,0.0
2046-01-12 12:00:00,3.0204814814213767,0.0
2046-01-12 12:30:00,3.0204814814213767,0.0
2046-01-12 13:00:00,3.0204814814213767,0.0
2046-01-12 13:30:00,3.0204814814213767,0.0
2046-01-12 14:00:00,3.0204814814213767,0.0
2046-01-12 14:30:00,3.0204814814213767,0.0
2046-01-12 15:00:00,3.0204814814213767,0.0
2046-01-12 15:30:00,3.0204814814213767,0.0
2046-01-12 16:00:00,3.0204814814213767,0.0
2046-01-12 16:30:00,3.0204814814213767,0.0
2046-01-12 17:00:00,3.0204814814213767,0.0
2046-01-12 17:30:00,3.0204814814213767,0.0
2046-01-12 18:00:00,3.0204814814213767,0.0
2046-01-12 18:30:00,3.0204814814213767,0.0
2046-01-12 19:00:00,3.0204814814213767,0.012030294561953316
2046-01-12 19:30:00,3.0139432778550925,-0.014213486013661115
2046-01-12 20:00:00,3.0204814814213767,0.0
2046-01-12 20:30:00,3.0204814814213767,0.0
2046-01-12 21:00:00,3.0204814814213767,0.012030294561953316
2046-01-12 21:30:00,3.0139432778550925,-0.014213486013661115
2046-01-12 22:00:00,3.0204814814213767,0.0
2046-01-12 22:30:00,3.0204814814213767,0.0
2046-01-12 23:00:00,3.0204814814213767,0.0
2046-01-12 23:30:00,3.0204814814213767,0.0
2046-01-13 00:00:00,3.0204814814213767,0.0
2046-01-13 00:30:00,3.0204814814213767,0.0
2046-01-13 01:00:00,3.0204814814213767,0.0
2046-01-13 01:30:00,3.0204814814213767,0.009847103110245722
2046-01-13 02:00:00,3.015129794948413,0.0
2046-01-13 02:30:00,3.015129794948413,0.0
2046-01-13 03:00:00,3.015129794948413,0.0
2046-01-13 03:30:00,3.015129794948413,0.0
2046-01-13 04:00:00,3.015129794948413,0.0
2046-01-13 04:30:00,3.015129794948413,0.014213486013661115
2046-01-13 05:00:00,3.0074050742888083,0.0
2046-01-13 05:30:00,3.0074050742888083,0.0
2046-01-13 06:00:00,3.0074050742888083,0.0
2046-01-13 06:30:00,3.0074050742888083,0.0
2046-01-13 07:00:00,3.0074050742888083,-0.014213486013661115
2046-01-13 07:30:00,3.0139432778550925,-0.014213486013661115
2046-01-13 08:00:00,3.0204814814213767,0.0
2046-01-13 08:30:00,3.0204814814213767,0.0
2046-01-13 09:00:00,3.0204814814213767,0.0
2046-01-13 09:30:00,3.0204814814213767,0.0
2046-01-13 10:00:00,3.0204814814213767,0.0
2046-01-13 10:30:00,3.0204814814213767,0.0
2046-01-13 11:00:00,3.0204814814213767,0.0
2046-01-13 11:30:00,3.0204814814213767,0.0
2046-01-13 12:00:00,3.0204814814213767,0.0
2046-01-13 12:30:00,3.0204814814213767,0.0
2046-01-13 13:00:00,3.0204814814213767,0.0
2046-01-13 13:30:00,3.0204814814213767,0.0
2046-01-13 14:00:00,3.0204814814213767,0.0
2046-01-13 14:30:00,3.0204814814213767,0.0
2046-01-13 15:00:00,3.0204814814213767,0.0
2046-01-13 15:30:00,3.0204814814213767,0.0
2046-01-13 16:00:00,3.0204814814213767,0.0
2046-01-13 16:30:00,3.0204814814213767,0.0
2046-01-13 17:00:00,3.0204814814213767,0.0
2046-01-13 17:30:00,3.0204814814213767,0.0
2046-01-13 18:00:00,3.0204814814213767,0.0
2046-01-13 18:30:00,3.0204814814213767,0.0
2046-01-13 19:00:00,3.0204814814213767,0.0
2046-01-13 19:30:00,3.0204814814213767,0.0
2046-01-13 20:00:00,3.0204814814213767,0.0
2046-01-13 20:30:00,3.0204814814213767,0.0
2046-01-13 21:00:00,3.0204814814213767,0.0
2046-01-13 21:30:00,3.0204814814213767,0.0
2046-01-13 22:00:00,3.0204814814213767,0.0
2046-01-13 22:30:00,3.0204814814213767,0.0
2046-01-13 23:00:00,3.0204814814213767,0.0
2046-01-13 23:30:00,3.0204814814213767,0.0
2046-01-14 00:00:00,3.0204814814213767,0.0
2046-01-14 00:30:00,3.0204814814213767,0.014213486013661115
2046-01-14 01:00:00,3.0127567607617722,0.0
2046-01-14 01:30:00,3.0127567607617722,0.0
2046-01-14 02:00:00,3.0127567607617722,0.009847103110245722
2046-01-14 02:30:00,3.0074050742888083,0.0
2046-01-14 03:00:00,3.0074050742888083,0.0
2046-01-14 03:30:00,3.0074050742888083,0.0
2046-01-14 04:00:00,3.0074050742888083,0.0
2046-01-14 04:30:00,3.0074050742888083,0.0
2046-01-14 05:00:00,3.0074050742888083,0.0
2046-01-14 05:30:00,3.0074050742888083,0.0
2046-01-14 06:00:00,3.0074050742888083,0.0
2046-01-14 06:30:00,3.0074050742888083,0.0
2046-01-14 07:00:00,3.0074050742888083,-0.014213486013661115
2046-01-14 07:30:00,3.0139432778550925,-0.014213486013661115
2046-01-14 08:00:00,3.0204814814213767,0.0
2046-01-14 08:30:00,3.0204814814213767,0.0
2046-01-14 09:00:00,3.0204814814213767,0.0
2046-01-14 09:30:00,3.0204814814213767,0.0
2046-01-14 10:00:00,3.0204814814213767,0.0
2046-01-14 10:30:00,3.0204814814213767,0.0
2046-01-14 11:00:00,3.0204814814213767,0.0
2046-01-14 11:30:00,3.0204814814213767,0.0
2046-01-14 12:00:00,3.0204814814213767,0.0
2046-01-14 12:30:00,3.0204814814213767,0.0
2046-01-14 13:00:00,3.0204814814213767,0.0
2046-01-14 13:30:00,3.0204814814213767,0.0
2046-01-14 14:00:00,3.0204814814213767,0.0
2046-01-14 14:30:00,3.0204814814213767,0.0
2046-01-14 15:00:00,3.0204814814213767,0.0
2046-01-14 15:30:00,3.0204814814213767,0.0
2046-01-14 16:00:00,3.0204814814213767,0.0
2046-01-14 16:30:00,3.0204814814213767,0.0
2046-01-14 17:00:00,3.0204814814213767,0.0
2046-01-14 17:30:00,3.0204814814213767,0.0
2046-01-14 18:00:00,3.0204814814213767,0.0
2046-01-14 18:30:00,3.0204814814213767,0.0
2046-01-14 19:00:00,3.0204814814213767,0.0
2046-01-14 19:30:00,3.0204814814213767,0.0
2046-01-14 20:00:00,3.0204814814213767,0.0
2046-01-14 20:30:00,3.0204814814213767,0.0
2046-01-14 21:00:00,3.0204814814213767,0.0
2046-01-14 21:30:00,3.0204814814213767,0.0
2046-01-14 22:00:00,3.0204814814213767,0.0
2046-01-14 22:30:00,3.0204814814213767,0.0
2046-01-14 23:00:00,3.0204814814213767,0.0
2046-01-14 23:30:00,3.0204814814213767,0.0
2046-01-15 00:00:00,3.0204814814213767,0.0
2046-01-15 00:30:00,3.0204814814213767,0.0
2046-01-15 01:00:00,3.0204814814213767,0.0
2046-01-15 01:30:00,3.0204814814213767,0.0
2046-01-15 02:00:00,3.0204814814213767,0.0
2046-01-15 02:30:00,3.0204814814213767,0.0
2046-01-15 03:00:00,3.0204814814213767,0.0
2046-01-15 03:30:00,3.0204814814213767,0.0
2046-01-15 04:00:00,3.0204814814213767,0.0
2046-01-15 04:30:00,3.0204814814213767,0.0
2046-01-15 05:00:00,3.0204814814213767,0.0
2046-01-15 05:30:00,3.0204814814213767,0.0
2046-01-15 06:00:00,3.0204814814213767,0.0
2046-01-15 06:30:00,3.0204814814213767,0.0
2046-01-15 07:00:00,3.0204814814213767,0.0
2046-01-15 07:30:00,3.0204814814213767,0.0
2046-01-15 08:00:00,3.0204814814213767,0.0
2046-01-15 08:30:00,3.0204814814213767,0.0
2046-01-15 09:00:00,3.0204814814213767,0.0
2046-01-15 09:30:00,3.0204814814213767,0.0
2046-01-15 10:00:00,3.0204814814213767,0.0
2046-01-15 10:30:00,3.0204814814213767,0.0
2046-01-15 11:00:00,3.0204814814213767,0.0
2046-01-15 11:30:00,3.0204814814213767,0.0
2046-01-15 12:00:00,3.0204814814213767,0.0
2046-01-15 12:30:00,3.0204814814213767,0.0
2046-01-15 13:00:00,3.0204814814213767,0.0
2046-01-15 13:30:00,3.0204814814213767,0.0
2046-01-15 14:00:00,3.0204814814213767,0.0
2046-01-15 14:30:00,3.0204814814213767,0.0
2046-01-15 15:00:00,3.0204814814213767,0.0
2046-01-15 15:30:00,3.0204814814213767,0.0
2046-01-15 16:00:00,3.0204814814213767,0.0
2046-01-15 16:30:00,3.0204814814213767,0.0
2046-01-15 17:00:00,3.0204814814213767,0.0
2046-01-15 17:30:00,3.0204814814213767,0.0
2046-01-15 18:00:00,3.0204814814213767,0.0
2046-01-15 18:30:00,3.0204814814213767,0.0
2046-01-15 19:00:00,3.0204814814213767,0.0
2046-01-15 19:30:00,3.0204814814213767,0.006944810192367208
2046-01-15 20:00:00,3.0167071280559568,0.014213486013661115
2046-01-15 20:30:00,3.0089824073963523,0.0
2046-01-15 21:00:00,3.0089824073963523,0.0
2046-01-15 21:30:00,3.0089824073963523,0.0
2046-01-15 22:00:00,3.0089824073963523,0.0
2046-01-15 22:30:00,3.0089824073963523,0.0
2046-01-15 23:00:00,3.0089824073963523,0.0
2046-01-15 23:30:00,3.0089824073963523,0.0
2046-01-16 00:00:00,3.0089824073963523,0.0
2046-01-16 00:30:00,3.0089824073963523,0.0
2046-01-16 01:00:00,3.0089824073963523,0.0
2046-01-16 01:30:00,3.0089824073963523,0.0
2046-01-16 02:00:00,3.0089824073963523,0.0
2046-01-16 02:30:00,3.0089824073963523,0.0
2046-01-16 03:00:00,3.0089824073963523,-0.010784500997261859
2046-01-16 03:30:00,3.0139432778550925,-0.014213486013661115
2046-01-16 04:00:00,3.0204814814213767,0.0
2046-01-16 04:30:00,3.0204814814213767,0.0
2046-01-16 05:00:00,3.0204814814213767,0.0
2046-01-16 05:30:00,3.0204814814213767,0.0
2046-01-16 06:00:00,3.0204814814213767,0.0
2046-01-16 06:30:00,3.0204814814213767,0.0
2046-01-16 07:00:00,3.0204814814213767,0.0
2046-01-16 07:30:00,3.0204814814213767,0.0
2046-01-16 08:00:00,3.0204814814213767,0.0
2046-01-16 08:30:00,3.0204814814213767,0.0
2046-01-16 09:00:00,3.0204814814213767,0.0
2046-01-16 09:30:00,3.0204814814213767,0.0
2046-01-16 10:00:00,3.0204814814213767,0.0
2046-01-16 10:30:00,3.0204814814213767,0.0
2046-01-16 11:00:00,3.0204814814213767,0.0
2046-01-16 11:30:00,3.0204814814213767,0.0
2046-01-16 12:00:00,3.0204814814213767,0.0
2046-01-16 12:30:00,3.0204814814213767,0.0
2046-01-16 13:00:00,3.0204814814213767,0.0
2046-01-16 13:30:00,3.0204814814213767,0.0
2046-01-16 14:00:00,3.0204814814213767,0.0
2046-01-16 14:30:00,3.0204814814213767,0.0
2046-01-16 15:00:00,3.0204814814213767,0.0
2046-01-16 15:30:00,3.0204814814213767,0.0
2046-01-16 16:00:00,3.0204814814213767,0.0
2046-01-16 16:30:00,3.0204814814213767,0.0
2046-01-16 17:00:00,3.0204814814213767,0.0
2046-01-16 17:30:00,3.0204814814213767,0.0
2046-01-16 18:00:00,3.0204814814213767,0.0
2046-01-16 18:30:00,3.0204814814213767,0.0
2046-01-16 19:00:00,3.0204814814213767,0.0
2046-01-16 19:30:00,3.0204814814213767,0.0
2046-01-16 20:00:00,3.0204814814213767,0.0
2046-01-16 20:30:00,3.0204814814213767,0.0
2046-01-16 21:00:00,3.0204814814213767,0.0
2046-01-16 21:30:00,3.0204814814213767,0.0
2046-01-16 22:00:00,3.0204814814213767,0.0
2046-01-16 22:30:00,3.0204814814213767,0.0
2046-01-16 23:00:00,3.0204814814213767,0.0
2046-01-16 23:30:00,3.0204814814213767,0.0
2046-01-17 00:00:00,3.0204814814213767,0.0
2046-01-17 00:30:00,3.0204814814213767,0.0
2046-01-17 01:00:00,3.0204814814213767,0.014213486013661115
2046-01-17 01:30:00,3.0127567607617722,0.0
2046-01-17 02:00:00,3.0127567607617722,0.0
2046-01-17 02:30:00,3.0127567607617722,0.0
2046-01-17 03:00:00,3.0127567607617722,0.0011143373034153438
2046-01-17 03:30:00,3.0121511426620895,0.014213486013661115
2046-01-17 04:00:00,3.004426422002485,0.014213486013661115
2046-01-17 04:30:00,2.9967017013428805,0.0
2046-01-17 05:00:00,2.9967017013428805,0.014213486013661115
2046-01-17 05:30:00,2.988976980683276,0.014213486013661115
2046-01-17 06:00:00,2.9812522600236715,0.0
2046-01-17 06:30:00,2.9812522600236715,0.0
2046-01-17 07:00:00,2.9812522600236715,0.0
2046-01-17 07:30:00,2.9812522600236715,0.0
2046-01-17 08:00:00,2.9812522600236715,0.0
2046-01-17 08:30:00,2.9812522600236715,0.0
2046-01-17 09:00:00,2.9812522600236715,0.0
2046-01-17 09:30:00,2.9812522600236715,-0.014213486013661115
2046-01-17 10:00:00,2.9877904635899557,0.0
2046-01-17 10:30:00,2.9877904635899557,-0.014213486013661115
2046-01-17 11:00:00,2.99432866715624,-0.014213486013661115
2046-01-17 11:30:00,3.000866870722524,-0.014213486013661115
2046-01-17 12:00:00,3.0074050742888083,-0.014213486013661115
2046-01-17 12:30:00,3.0139432778550925,-0.014213486013661115
2046-01-17 13:00:00,3.0204814814213767,0.0
2046-01-17 13:30:00,3.0204814814213767,0.0
2046-01-17 14:00:00,3.0204814814213767,0.0
2046-01-17 14:30:00,3.0204814814213767,0.0
2046-01-17 15:00:00,3.0204814814213767,0.0
2046-01-17 15:30:00,3.0204814814213767,0.0
2046-01-17 16:00:00,3.0204814814213767,0.0
2046-01-17 16:30:00,3.0204814814213767,0.0
2046-01-17 17:00:00,3.0204814814213767,0.0
2046-01-17 17:30:00,3.0204814814213767,0.0
2046-01-17 18:00:00,3.0204814814213767,0.0
2046-01-17 18:30:00,3.0204814814213767,0.0
2046-01-17 19:00:00,3.0204814814213767,0.0
2046-01-17 19:30:00,3.0204814814213767,0.0
2046-01-17 20:00:00,3.0204814814213767,0.0
2046-01-17 20:30:00,3.0204814814213767,0.012030294561953316
2046-01-17 21:00:00,3.0139432778550925,-0.014213486013661115
2046-01-17 21:30:00,3.0204814814213767,0.0
2046-01-17 22:00:00,3.0204814814213767,0.0
2046-01-17 22:30:00,3.0204814814213767,0.0
2046-01-17 23:00:00,3.0204814814213767,0.0
2046-01-17 23:30:00,3.0204814814213767,0.0
2046-01-18 00:00:00,3.0204814814213767,0.0
2046-01-18 00:30:00,3.0204814814213767,0.0
2046-01-18 01:00:00,3.0204814814213767,0.0
2046-01-18 01:30:00,3.0204814814213767,0.0
2046-01-18 02:00:00,3.0204814814213767,0.0
2046-01-18 02:30:00,3.0204814814213767,0.0
2046-01-18 03:00:00,3.0204814814213767,0.0
2046-01-18 03:30:00,3.0204814814213767,0.0
2046-01-18 04:00:00,3.0204814814213767,0.0
2046-01-18 04:30:00,3.0204814814213767,0.0
2046-01-18 05:00:00,3.0204814814213767,0.0
2046-01-18 05:30:00,3.0204814814213767,0.0
2046-01-18 06:00:00,3.0204814814213767,0.0
2046-01-18 06:30:00,3.0204814814213767,0.0
2046-01-18 07:00:00,3.0204814814213767,0.0
2046-01-18 07:30:00,3.0204814814213767,0.0
2046-01-18 08:00:00,3.0204814814213767,0.0
2046-01-18 08:30:00,3.0204814814213767,0.0
2046-01-18 09:00:00,3.0204814814213767,0.0
2046-01-18 09:30:00,3.0204814814213767,0.0
2046-01-18 10:00:00,3.0204814814213767,0.0
2046-01-18 10:30:00,3.0204814814213767,0.0
2046-01-18 11:00:00,3.0204814814213767,0.0
2046-01-18 11:30:00,3.0204814814213767,0.0
2046-01-18 12:00:00,3.0204814814213767,0.0
2046-01-18 12:30:00,3.0204814814213767,0.0
2046-01-18 13:00:00,3.0204814814213767,0.0
2046-01-18 13:30:00,3.0204814814213767,0.0
2046-01-18 14:00:00,3.0204814814213767,0.0
2046-01-18 14:30:00,3.0204814814213767,0.0
2046-01-18 15:00:00,3.0204814814213767,0.0
2046-01-18 15:30:00,3.0204814814213767,0.0
2046-01-18 16:00:00,3.0204814814213767,0.0
2046-01-18 16:30:00,3.0204814814213767,0.0
2046-01-18 17:00:00,3.0204814814213767,0.0
2046-01-18 17:30:00,3.0204814814213767,0.0
2046-01-18 18:00:00,3.0204814814213767,0.0
2046-01-18 18:30:00,3.0204814814213767,0.0
2046-01-18 19:00:00,3.0204814814213767,0.0
2046-01-18 19:30:00,3.0204814814213767,0.0
2046-01-18 20:00:00,3.0204814814213767,0.0
2046-01-18 20:30:00,3.0204814814213767,0.0
2046-01-18 21:00:00,3.0204814814213767,0.0
2046-01-18 21:30:00,3.0204814814213767,0.0
2046-01-18 22:00:00,3.0204814814213767,0.0
2046-01-18 22:30:00,3.0204814814213767,0.0
2046-01-18 23:00:00,3.0204814814213767,0.0
2046-01-18 23:30:00,3.0204814814213767,0.0
2046-01-19 00:00:00,3.0204814814213767,0.0
2046-01-19 00:30:00,3.0204814814213767,0.0
2046-01-19 01:00:00,3.0204814814213767,0.0
2046-01-19 01:30:00,3.0204814814213767,0.0
2046-01-19 02:00:00,3.0204814814213767,0.0
2046-01-19 02:30:00,3.0204814814213767,0.0
2046-01-19 03:00:00,3.0204814814213767,0.0
2046-01-19 03:30:00,3.0204814814213767,0.0
2046-01-19 04:00:00,3.0204814814213767,0.0
2046-01-19 04:30:00,3.0204814814213767,0.0
2046-01-19 05:00:00,3.0204814814213767,0.0
2046-01-19 05:30:00,3.0204814814213767,0.0
2046-01-19 06:00:00,3.0204814814213767,0.0
2046-01-19 06:30:00,3.0204814814213767,0.0
2046-01-19 07:00:00,3.0204814814213767,0.0
2046-01-19 07:30:00,3.0204814814213767,0.0
2046-01-19 08:00:00,3.0204814814213767,0.0
2046-01-19 08:30:00,3.0204814814213767,0.0
2046-01-19 09:00:00,3.0204814814213767,0.0
2046-01-19 09:30:00,3.0204814814213767,0.0
2046-01-19 10:00:00,3.0204814814213767,0.0
2046-01-19 10:30:00,3.0204814814213767,0.0
2046-01-19 11:00:00,3.0204814814213767,0.0
2046-01-19 11:30:00,3.0204814814213767,0.0
2046-01-19 12:00:00,3.0204814814213767,0.0
2046-01-19 12:30:00,3.0204814814213767,0.0
2046-01-19 13:00:00,3.0204814814213767,0.0
2046-01-19 13:30:00,3.0204814814213767,0.0
2046-01-19 14:00:00,3.0204814814213767,0.0
2046-01-19 14:30:00,3.0204814814213767,0.0
2046-01-19 15:00:00,3.0204814814213767,0.0
2046-01-19 15:30:00,3.0204814814213767,0.0
2046-01-19 16:00:00,3.0204814814213767,0.0
2046-01-19 16:30:00,3.0204814814213767,0.0
2046-01-19 17:00:00,3.0204814814213767,0.0
2046-01-19 17:30:00,3.0204814814213767,0.0
2046-01-19 18:00:00,3.0204814814213767,0.0
2046-01-19 18:30:00,3.0204814814213767,0.0
2046-01-19 19:00:00,3.0204814814213767,0.0
2046-01-19 19:30:00,3.0204814814213767,0.0
2046-01-19 20:00:00,3.0204814814213767,0.0
2046-01-19 20:30:00,3.0204814814213767,0.0
2046-01-19 21:00:00,3.0204814814213767,0.0
2046-01-19 21:30:00,3.0204814814213767,0.0
2046-01-19 22:00:00,3.0204814814213767,0.0
2046-01-19 22:30:00,3.0204814814213767,0.0
2046-01-19 23:00:00,3.0204814814213767,0.0
2046-01-19 23:30:00,3.0204814814213767,0.0
2046-01-20 00:00:00,3.0204814814213767,0.0
2046-01-20 00:30:00,3.0204814814213767,0.014213486013661115
2046-01-20 01:00:00,3.0127567607617722,0.0
2046-01-20 01:30:00,3.0127567607617722,0.0
2046-01-20 02:00:00,3.0127567607617722,0.0
2046-01-20 02:30:00,3.0127567607617722,0.0
2046-01-20 03:00:00,3.0127567607617722,0.0
2046-01-20 03:30:00,3.0127567607617722,0.0
2046-01-20 04:00:00,3.0127567607617722,0.0
2046-01-20 04:30:00,3.0127567607617722,0.0
2046-01-20 05:00:00,3.0127567607617722,0.0
2046-01-20 05:30:00,3.0127567607617722,0.0
2046-01-20 06:00:00,3.0127567607617722,0.0
2046-01-20 06:30:00,3.0127567607617722,0.0
2046-01-20 07:00:00,3.0127567607617722,0.0
2046-01-20 07:30:00,3.0127567607617722,-0.0025793849854789
2046-01-20 08:00:00,3.0139432778550925,-0.014213486013661115
2046-01-20 08:30:00,3.0204814814213767,0.0
2046-01-20 09:00:00,3.0204814814213767,0.0
2046-01-20 09:30:00,3.0204814814213767,0.0
2046-01-20 10:00:00,3.0204814814213767,0.0
2046-01-20 10:30:00,3.0204814814213767,0.0
2046-01-20 11:00:00,3.0204814814213767,0.0
2046-01-20 11:30:00,3.0204814814213767,0.0
2046-01-20 12:00:00,3.0204814814213767,0.0
2046-01-20 12:30:00,3.0204814814213767,0.0
2046-01-20 13:00:00,3.0204814814213767,0.0
2046-01-20 13:30:00,3.0204814814213767,0.0
2046-01-20 14:00:00,3.0204814814213767,0.0
2046-01-20 14:30:00,3.0204814814213767,0.0
2046-01-20 15:00:00,3.0204814814213767,0.0
2046-01-20 15:30:00,3.0204814814213767,0.0
2046-01-20 16:00:00,3.0204814814213767,0.0
2046-01-20 16:30:00,3.0204814814213767,0.0
2046-01-20 17:00:00,3.0204814814213767,0.0
2046-01-20 17:30:00,3.0204814814213767,0.0
2046-01-20 18:00:00,3.0204814814213767,0.0
2046-01-20 18:30:00,3.0204814814213767,0.0
2046-01-20 19:00:00,3.0204814814213767,0.0
2046-01-20 19:30:00,3.0204814814213767,0.0
2046-01-20 20:00:00,3.0204814814213767,0.0
2046-01-20 20:30:00,3.0204814814213767,0.012030294561953316
2046-01-20 21:00:00,3.0139432778550925,-0.014213486013661115
2046-01-20 21:30:00,3.0204814814213767,0.0
2046-01-20 22:00:00,3.0204814814213767,0.0
2046-01-20 22:30:00,3.0204814814213767,0.0
2046-01-20 23:00:00,3.0204814814213767,0.0
2046-01-20 23:30:00,3.0204814814213767,0.0
2046-01-21 00:00:00,3.0204814814213767,0.0
2046-01-21 00:30:00,3.0204814814213767,0.0
2046-01-21 01:00:00,3.0204814814213767,0.0
2046-01-21 01:30:00,3.0204814814213767,0.0
2046-01-21 02:00:00,3.0204814814213767,0.0
2046-01-21 02:30:00,3.0204814814213767,0.0
2046-01-21 03:00:00,3.0204814814213767,0.0
2046-01-21 03:30:00,3.0204814814213767,0.0
2046-01-21 04:00:00,3.0204814814213767,0.0
2046-01-21 04:30:00,3.0204814814213767,0.0
2046-01-21 05:00:00,3.0204814814213767,0.0
2046-01-21 05:30:00,3.0204814814213767,0.0
2046-01-21 06:00:00,3.0204814814213767,0.0
2046-01-21 06:30:00,3.0204814814213767,0.0
2046-01-21 07:00:00,3.0204814814213767,0.0
2046-01-21 07:30:00,3.0204814814213767,0.0
2046-01-21 08:00:00,3.0204814814213767,0.0
2046-01-21 08:30:00,3.0204814814213767,0.0
2046-01-21 09:00:00,3.0204814814213767,0.0
2046-01-21 09:30:00,3.0204814814213767,0.0
2046-01-21 10:00:00,3.0204814814213767,0.0
2046-01-21 10:30:00,3.0204814814213767,0.0
2046-01-21 11:00:00,3.0204814814213767,0.0
2046-01-21 11:30:00,3.0204814814213767,0.0
2046-01-21 12:00:00,3.0204814814213767,0.0
2046-01-21 12:30:00,3.0204814814213767,0.0
2046-01-21 13:00:00,3.0204814814213767,0.0
2046-01-21 13:30:00,3.0204814814213767,0.0
2046-01-21 14:00:00,3.0204814814213767,0.0
2046-01-21 14:30:00,3.0204814814213767,0.0
2046-01-21 15:00:00,3.0204814814213767,0.0
2046-01-21 15:30:00,3.0204814814213767,0.0
2046-01-21 16:00:00,3.0204814814213767,0.0
2046-01-21 16:30:00,3.0204814814213767,0.0
2046-01-21 17:00:00,3.0204814814213767,0.0
2046-01-21 17:30:00,3.0204814814213767,0.0
2046-01-21 18:00:00,3.0204814814213767,0.0
2046-01-21 18:30:00,3.0204814814213767,0.0
2046-01-21 19:00:00,3.0204814814213767,0.0
2046-01-21 19:30:00,3.0204814814213767,0.0
2046-01-21 20:00:00,3.0204814814213767,0.0
2046-01-21 20:30:00,3.0204814814213767,0.0
2046-01-21 21:00:00,3.0204814814213767,0.0
2046-01-21 21:30:00,3.0204814814213767,0.0
2046-01-21 22:00:00,3.0204814814213767,0.0
2046-01-21 22:30:00,3.0204814814213767,0.0
2046-01-21 23:00:00,3.0204814814213767,0.0
2046-01-21 23:30:00,3.0204814814213767,0.0
2046-01-22 00:00:00,3.0204814814213767,0.0
2046-01-22 00:30:00,3.0204814814213767,0.0
2046-01-22 01:00:00,3.0204814814213767,0.0
2046-01-22 01:30:00,3.0204814814213767,0.0
2046-01-22 02:00:00,3.0204814814213767,0.0
2046-01-22 02:30:00,3.0204814814213767,0.0
2046-01-22 03:00:00,3.0204814814213767,0.0
2046-01-22 03:30:00,3.0204814814213767,0.0
2046-01-22 04:00:00,3.0204814814213767,0.0
2046-01-22 04:30:00,3.0204814814213767,0.0
2046-01-22 05:00:00,3.0204814814213767,0.0
2046-01-22 05:30:00,3.0204814814213767,0.0
2046-01-22 06:00:00,3.0204814814213767,0.0
2046-01-22 06:30:00,3.0204814814213767,0.0
2046-01-22 07:00:00,3.0204814814213767,0.0
2046-01-22 07:30:00,3.0204814814213767,0.0
2046-01-22 08:00:00,3.0204814814213767,0.0
2046-01-22 08:30:00,3.0204814814213767,0.0
2046-01-22 09:00:00,3.0204814814213767,0.0
2046-01-22 09:30:00,3.0204814814213767,0.0
2046-01-22 10:00:00,3.0204814814213767,0.0
2046-01-22 10:30:00,3.0204814814213767,0.0
2046-01-22 11:00:00,3.0204814814213767,0.0
2046-01-22 11:30:00,3.0204814814213767,0.0
2046-01-22 12:00:00,3.0204814814213767,0.0
2046-01-22 12:30:00,3.0204814814213767,0.0
2046-01-22 13:00:00,3.0204814814213767,0.0
2046-01-22 13:30:00,3.0204814814213767,0.0
2046-01-22 14:00:00,3.0204814814213767,0.0
2046-01-22 14:30:00,3.0204814814213767,0.0
2046-01-22 15:00:00,3.0204814814213767,0.0
2046-01-22 15:30:00,3.0204814814213767,0.0
2046-01-22 16:00:00,3.0204814814213767,0.0
2046-01-22 16:30:00,3.0204814814213767,0.0
2046-01-22 17:00:00,3.0204814814213767,0.0
2046-01-22 17:30:00,3.0204814814213767,0.0
2046-01-22 18:00:00,3.0204814814213767,0.0
2046-01-22 18:30:00,3.0204814814213767,0.0
2046-01-22 19:00:00,3.0204814814213767,0.0
2046-01-22 19:30:00,3.0204814814213767,0.014213486013661115
2046-01-22 20:00:00,3.0127567607617722,0.0
2046-01-22 20:30:00,3.0127567607617722,0.0
2046-01-22 21:00:00,3.0127567607617722,0.0
2046-01-22 21:30:00,3.0127567607617722,0.0
2046-01-22 22:00:00,3.0127567607617722,0.0
2046-01-22 22:30:00,3.0127567607617722,0.0
2046-01-22 23:00:00,3.0127567607617722,0.0
2046-01-22 23:30:00,3.0127567607617722,0.0
2046-01-23 00:00:00,3.0127567607617722,0.0
2046-01-23 00:30:00,3.0127567607617722,0.0
2046-01-23 01:00:00,3.0127567607617722,0.0
2046-01-23 01:30:00,3.0127567607617722,0.0
2046-01-23 02:00:00,3.0127567607617722,0.0
2046-01-23 02:30:00,3.0127567607617722,0.0
2046-01-23 03:00:00,3.0127567607617722,0.0
2046-01-23 03:30:00,3.0127567607617722,0.0
2046-01-23 04:00:00,3.0127567607617722,0.0
2046-01-23 04:30:00,3.0127567607617722,0.0
2046-01-23 05:00:00,3.0127567607617722,0.0
2046-01-23 05:30:00,3.0127567607617722,0.014213486013661115
2046-01-23 06:00:00,3.0050320401021677,0.0
2046-01-23 06:30:00,3.0050320401021677,0.0
2046-01-23 07:00:00,3.0050320401021677,0.0
2046-01-23 07:30:00,3.0050320401021677,0.014213486013661115
2046-01-23 08:00:00,2.9973073194425632,0.0
2046-01-23 08:30:00,2.9973073194425632,-0.0077381549564366995
2046-01-23 09:00:00,3.000866870722524,0.0
2046-01-23 09:30:00,3.000866870722524,-0.014213486013661115
2046-01-23 10:00:00,3.0074050742888083,0.0
2046-01-23 10:30:00,3.0074050742888083,0.0
2046-01-23 11:00:00,3.0074050742888083,0.0
2046-01-23 11:30:00,3.0074050742888083,0.0
2046-01-23 12:00:00,3.0074050742888083,0.0
2046-01-23 12:30:00,3.0074050742888083,-0.014213486013661115
2046-01-23 13:00:00,3.0139432778550925,0.0
2046-01-23 13:30:00,3.0139432778550925,-0.014213486013661115
2046-01-23 14:00:00,3.0204814814213767,0.0
2046-01-23 14:30:00,3.0204814814213767,0.0
2046-01-23 15:00:00,3.0204814814213767,0.0
2046-01-23 15:30:00,3.0204814814213767,0.0
2046-01-23 16:00:00,3.0204814814213767,0.0
2046-01-23 16:30:00,3.0204814814213767,0.0
2046-01-23 17:00:00,3.0204814814213767,0.0
2046-01-23 17:30:00,3.0204814814213767,0.0
2046-01-23 18:00:00,3.0204814814213767,0.0
2046-01-23 18:30:00,3.0204814814213767,0.0
2046-01-23 19:00:00,3.0204814814213767,0.0
2046-01-23 19:30:00,3.0204814814213767,0.0
2046-01-23 20:00:00,3.0204814814213767,0.0
2046-01-23 20:30:00,3.0204814814213767,0.014213486013661115
2046-01-23 21:00:00,3.0127567607617722,0.0
2046-01-23 21:30:00,3.0127567607617722,0.0
2046-01-23 22:00:00,3.0127567607617722,0.0
2046-01-23 22:30:00,3.0127567607617722,0.0
2046-01-23 23:00:00,3.0127567607617722,0.0
2046-01-23 23:30:00,3.0127567607617722,0.014213486013661115
2046-01-24 00:00:00,3.0050320401021677,0.0
2046-01-24 00:30:00,3.0050320401021677,0.0
2046-01-24 01:00:00,3.0050320401021677,0.0
2046-01-24 01:30:00,3.0050320401021677,0.01314463186536866
2046-01-24 02:00:00,2.997888218436201,0.0
2046-01-24 02:30:00,2.997888218436201,0.014213486013661115
2046-01-24 03:00:00,2.9901634977765963,0.0
2046-01-24 03:30:00,2.9901634977765963,0.0
2046-01-24 04:00:00,2.9901634977765963,0.014213486013661115
2046-01-24 04:30:00,2.982438777116992,0.0
2046-01-24 05:00:00,2.982438777116992,0.0
2046-01-24 05:30:00,2.982438777116992,0.0
2046-01-24 06:00:00,2.982438777116992,0.0
2046-01-24 06:30:00,2.982438777116992,0.014213486013661115
2046-01-24 07:00:00,2.9747140564573873,0.0
2046-01-24 07:30:00,2.9747140564573873,0.0
2046-01-24 08:00:00,2.9747140564573873,0.0
2046-01-24 08:30:00,2.9747140564573873,0.0
2046-01-24 09:00:00,2.9747140564573873,-0.014213486013661115
2046-01-24 09:30:00,2.9812522600236715,-0.014213486013661115
2046-01-24 10:00:00,2.9877904635899557,-0.014213486013661115
2046-01-24 10:30:00,2.99432866715624,-0.014213486013661115
2046-01-24 11:00:00,3.000866870722524,-0.014213486013661115
2046-01-24 11:30:00,3.0074050742888083,-0.014213486013661115
2046-01-24 12:00:00,3.0139432778550925,-0.014213486013661115
2046-01-24 12:30:00,3.0204814814213767,0.0
2046-01-24 13:00:00,3.0204814814213767,0.0
2046-01-24 13:30:00,3.0204814814213767,0.0
2046-01-24 14:00:00,3.0204814814213767,0.0
2046-01-24 14:30:00,3.0204814814213767,0.0
2046-01-24 15:00:00,3.0204814814213767,0.0
2046-01-24 15:30:00,3.0204814814213767,0.0
2046-01-24 16:00:00,3.0204814814213767,0.0
2046-01-24 16:30:00,3.0204814814213767,0.0
2046-01-24 17:00:00,3.0204814814213767,0.0
2046-01-24 17:30:00,3.0204814814213767,0.0
2046-01-24 18:00:00,3.0204814814213767,0.0
2046-01-24 18:30:00,3.0204814814213767,-0.002183191451707799
2046-01-24 19:00:00,3.0204814814213767,0.0
2046-01-24 19:30:00,3.0204814814213767,0.0
2046-01-24 20:00:00,3.0204814814213767,0.0
2046-01-24 20:30:00,3.0204814814213767,0.0
2046-01-24 21:00:00,3.0204814814213767,0.0
2046-01-24 21:30:00,3.0204814814213767,0.0
2046-01-24 22:00:00,3.0204814814213767,0.0
2046-01-24 22:30:00,3.0204814814213767,0.0
2046-01-24 23:00:00,3.0204814814213767,0.0
2046-01-24 23:30:00,3.0204814814213767,0.014213486013661115
2046-01-25 00:00:00,3.0127567607617722,0.0
2046-01-25 00:30:00,3.0127567607617722,0.0
2046-01-25 01:00:00,3.0127567607617722,0.0
2046-01-25 01:30:00,3.0127567607617722,0.0
2046-01-25 02:00:00,3.0127567607617722,0.0
2046-01-25 02:30:00,3.0127567607617722,0.0
2046-01-25 03:00:00,3.0127567607617722,0.0
2046-01-25 03:30:00,3.0127567607617722,0.0
2046-01-25 04:00:00,3.0127567607617722,0.0
2046-01-25 04:30:00,3.0127567607617722,0.0
2046-01-25 05:00:00,3.0127567607617722,0.0
2046-01-25 05:30:00,3.0127567607617722,0.0
2046-01-25 06:00:00,3.0127567607617722,0.0
2046-01-25 06:30:00,3.0127567607617722,0.0
2046-01-25 07:00:00,3.0127567607617722,0.0
2046-01-25 07:30:00,3.0127567607617722,-0.0025793849854789
2046-01-25 08:00:00,3.0139432778550925,-0.014213486013661115
2046-01-25 08:30:00,3.0204814814213767,0.0
2046-01-25 09:00:00,3.0204814814213767,0.0
2046-01-25 09:30:00,3.0204814814213767,0.0
2046-01-25 10:00:00,3.0204814814213767,0.0
2046-01-25 10:30:00,3.0204814814213767,0.0
2046-01-25 11:00:00,3.0204814814213767,0.0
2046-01-25 11:30:00,3.0204814814213767,0.0
2046-01-25 12:00:00,3.0204814814213767,0.0
2046-01-25 12:30:00,3.0204814814213767,0.0
2046-01-25 13:00:00,3.0204814814213767,0.0
2046-01-25 13:30:00,3.0204814814213767,0.0
2046-01-25 14:00:00,3.0204814814213767,0.0
2046-01-25 14:30:00,3.0204814814213767,0.0
2046-01-25 15:00:00,3.0204814814213767,0.0
2046-01-25 15:30:00,3.0204814814213767,0.0
2046-01-25 16:00:00,3.0204814814213767,0.0
2046-01-25 16:30:00,3.0204814814213767,0.0
2046-01-25 17:00:00,3.0204814814213767,0.0
2046-01-25 17:30:00,3.0204814814213767,0.0
2046-01-25 18:00:00,3.0204814814213767,0.0
2046-01-25 18:30:00,3.0204814814213767,0.0
2046-01-25 19:00:00,3.0204814814213767,0.0
2046-01-25 19:30:00,3.0204814814213767,0.0
2046-01-25 20:00:00,3.0204814814213767,0.0
2046-01-25 20:30:00,3.0204814814213767,0.0
2046-01-25 21:00:00,3.0204814814213767,0.0
2046-01-25 21:30:00,3.0204814814213767,0.0
2046-01-25 22:00:00,3.0204814814213767,0.0
2046-01-25 22:30:00,3.0204814814213767,0.0
2046-01-25 23:00:00,3.0204814814213767,0.0
2046-01-25 23:30:00,3.0204814814213767,0.0
2046-01-26 00:00:00,3.0204814814213767,0.0
2046-01-26 00:30:00,3.0204814814213767,0.0
2046-01-26 01:00:00,3.0204814814213767,0.0
2046-01-26 01:30:00,3.0204814814213767,0.0
2046-01-26 02:00:00,3.0204814814213767,0.0
2046-01-26 02:30:00,3.0204814814213767,0.0
2046-01-26 03:00:00,3.0204814814213767,0.0
2046-01-26 03:30:00,3.0204814814213767,0.0
2046-01-26 04:00:00,3.0204814814213767,0.0
2046-01-26 04:30:00,3.0204814814213767,0.0
2046-01-26 05:00:00,3.0204814814213767,0.0
2046-01-26 05:30:00,3.0204814814213767,0.0
2046-01-26 06:00:00,3.0204814814213767,0.0
2046-01-26 06:30:00,3.0204814814213767,0.0
2046-01-26 07:00:00,3.0204814814213767,0.0
2046-01-26 07:30:00,3.0204814814213767,0.0
2046-01-26 08:00:00,3.0204814814213767,0.0
2046-01-26 08:30:00,3.0204814814213767,0.0
2046-01-26 09:00:00,3.0204814814213767,0.0
2046-01-26 09:30:00,3.0204814814213767,0.0
2046-01-26 10:00:00,3.0204814814213767,0.0
2046-01-26 10:30:00,3.0204814814213767,0.0
2046-01-26 11:00:00,3.0204814814213767,0.0
2046-01-26 11:30:00,3.0204814814213767,0.0
2046-01-26 12:00:00,3.0204814814213767,0.0
2046-01-26 12:30:00,3.0204814814213767,0.0
2046-01-26 13:00:00,3.0204814814213767,0.0
2046-01-26 13:30:00,3.0204814814213767,0.0
2046-01-26 14:00:00,3.0204814814213767,0.0
2046-01-26 14:30:00,3.0204814814213767,0.0
2046-01-26 15:00:00,3.0204814814213767,0.0
2046-01-26 15:30:00,3.0204814814213767,0.0
2046-01-26 16:00:00,3.0204814814213767,0.0
2046-01-26 16:30:00,3.0204814814213767,0.0
2046-01-26 17:00:00,3.0204814814213767,0.0
2046-01-26 17:30:00,3.0204814814213767,0.0
2046-01-26 18:00:00,3.0204814814213767,0.0
2046-01-26 18:30:00,3.0204814814213767,0.0
2046-01-26 19:00:00,3.0204814814213767,0.0
2046-01-26 19:30:00,3.0204814814213767,0.0
2046-01-26 20:00:00,3.0204814814213767,0.0
2046-01-26 20:30:00,3.0204814814213767,0.0
2046-01-26 21:00:00,3.0204814814213767,0.0
2046-01-26 21:30:00,3.0204814814213767,0.0
2046-01-26 22:00:00,3.0204814814213767,0.0
2046-01-26 22:30:00,3.0204814814213767,0.0
2046-01-26 23:00:00,3.0204814814213767,0.0
2046-01-26 23:30:00,3.0204814814213767,0.0
2046-01-27 00:00:00,3.0204814814213767,0.0
2046-01-27 00:30:00,3.0204814814213767,0.0
2046-01-27 01:00:00,3.0204814814213767,0.0
2046-01-27 01:30:00,3.0204814814213767,0.0
2046-01-27 02:00:00,3.0204814814213767,0.0
2046-01-27 02:30:00,3.0204814814213767,0.0
2046-01-27 03:00:00,3.0204814814213767,0.0
2046-01-27 03:30:00,3.0204814814213767,-0.002183191451707799
2046-01-27 04:00:00,3.0204814814213767,0.0
2046-01-27 04:30:00,3.0204814814213767,0.0
2046-01-27 05:00:00,3.0204814814213767,0.0
2046-01-27 05:30:00,3.0204814814213767,0.0
2046-01-27 06:00:00,3.0204814814213767,0.0
2046-01-27 06:30:00,3.0204814814213767,0.0
2046-01-27 07:00:00,3.0204814814213767,0.0
2046-01-27 07:30:00,3.0204814814213767,0.0
2046-01-27 08:00:00,3.0204814814213767,0.0
2046-01-27 08:30:00,3.0204814814213767,0.0
2046-01-27 09:00:00,3.0204814814213767,0.0
2046-01-27 09:30:00,3.0204814814213767,0.0
2046-01-27 10:00:00,3.0204814814213767,0.0
2046-01-27 10:30:00,3.0204814814213767,0.0
2046-01-27 11:00:00,3.0204814814213767,0.0
2046-01-27 11:30:00,3.0204814814213767,0.0
2046-01-27 12:00:00,3.0204814814213767,0.0
2046-01-27 12:30:00,3.0204814814213767,0.0
2046-01-27 13:00:00,3.0204814814213767,0.0
2046-01-27 13:30:00,3.0204814814213767,0.0
2046-01-27 14:00:00,3.0204814814213767,0.0
2046-01-27 14:30:00,3.0204814814213767,0.0
2046-01-27 15:00:00,3.0204814814213767,0.0
2046-01-27 15:30:00,3.0204814814213767,0.0
2046-01-27 16:00:00,3.0204814814213767,0.0
2046-01-27 16:30:00,3.0204814814213767,0.0
2046-01-27 17:00:00,3.0204814814213767,0.0
2046-01-27 17:30:00,3.0204814814213767,0.0
2046-01-27 18:00:00,3.0204814814213767,0.0
2046-01-27 18:30:00,3.0204814814213767,0.0
2046-01-27 19:00:00,3.0204814814213767,0.0
2046-01-27 19:30:00,3.0204814814213767,0.0
2046-01-27 20:00:00,3.0204814814213767,0.0
2046-01-27 20:30:00,3.0204814814213767,0.0
2046-01-27 21:00:00,3.0204814814213767,0.0
2046-01-27 21:30:00,3.0204814814213767,0.0
2046-01-27 22:00:00,3.0204814814213767,0.0
2046-01-27 22:30:00,3.0204814814213767,0.0
2046-01-27 23:00:00,3.0204814814213767,0.0
2046-01-27 23:30:00,3.0204814814213767,0.0
2046-01-28 00:00:00,3.0204814814213767,0.0
2046-01-28 00:30:00,3.0204814814213767,0.0
2046-01-28 01:00:00,3.0204814814213767,0.0
2046-01-28 01:30:00,3.0204814814213767,0.0
2046-01-28 02:00:00,3.0204814814213767,0.0
2046-01-28 02:30:00,3.0204814814213767,0.0
2046-01-28 03:00:00,3.0204814814213767,0.0
2046-01-28 03:30:00,3.0204814814213767,0.0
2046-01-28 04:00:00,3.0204814814213767,0.0
2046-01-28 04:30:00,3.0204814814213767,0.0
2046-01-28 05:00:00,3.0204814814213767,0.0
2046-01-28 05:30:00,3.0204814814213767,0.0
2046-01-28 06:00:00,3.0204814814213767,0.0
2046-01-28 06:30:00,3.0204814814213767,0.0
2046-01-28 07:00:00,3.0204814814213767,0.0
2046-01-28 07:30:00,3.0204814814213767,0.0
2046-01-28 08:00:00,3.0204814814213767,0.0
2046-01-28 08:30:00,3.0204814814213767,0.0
2046-01-28 09:00:00,3.0204814814213767,0.0
2046-01-28 09:30:00,3.0204814814213767,0.0
2046-01-28 10:00:00,3.0204814814213767,0.0
2046-01-28 10:30:00,3.0204814814213767,0.0
2046-01-28 11:00:00,3.0204814814213767,0.0
2046-01-28 11:30:00,3.0204814814213767,0.0
2046-01-28 12:00:00,3.0204814814213767,0.0
2046-01-28 12:30:00,3.0204814814213767,0.0
2046-01-28 13:00:00,3.0204814814213767,0.0
2046-01-28 13:30:00,3.0204814814213767,0.0
2046-01-28 14:00:00,3.0204814814213767,0.0
2046-01-28 14:30:00,3.0204814814213767,0.0
2046-01-28 15:00:00,3.0204814814213767,0.0
2046-01-28 15:30:00,3.0204814814213767,0.0
2046-01-28 16:00:00,3.0204814814213767,0.0
2046-01-28 16:30:00,3.0204814814213767,0.0
2046-01-28 17:00:00,3.0204814814213767,0.0
2046-01-28 17:30:00,3.0204814814213767,0.0
2046-01-28 18:00:00,3.0204814814213767,0.0
2046-01-28 18:30:00,3.0204814814213767,0.0
2046-01-28 19:00:00,3.0204814814213767,0.014213486013661115
2046-01-28 19:30:00,3.0127567607617722,0.014213486013661115
2046-01-28 20:00:00,3.0050320401021677,0.0
2046-01-28 20:30:00,3.0050320401021677,0.0
2046-01-28 21:00:00,3.0050320401021677,0.0032975287551229382
2046-01-28 21:30:00,3.0032399049091647,0.0
2046-01-28 22:00:00,3.0032399049091647,0.0
2046-01-28 22:30:00,3.0032399049091647,0.0
2046-01-28 23:00:00,3.0032399049091647,0.0
2046-01-28 23:30:00,3.0032399049091647,0.0
2046-01-29 00:00:00,3.0032399049091647,0.014213486013661115
2046-01-29 00:30:00,2.99551518424956,0.0
2046-01-29 01:00:00,2.99551518424956,0.014213486013661115
2046-01-29 01:30:00,2.9877904635899557,0.0
2046-01-29 02:00:00,2.9877904635899557,0.0
2046-01-29 02:30:00,2.9877904635899557,0.0
2046-01-29 03:00:00,2.9877904635899557,0.0
2046-01-29 03:30:00,2.9877904635899557,0.0
2046-01-29 04:00:00,2.9877904635899557,0.0
2046-01-29 04:30:00,2.9877904635899557,0.0
2046-01-29 05:00:00,2.9877904635899557,0.0
2046-01-29 05:30:00,2.9877904635899557,0.0
2046-01-29 06:00:00,2.9877904635899557,0.0
2046-01-29 06:30:00,2.9877904635899557,0.0
2046-01-29 07:00:00,2.9877904635899557,0.0
2046-01-29 07:30:00,2.9877904635899557,0.0
2046-01-29 08:00:00,2.9877904635899557,0.0
2046-01-29 08:30:00,2.9877904635899557,-0.014213486013661115
2046-01-29 09:00:00,2.99432866715624,-0.014213486013661115
2046-01-29 09:30:00,3.000866870722524,-0.014213486013661115
2046-01-29 10:00:00,3.0074050742888083,-0.014213486013661115
2046-01-29 10:30:00,3.0139432778550925,-0.014213486013661115
2046-01-29 11:00:00,3.0204814814213767,0.0
2046-01-29 11:30:00,3.0204814814213767,0.0
2046-01-29 12:00:00,3.0204814814213767,0.0
2046-01-29 12:30:00,3.0204814814213767,0.0
2046-01-29 13:00:00,3.0204814814213767,0.0
2046-01-29 13:30:00,3.0204814814213767,0.0
2046-01-29 14:00:00,3.0204814814213767,0.0
2046-01-29 14:30:00,3.0204814814213767,0.0
2046-01-29 15:00:00,3.0204814814213767,0.0
2046-01-29 15:30:00,3.0204814814213767,0.0
2046-01-29 16:00:00,3.0204814814213767,0.0
2046-01-29 16:30:00,3.0204814814213767,0.0
2046-01-29 17:00:00,3.0204814814213767,0.0
2046-01-29 17:30:00,3.0204814814213767,0.0
2046-01-29 18:00:00,3.0204814814213767,0.0
2046-01-29 18:30:00,3.0204814814213767,0.0
2046-01-29 19:00:00,3.0204814814213767,0.0
2046-01-29 19:30:00,3.0204814814213767,0.0
2046-01-29 20:00:00,3.0204814814213767,0.0
2046-01-29 20:30:00,3.0204814814213767,0.0
2046-01-29 21:00:00,3.0204814814213767,0.0
2046-01-29 21:30:00,3.0204814814213767,0.0
2046-01-29 22:00:00,3.0204814814213767,0.0
2046-01-29 22:30:00,3.0204814814213767,0.0
2046-01-29 23:00:00,3.0204814814213767,0.0
2046-01-29 23:30:00,3.0204814814213767,0.0
2046-01-30 00:00:00,3.0204814814213767,0.0
2046-01-30 00:30:00,3.0204814814213767,0.0
2046-01-30 01:00:00,3.0204814814213767,0.0
2046-01-30 01:30:00,3.0204814814213767,0.0
2046-01-30 02:00:00,3.0204814814213767,0.0
2046-01-30 02:30:00,3.0204814814213767,0.0
2046-01-30 03:00:00,3.0204814814213767,0.0
2046-01-30 03:30:00,3.0204814814213767,0.0
2046-01-30 04:00:00,3.0204814814213767,0.0
2046-01-30 04:30:00,3.0204814814213767,0.0
2046-01-30 05:00:00,3.0204814814213767,0.0
2046-01-30 05:30:00,3.0204814814213767,0.0
2046-01-30 06:00:00,3.0204814814213767,0.0
2046-01-30 06:30:00,3.0204814814213767,0.0
2046-01-30 07:00:00,3.0204814814213767,0.0
2046-01-30 07:30:00,3.0204814814213767,0.0
2046-01-30 08:00:00,3.0204814814213767,0.0
2046-01-30 08:30:00,3.0204814814213767,0.0
2046-01-30 09:00:00,3.0204814814213767,0.0
2046-01-30 09:30:00,3.0204814814213767,0.0
2046-01-30 10:00:00,3.0204814814213767,0.0
2046-01-30 10:30:00,3.0204814814213767,0.0
2046-01-30 11:00:00,3.0204814814213767,0.0
2046-01-30 11:30:00,3.0204814814213767,0.0
2046-01-30 12:00:00,3.0204814814213767,0.0
2046-01-30 12:30:00,3.0204814814213767,0.0
2046-01-30 13:00:00,3.0204814814213767,0.0
2046-01-30 13:30:00,3.0204814814213767,0.0
2046-01-30 14:00:00,3.0204814814213767,0.0
2046-01-30 14:30:00,3.0204814814213767,0.0
2046-01-30 15:00:00,3.0204814814213767,0.0
2046-01-30 15:30:00,3.0204814814213767,0.0
2046-01-30 16:00:00,3.0204814814213767,0.0
2046-01-30 16:30:00,3.0204814814213767,0.0
2046-01-30 17:00:00,3.0204814814213767,0.0
2046-01-30 17:30:00,3.0204814814213767,0.0
2046-01-30 18:00:00,3.0204814814213767,0.0
2046-01-30 18:30:00,3.0204814814213767,0.0
2046-01-30 19:00:00,3.0204814814213767,0.0
2046-01-30 19:30:00,3.0204814814213767,0.0
2046-01-30 20:00:00,3.0204814814213767,0.0
2046-01-30 20:30:00,3.0204814814213767,0.0
2046-01-30 21:00:00,3.0204814814213767,0.0
2046-01-30 21:30:00,3.0204814814213767,0.0
2046-01-30 22:00:00,3.0204814814213767,0.0
2046-01-30 22:30:00,3.0204814814213767,0.0
2046-01-30 23:00:00,3.0204814814213767,0.0
2046-01-30 23:30:00,3.0204814814213767,0.0
2046-01-31 00:00:00,3.0204814814213767,0.0
2046-01-31 00:30:00,3.0204814814213767,0.0
2046-01-31 01:00:00,3.0204814814213767,0.0
2046-01-31 01:30:00,3.0204814814213767,0.0
2046-01-31 02:00:00,3.0204814814213767,0.0
2046-01-31 02:30:00,3.0204814814213767,0.0
2046-01-31 03:00:00,3.0204814814213767,0.0
2046-01-31 03:30:00,3.0204814814213767,0.0
2046-01-31 04:00:00,3.0204814814213767,0.0
2046-01-31 04:30:00,3.0204814814213767,0.0
2046-01-31 05:00:00,3.0204814814213767,0.0
2046-01-31 05:30:00,3.0204814814213767,0.0
2046-01-31 06:00:00,3.0204814814213767,0.0
2046-01-31 06:30:00,3.0204814814213767,0.0
2046-01-31 07:00:00,3.0204814814213767,0.0
2046-01-31 07:30:00,3.0204814814213767,0.0
2046-01-31 08:00:00,3.0204814814213767,0.0
2046-01-31 08:30:00,3.0204814814213767,0.0
2046-01-31 09:00:00,3.0204814814213767,0.0
2046-01-31 09:30:00,3.0204814814213767,0.0
2046-01-31 10:00:00,3.0204814814213767,0.0
2046-01-31 10:30:00,3.0204814814213767,0.0
2046-01-31 11:00:00,3.0204814814213767,0.0
2046-01-31 11:30:00,3.0204814814213767,0.0
2046-01-31 12:00:00,3.0204814814213767,0.0
2046-01-31 12:30:00,3.0204814814213767,0.0
2046-01-31 13:00:00,3.0204814814213767,0.0
2046-01-31 13:30:00,3.0204814814213767,0.0
2046-01-31 14:00:00,3.0204814814213767,0.0
2046-01-31 14:30:00,3.0204814814213767,0.0
2046-01-31 15:00:00,3.0204814814213767,0.0
2046-01-31 15:30:00,3.0204814814213767,0.0
2046-01-31 16:00:00,3.0204814814213767,0.0
2046-01-31 16:30:00,3.0204814814213767,0.0
2046-01-31 17:00:00,3.0204814814213767,0.0
2046-01-31 17:30:00,3.0204814814213767,0.0
2046-01-31 18:00:00,3.0204814814213767,0.0
2046-01-31 18:30:00,3.0204814814213767,0.0
2046-01-31 19:00:00,3.0204814814213767,0.0
2046-01-31 19:30:00,3.0204814814213767,0.012030294561953316
2046-01-31 20:00:00,3.0139432778550925,0.0
2046-01-31 20:30:00,3.0139432778550925,0.0
2046-01-31 21:00:00,3.0139432778550925,0.0
2046-01-31 21:30:00,3.0139432778550925,0.0
2046-01-31 22:00:00,3.0139432778550925,0.0
2046-01-31 22:30:00,3.0139432778550925,-0.014213486013661115
2046-01-31 23:00:00,3.0204814814213767,0.0
2046-01-31 23:30:00,3.0204814814213767,0.0
2046-02-01 00:00:00,3.0204814814213767,0.0
2046-02-01 00:30:00,3.0204814814213767,0.0
2046-02-01 01:00:00,3.0204814814213767,0.0
2046-02-01 01:30:00,3.0204814814213767,0.0
2046-02-01 02:00:00,3.0204814814213767,0.0
2046-02-01 02:30:00,3.0204814814213767,0.0
2046-02-01 03:00:00,3.0204814814213767,0.0
2046-02-01 03:30:00,3.0204814814213767,0.0
2046-02-01 04:00:00,3.0204814814213767,0.0
2046-02-01 04:30:00,3.0204814814213767,0.0
2046-02-01 05:00:00,3.0204814814213767,0.0
2046-02-01 05:30:00,3.0204814814213767,0.0
2046-02-01 06:00:00,3.0204814814213767,0.0
2046-02-01 06:30:00,3.0204814814213767,0.0
2046-02-01 07:00:00,3.0204814814213767,0.0
2046-02-01 07:30:00,3.0204814814213767,0.0
2046-02-01 08:00:00,3.0204814814213767,0.0
2046-02-01 08:30:00,3.0204814814213767,0.0
2046-02-01 09:00:00,3.0204814814213767,0.0
2046-02-01 09:30:00,3.0204814814213767,0.0
2046-02-01 10:00:00,3.0204814814213767,0.0
2046-02-01 10:30:00,3.0204814814213767,0.0
2046-02-01 11:00:00,3.0204814814213767,0.0
2046-02-01 11:30:00,3.0204814814213767,0.0
2046-02-01 12:00:00,3.0204814814213767,0.0
2046-02-01 12:30:00,3.0204814814213767,0.0
2046-02-01 13:00:00,3.0204814814213767,0.0
2046-02-01 13:30:00,3.0204814814213767,0.0
2046-02-01 14:00:00,3.0204814814213767,0.0
2046-02-01 14:30:00,3.0204814814213767,0.0
2046-02-01 15:00:00,3.0204814814213767,0.0
2046-02-01 15:30:00,3.0204814814213767,0.0
2046-02-01 16:00:00,3.0204814814213767,0.0
2046-02-01 16:30:00,3.0204814814213767,0.0
2046-02-01 17:00:00,3.0204814814213767,0.0
2046-02-01 17:30:00,3.0204814814213767,0.0
2046-02-01 18:00:00,3.0204814814213767,0.0
2046-02-01 18:30:00,3.0204814814213767,0.0
2046-02-01 19:00:00,3.0204814814213767,0.0
2046-02-01 19:30:00,3.0204814814213767,0.0
2046-02-01 20:00:00,3.0204814814213767,0.0
2046-02-01 20:30:00,3.0204814814213767,0.0
2046-02-01 21:00:00,3.0204814814213767,0.014213486013661115
2046-02-01 21:30:00,3.0127567607617722,0.0
2046-02-01 22:00:00,3.0127567607617722,0.0
2046-02-01 22:30:00,3.0127567607617722,0.0
2046-02-01 23:00:00,3.0127567607617722,0.0
2046-02-01 23:30:00,3.0127567607617722,0.0
2046-02-02 00:00:00,3.0127567607617722,0.0
2046-02-02 00:30:00,3.0127567607617722,0.0
2046-02-02 01:00:00,3.0127567607617722,0.0
2046-02-02 01:30:00,3.0127567607617722,0.0
2046-02-02 02:00:00,3.0127567607617722,0.0
2046-02-02 02:30:00,3.0127567607617722,0.0
2046-02-02 03:00:00,3.0127567607617722,0.0
2046-02-02 03:30:00,3.0127567607617722,0.0
2046-02-02 04:00:00,3.0127567607617722,0.014213486013661115
2046-02-02 04:30:00,3.0050320401021677,0.0
2046-02-02 05:00:00,3.0050320401021677,0.0
2046-02-02 05:30:00,3.0050320401021677,0.005480720206830533
2046-02-02 06:00:00,3.0020533878158444,0.0
2046-02-02 06:30:00,3.0020533878158444,0.0
2046-02-02 07:00:00,3.0020533878158444,0.0
2046-02-02 07:30:00,3.0020533878158444,0.014213486013661115
2046-02-02 08:00:00,2.99432866715624,0.0
2046-02-02 08:30:00,2.99432866715624,0.0
2046-02-02 09:00:00,2.99432866715624,0.0
2046-02-02 09:30:00,2.99432866715624,0.0
2046-02-02 10:00:00,2.99432866715624,-0.014213486013661115
2046-02-02 10:30:00,3.000866870722524,-0.014213486013661115
2046-02-02 11:00:00,3.0074050742888083,-0.014213486013661115
2046-02-02 11:30:00,3.0139432778550925,-0.014213486013661115
2046-02-02 12:00:00,3.0204814814213767,0.0
2046-02-02 12:30:00,3.0204814814213767,0.0
2046-02-02 13:00:00,3.0204814814213767,0.0
2046-02-02 13:30:00,3.0204814814213767,0.0
2046-02-02 14:00:00,3.0204814814213767,0.0
2046-02-02 14:30:00,3.0204814814213767,0.0
2046-02-02 15:00:00,3.0204814814213767,0.0
2046-02-02 15:30:00,3.0204814814213767,0.0
2046-02-02 16:00:00,3.0204814814213767,0.0
2046-02-02 16:30:00,3.0204814814213767,0.0
2046-02-02 17:00:00,3.0204814814213767,0.0
2046-02-02 17:30:00,3.0204814814213767,0.0
2046-02-02 18:00:00,3.0204814814213767,0.0
2046-02-02 18:30:00,3.0204814814213767,0.0
2046-02-02 19:00:00,3.0204814814213767,0.0
2046-02-02 19:30:00,3.0204814814213767,0.0
2046-02-02 20:00:00,3.0204814814213767,0.0
2046-02-02 20:30:00,3.0204814814213767,0.0
2046-02-02 21:00:00,3.0204814814213767,0.0
2046-02-02 21:30:00,3.0204814814213767,0.0
2046-02-02 22:00:00,3.0204814814213767,0.0
2046-02-02 22:30:00,3.0204814814213767,0.0
2046-02-02 23:00:00,3.0204814814213767,0.0
2046-02-02 23:30:00,3.0204814814213767,0.0
2046-02-03 00:00:00,3.0204814814213767,0.0
2046-02-03 00:30:00,3.0204814814213767,0.0
2046-02-03 01:00:00,3.0204814814213767,0.0
2046-02-03 01:30:00,3.0204814814213767,0.014213486013661115
2046-02-03 02:00:00,3.0127567607617722,0.014213486013661115
2046-02-03 02:30:00,3.0050320401021677,0.0
2046-02-03 03:00:00,3.0050320401021677,0.0
2046-02-03 03:30:00,3.0050320401021677,0.0
2046-02-03 04:00:00,3.0050320401021677,0.014213486013661115
2046-02-03 04:30:00,2.9973073194425632,0.014213486013661115
2046-02-03 05:00:00,2.9895825987829587,0.014213486013661115
2046-02-03 05:30:00,2.9818578781233542,0.0
2046-02-03 06:00:00,2.9818578781233542,0.0
2046-02-03 06:30:00,2.9818578781233542,0.0
2046-02-03 07:00:00,2.9818578781233542,0.0
2046-02-03 07:30:00,2.9818578781233542,0.0
2046-02-03 08:00:00,2.9818578781233542,-0.012896924927394499
2046-02-03 08:30:00,2.9877904635899557,0.0
2046-02-03 09:00:00,2.9877904635899557,0.0
2046-02-03 09:30:00,2.9877904635899557,-0.014213486013661115
2046-02-03 10:00:00,2.99432866715624,0.0
2046-02-03 10:30:00,2.99432866715624,-0.014213486013661115
2046-02-03 11:00:00,3.000866870722524,0.0
2046-02-03 11:30:00,3.000866870722524,0.0
2046-02-03 12:00:00,3.000866870722524,-0.014213486013661115
2046-02-03 12:30:00,3.0074050742888083,-0.014213486013661115
2046-02-03 13:00:00,3.0139432778550925,-0.014213486013661115
2046-02-03 13:30:00,3.0204814814213767,0.0
2046-02-03 14:00:00,3.0204814814213767,0.0
2046-02-03 14:30:00,3.0204814814213767,0.0
2046-02-03 15:00:00,3.0204814814213767,0.0
2046-02-03 15:30:00,3.0204814814213767,0.0
2046-02-03 16:00:00,3.0204814814213767,0.0
2046-02-03 16:30:00,3.0204814814213767,0.0
2046-02-03 17:00:00,3.0204814814213767,0.0
2046-02-03 17:30:00,3.0204814814213767,0.0
2046-02-03 18:00:00,3.0204814814213767,0.0
2046-02-03 18:30:00,3.0204814814213767,0.0
2046-02-03 19:00:00,3.0204814814213767,0.0
2046-02-03 19:30:00,3.0204814814213767,0.0
2046-02-03 20:00:00,3.0204814814213767,0.0
2046-02-03 20:30:00,3.0204814814213767,0.0
2046-02-03 21:00:00,3.0204814814213767,0.0
2046-02-03 21:30:00,3.0204814814213767,0.0
2046-02-03 22:00:00,3.0204814814213767,0.0
2046-02-03 22:30:00,3.0204814814213767,0.0
2046-02-03 23:00:00,3.0204814814213767,0.0
2046-02-03 23:30:00,3.0204814814213767,0.0
2046-02-04 00:00:00,3.0204814814213767,0.0
2046-02-04 00:30:00,3.0204814814213767,0.0
2046-02-04 01:00:00,3.0204814814213767,0.0
2046-02-04 01:30:00,3.0204814814213767,0.0
2046-02-04 02:00:00,3.0204814814213767,0.0
2046-02-04 02:30:00,3.0204814814213767,0.0
2046-02-04 03:00:00,3.0204814814213767,0.0
2046-02-04 03:30:00,3.0204814814213767,0.0
2046-02-04 04:00:00,3.0204814814213767,0.0
2046-02-04 04:30:00,3.0204814814213767,0.0
2046-02-04 05:00:00,3.0204814814213767,0.0
2046-02-04 05:30:00,3.0204814814213767,0.0
2046-02-04 06:00:00,3.0204814814213767,0.0
2046-02-04 06:30:00,3.0204814814213767,0.0
2046-02-04 07:00:00,3.0204814814213767,0.0
2046-02-04 07:30:00,3.0204814814213767,0.0
2046-02-04 08:00:00,3.0204814814213767,0.0
2046-02-04 08:30:00,3.0204814814213767,0.0
2046-02-04 09:00:00,3.0204814814213767,0.0
2046-02-04 09:30:00,3.0204814814213767,0.0
2046-02-04 10:00:00,3.0204814814213767,0.0
2046-02-04 10:30:00,3.0204814814213767,0.0
2046-02-04 11:00:00,3.0204814814213767,0.0
2046-02-04 11:30:00,3.0204814814213767,0.0
2046-02-04 12:00:00,3.0204814814213767,0.0
2046-02-04 12:30:00,3.0204814814213767,0.0
2046-02-04 13:00:00,3.0204814814213767,0.0
2046-02-04 13:30:00,3.0204814814213767,0.0
2046-02-04 14:00:00,3.0204814814213767,0.0
2046-02-04 14:30:00,3.0204814814213767,0.0
2046-02-04 15:00:00,3.0204814814213767,0.0
2046-02-04 15:30:00,3.0204814814213767,0.0
2046-02-04 16:00:00,3.0204814814213767,0.0
2046-02-04 16:30:00,3.0204814814213767,0.0
2046-02-04 17:00:00,3.0204814814213767,0.0
2046-02-04 17:30:00,3.0204814814213767,0.0
2046-02-04 18:00:00,3.0204814814213767,0.0
2046-02-04 18:30:00,3.0204814814213767,0.0
2046-02-04 19:00:00,3.0204814814213767,0.0
2046-02-04 19:30:00,3.0204814814213767,0.0
2046-02-04 20:00:00,3.0204814814213767,0.0
2046-02-04 20:30:00,3.0204814814213767,0.0
2046-02-04 21:00:00,3.0204814814213767,0.0
2046-02-04 21:30:00,3.0204814814213767,0.0
2046-02-04 22:00:00,3.0204814814213767,0.0
2046-02-04 22:30:00,3.0204814814213767,0.0
2046-02-04 23:00:00,3.0204814814213767,0.0
2046-02-04 23:30:00,3.0204814814213767,0.0
2046-02-05 00:00:00,3.0204814814213767,0.0
2046-02-05 00:30:00,3.0204814814213767,0.0
2046-02-05 01:00:00,3.0204814814213767,0.0
2046-02-05 01:30:00,3.0204814814213767,0.0
2046-02-05 02:00:00,3.0204814814213767,0.0
2046-02-05 02:30:00,3.0204814814213767,0.0
2046-02-05 03:00:00,3.0204814814213767,0.0
2046-02-05 03:30:00,3.0204814814213767,0.0
2046-02-05 04:00:00,3.0204814814213767,0.0
2046-02-05 04:30:00,3.0204814814213767,0.0
2046-02-05 05:00:00,3.0204814814213767,0.0
2046-02-05 05:30:00,3.0204814814213767,0.0
2046-02-05 06:00:00,3.0204814814213767,0.0
2046-02-05 06:30:00,3.0204814814213767,0.0
2046-02-05 07:00:00,3.0204814814213767,0.0
2046-02-05 07:30:00,3.0204814814213767,0.0
2046-02-05 08:00:00,3.0204814814213767,0.0
2046-02-05 08:30:00,3.0204814814213767,0.0
2046-02-05 09:00:00,3.0204814814213767,0.0
2046-02-05 09:30:00,3.0204814814213767,0.0
2046-02-05 10:00:00,3.0204814814213767,0.0
2046-02-05 10:30:00,3.0204814814213767,0.0
2046-02-05 11:00:00,3.0204814814213767,0.0
2046-02-05 11:30:00,3.0204814814213767,0.0
2046-02-05 12:00:00,3.0204814814213767,0.0
2046-02-05 12:30:00,3.0204814814213767,0.0
2046-02-05 13:00:00,3.0204814814213767,0.0
2046-02-05 13:30:00,3.0204814814213767,0.0
2046-02-05 14:00:00,3.0204814814213767,0.0
2046-02-05 14:30:00,3.0204814814213767,0.0
2046-02-05 15:00:00,3.0204814814213767,0.0
2046-02-05 15:30:00,3.0204814814213767,0.0
2046-02-05 16:00:00,3.0204814814213767,0.0
2046-02-05 16:30:00,3.0204814814213767,0.0
2046-02-05 17:00:00,3.0204814814213767,0.0
2046-02-05 17:30:00,3.0204814814213767,0.0
2046-02-05 18:00:00,3.0204814814213767,0.0
2046-02-05 18:30:00,3.0204814814213767,0.0
2046-02-05 19:00:00,3.0204814814213767,0.0
2046-02-05 19:30:00,3.0204814814213767,0.0
2046-02-05 20:00:00,3.0204814814213767,0.0
2046-02-05 20:30:00,3.0204814814213767,0.0
2046-02-05 21:00:00,3.0204814814213767,0.0
2046-02-05 21:30:00,3.0204814814213767,0.0
2046-02-05 22:00:00,3.0204814814213767,0.0
2046-02-05 22:30:00,3.0204814814213767,0.0
2046-02-05 23:00:00,3.0204814814213767,0.0
2046-02-05 23:30:00,3.0204814814213767,0.0
2046-02-06 00:00:00,3.0204814814213767,0.0
2046-02-06 00:30:00,3.0204814814213767,0.0
2046-02-06 01:00:00,3.0204814814213767,0.0
2046-02-06 01:30:00,3.0204814814213767,0.0
2046-02-06 02:00:00,3.0204814814213767,0.0
2046-02-06 02:30:00,3.0204814814213767,0.0
2046-02-06 03:00:00,3.0204814814213767,0.0
2046-02-06 03:30:00,3.0204814814213767,0.0
2046-02-06 04:00:00,3.0204814814213767,0.0
2046-02-06 04:30:00,3.0204814814213767,0.014213486013661115
2046-02-06 05:00:00,3.0127567607617722,0.005480720206830533
2046-02-06 05:30:00,3.009778108475449,0.014213486013661115
2046-02-06 06:00:00,3.0020533878158444,0.0
2046-02-06 06:30:00,3.0020533878158444,0.0
2046-02-06 07:00:00,3.0020533878158444,0.014213486013661115
2046-02-06 07:30:00,2.99432866715624,0.0
2046-02-06 08:00:00,2.99432866715624,0.0
2046-02-06 08:30:00,2.99432866715624,0.0
2046-02-06 09:00:00,2.99432866715624,0.0
2046-02-06 09:30:00,2.99432866715624,0.0
2046-02-06 10:00:00,2.99432866715624,0.0
2046-02-06 10:30:00,2.99432866715624,0.0
2046-02-06 11:00:00,2.99432866715624,-0.014213486013661115
2046-02-06 11:30:00,3.000866870722524,0.0
2046-02-06 12:00:00,3.000866870722524,0.0
2046-02-06 12:30:00,3.000866870722524,-0.014213486013661115
2046-02-06 13:00:00,3.0074050742888083,0.0
2046-02-06 13:30:00,3.0074050742888083,-0.014213486013661115
2046-02-06 14:00:00,3.0139432778550925,-0.014213486013661115
2046-02-06 14:30:00,3.0204814814213767,0.0
2046-02-06 15:00:00,3.0204814814213767,0.0
2046-02-06 15:30:00,3.0204814814213767,0.0
2046-02-06 16:00:00,3.0204814814213767,0.0
2046-02-06 16:30:00,3.0204814814213767,0.0
2046-02-06 17:00:00,3.0204814814213767,0.0
2046-02-06 17:30:00,3.0204814814213767,0.0
2046-02-06 18:00:00,3.0204814814213767,0.0
2046-02-06 18:30:00,3.0204814814213767,0.0
2046-02-06 19:00:00,3.0204814814213767,0.0
2046-02-06 19:30:00,3.0204814814213767,0.0
2046-02-06 20:00:00,3.0204814814213767,0.0
2046-02-06 20:30:00,3.0204814814213767,0.0
2046-02-06 21:00:00,3.0204814814213767,0.014213486013661115
2046-02-06 21:30:00,3.0127567607617722,0.0
2046-02-06 22:00:00,3.0127567607617722,0.0
2046-02-06 22:30:00,3.0127567607617722,0.0
2046-02-06 23:00:00,3.0127567607617722,0.0
2046-02-06 23:30:00,3.0127567607617722,0.0
2046-02-07 00:00:00,3.0127567607617722,0.0
2046-02-07 00:30:00,3.0127567607617722,0.0
2046-02-07 01:00:00,3.0127567607617722,0.0
2046-02-07 01:30:00,3.0127567607617722,0.0
2046-02-07 02:00:00,3.0127567607617722,0.0
2046-02-07 02:30:00,3.0127567607617722,0.014213486013661115
2046-02-07 03:00:00,3.0050320401021677,0.0
2046-02-07 03:30:00,3.0050320401021677,0.0
2046-02-07 04:00:00,3.0050320401021677,0.0
2046-02-07 04:30:00,3.0050320401021677,0.0
2046-02-07 05:00:00,3.0050320401021677,0.0
2046-02-07 05:30:00,3.0050320401021677,0.0
2046-02-07 06:00:00,3.0050320401021677,0.0
2046-02-07 06:30:00,3.0050320401021677,0.0
2046-02-07 07:00:00,3.0050320401021677,0.014213486013661115
2046-02-07 07:30:00,2.9973073194425632,0.0
2046-02-07 08:00:00,2.9973073194425632,0.0
2046-02-07 08:30:00,2.9973073194425632,0.0
2046-02-07 09:00:00,2.9973073194425632,0.0
2046-02-07 09:30:00,2.9973073194425632,0.0
2046-02-07 10:00:00,2.9973073194425632,-0.014213486013661115
2046-02-07 10:30:00,3.0038455230088474,-0.014213486013661115
2046-02-07 11:00:00,3.0103837265751316,-0.014213486013661115
2046-02-07 11:30:00,3.016921930141416,-0.0077381549564366995
2046-02-07 12:00:00,3.0204814814213767,0.0
2046-02-07 12:30:00,3.0204814814213767,0.0
2046-02-07 13:00:00,3.0204814814213767,0.0
2046-02-07 13:30:00,3.0204814814213767,0.0
2046-02-07 14:00:00,3.0204814814213767,0.0
2046-02-07 14:30:00,3.0204814814213767,0.0
2046-02-07 15:00:00,3.0204814814213767,0.0
2046-02-07 15:30:00,3.0204814814213767,0.0
2046-02-07 16:00:00,3.0204814814213767,0.0
2046-02-07 16:30:00,3.0204814814213767,0.0
2046-02-07 17:00:00,3.0204814814213767,0.0
2046-02-07 17:30:00,3.0204814814213767,0.0
2046-02-07 18:00:00,3.0204814814213767,0.0
2046-02-07 18:30:00,3.0204814814213767,0.0
2046-02-07 19:00:00,3.0204814814213767,0.0
2046-02-07 19:30:00,3.0204814814213767,0.0
2046-02-07 20:00:00,3.0204814814213767,0.0
2046-02-07 20:30:00,3.0204814814213767,0.0
2046-02-07 21:00:00,3.0204814814213767,0.0
2046-02-07 21:30:00,3.0204814814213767,0.0
2046-02-07 22:00:00,3.0204814814213767,0.0
2046-02-07 22:30:00,3.0204814814213767,0.0
2046-02-07 23:00:00,3.0204814814213767,0.0
2046-02-07 23:30:00,3.0204814814213767,0.0
2046-02-08 00:00:00,3.0204814814213767,0.0
2046-02-08 00:30:00,3.0204814814213767,0.0
2046-02-08 01:00:00,3.0204814814213767,0.0
2046-02-08 01:30:00,3.0204814814213767,0.0
2046-02-08 02:00:00,3.0204814814213767,0.0
2046-02-08 02:30:00,3.0204814814213767,0.014213486013661115
2046-02-08 03:00:00,3.0127567607617722,0.0
2046-02-08 03:30:00,3.0127567607617722,0.0
2046-02-08 04:00:00,3.0127567607617722,0.0
2046-02-08 04:30:00,3.0127567607617722,0.0
2046-02-08 05:00:00,3.0127567607617722,0.0
2046-02-08 05:30:00,3.0127567607617722,0.014213486013661115
2046-02-08 06:00:00,3.0050320401021677,0.014213486013661115
2046-02-08 06:30:00,2.9973073194425632,0.0
2046-02-08 07:00:00,2.9973073194425632,0.0
2046-02-08 07:30:00,2.9973073194425632,0.0
2046-02-08 08:00:00,2.9973073194425632,0.0
2046-02-08 08:30:00,2.9973073194425632,0.0
2046-02-08 09:00:00,2.9973073194425632,0.0
2046-02-08 09:30:00,2.9973073194425632,-0.014213486013661115
2046-02-08 10:00:00,3.0038455230088474,0.0
2046-02-08 10:30:00,3.0038455230088474,0.0
2046-02-08 11:00:00,3.0038455230088474,-0.014213486013661115
2046-02-08 11:30:00,3.0103837265751316,-0.0077381549564366995
2046-02-08 12:00:00,3.0139432778550925,-0.014213486013661115
2046-02-08 12:30:00,3.0204814814213767,0.0
2046-02-08 13:00:00,3.0204814814213767,0.0
2046-02-08 13:30:00,3.0204814814213767,0.0
2046-02-08 14:00:00,3.0204814814213767,0.0
2046-02-08 14:30:00,3.0204814814213767,0.0
2046-02-08 15:00:00,3.0204814814213767,0.0
2046-02-08 15:30:00,3.0204814814213767,0.0
2046-02-08 16:00:00,3.0204814814213767,0.0
2046-02-08 16:30:00,3.0204814814213767,0.0
2046-02-08 17:00:00,3.0204814814213767,0.0
2046-02-08 17:30:00,3.0204814814213767,0.0
2046-02-08 18:00:00,3.0204814814213767,0.0
2046-02-08 18:30:00,3.0204814814213767,0.0
2046-02-08 19:00:00,3.0204814814213767,0.0
2046-02-08 19:30:00,3.0204814814213767,0.0
2046-02-08 20:00:00,3.0204814814213767,0.0
2046-02-08 20:30:00,3.0204814814213767,0.0
2046-02-08 21:00:00,3.0204814814213767,0.0
2046-02-08 21:30:00,3.0204814814213767,0.0
2046-02-08 22:00:00,3.0204814814213767,0.0
2046-02-08 22:30:00,3.0204814814213767,0.0
2046-02-08 23:00:00,3.0204814814213767,0.0
2046-02-08 23:30:00,3.0204814814213767,0.0
2046-02-09 00:00:00,3.0204814814213767,0.0
2046-02-09 00:30:00,3.0204814814213767,0.0
2046-02-09 01:00:00,3.0204814814213767,0.0
2046-02-09 01:30:00,3.0204814814213767,0.0
2046-02-09 02:00:00,3.0204814814213767,0.0
2046-02-09 02:30:00,3.0204814814213767,0.0
2046-02-09 03:00:00,3.0204814814213767,0.0
2046-02-09 03:30:00,3.0204814814213767,0.0
2046-02-09 04:00:00,3.0204814814213767,0.0
2046-02-09 04:30:00,3.0204814814213767,0.0
2046-02-09 05:00:00,3.0204814814213767,0.0
2046-02-09 05:30:00,3.0204814814213767,0.0
2046-02-09 06:00:00,3.0204814814213767,0.014213486013661115
2046-02-09 06:30:00,3.0127567607617722,0.0
2046-02-09 07:00:00,3.0127567607617722,0.0
2046-02-09 07:30:00,3.0127567607617722,0.0
2046-02-09 08:00:00,3.0127567607617722,-0.0025793849854789
2046-02-09 08:30:00,3.0139432778550925,-0.014213486013661115
2046-02-09 09:00:00,3.0204814814213767,0.0
2046-02-09 09:30:00,3.0204814814213767,0.0
2046-02-09 10:00:00,3.0204814814213767,0.0
2046-02-09 10:30:00,3.0204814814213767,0.0
2046-02-09 11:00:00,3.0204814814213767,0.0
2046-02-09 11:30:00,3.0204814814213767,0.0
2046-02-09 12:00:00,3.0204814814213767,0.0
2046-02-09 12:30:00,3.0204814814213767,0.0
2046-02-09 13:00:00,3.0204814814213767,0.0
2046-02-09 13:30:00,3.0204814814213767,0.0
2046-02-09 14:00:00,3.0204814814213767,0.0
2046-02-09 14:30:00,3.0204814814213767,0.0
2046-02-09 15:00:00,3.0204814814213767,0.0
2046-02-09 15:30:00,3.0204814814213767,0.0
2046-02-09 16:00:00,3.0204814814213767,0.0
2046-02-09 16:30:00,3.0204814814213767,0.0
2046-02-09 17:00:00,3.0204814814213767,0.0
2046-02-09 17:30:00,3.0204814814213767,0.0
2046-02-09 18:00:00,3.0204814814213767,0.0
2046-02-09 18:30:00,3.0204814814213767,0.0
2046-02-09 19:00:00,3.0204814814213767,0.0
2046-02-09 19:30:00,3.0204814814213767,0.0
2046-02-09 20:00:00,3.0204814814213767,0.012030294561953316
2046-02-09 20:30:00,3.0139432778550925,0.0
2046-02-09 21:00:00,3.0139432778550925,0.0
2046-02-09 21:30:00,3.0139432778550925,-0.014213486013661115
2046-02-09 22:00:00,3.0204814814213767,0.0
2046-02-09 22:30:00,3.0204814814213767,0.0
2046-02-09 23:00:00,3.0204814814213767,0.0
2046-02-09 23:30:00,3.0204814814213767,0.0
2046-02-10 00:00:00,3.0204814814213767,0.0
2046-02-10 00:30:00,3.0204814814213767,0.0
2046-02-10 01:00:00,3.0204814814213767,0.0
2046-02-10 01:30:00,3.0204814814213767,0.0
2046-02-10 02:00:00,3.0204814814213767,0.0
2046-02-10 02:30:00,3.0204814814213767,0.0
2046-02-10 03:00:00,3.0204814814213767,0.0
2046-02-10 03:30:00,3.0204814814213767,0.0
2046-02-10 04:00:00,3.0204814814213767,0.0
2046-02-10 04:30:00,3.0204814814213767,0.0
2046-02-10 05:00:00,3.0204814814213767,0.0
2046-02-10 05:30:00,3.0204814814213767,0.0
2046-02-10 06:00:00,3.0204814814213767,0.0
2046-02-10 06:30:00,3.0204814814213767,0.0
2046-02-10 07:00:00,3.0204814814213767,0.0
2046-02-10 07:30:00,3.0204814814213767,0.0
2046-02-10 08:00:00,3.0204814814213767,0.0
2046-02-10 08:30:00,3.0204814814213767,0.0
2046-02-10 09:00:00,3.0204814814213767,0.0
2046-02-10 09:30:00,3.0204814814213767,0.0
2046-02-10 10:00:00,3.0204814814213767,0.0
2046-02-10 10:30:00,3.0204814814213767,0.0
2046-02-10 11:00:00,3.0204814814213767,0.0
2046-02-10 11:30:00,3.0204814814213767,0.0
2046-02-10 12:00:00,3.0204814814213767,0.0
2046-02-10 12:30:00,3.0204814814213767,0.0
2046-02-10 13:00:00,3.0204814814213767,0.0
2046-02-10 13:30:00,3.0204814814213767,0.0
2046-02-10 14:00:00,3.0204814814213767,0.0
2046-02-10 14:30:00,3.0204814814213767,0.0
2046-02-10 15:00:00,3.0204814814213767,0.0
2046-02-10 15:30:00,3.0204814814213767,0.0
2046-02-10 16:00:00,3.0204814814213767,0.0
2046-02-10 16:30:00,3.0204814814213767,0.0
2046-02-10 17:00:00,3.0204814814213767,0.0
2046-02-10 17:30:00,3.0204814814213767,0.0
2046-02-10 18:00:00,3.0204814814213767,0.0
2046-02-10 18:30:00,3.0204814814213767,0.0
2046-02-10 19:00:00,3.0204814814213767,0.0
2046-02-10 19:30:00,3.0204814814213767,0.0
2046-02-10 20:00:00,3.0204814814213767,0.0
2046-02-10 20:30:00,3.0204814814213767,0.0
2046-02-10 21:00:00,3.0204814814213767,0.0
2046-02-10 21:30:00,3.0204814814213767,0.0
2046-02-10 22:00:00,3.0204814814213767,0.0
2046-02-10 22:30:00,3.0204814814213767,0.0
2046-02-10 23:00:00,3.0204814814213767,0.0
2046-02-10 23:30:00,3.0204814814213767,0.0
2046-02-11 00:00:00,3.0204814814213767,0.014213486013661115
2046-02-11 00:30:00,3.0127567607617722,0.0
2046-02-11 01:00:00,3.0127567607617722,0.0
2046-02-11 01:30:00,3.0127567607617722,0.0
2046-02-11 02:00:00,3.0127567607617722,0.0
2046-02-11 02:30:00,3.0127567607617722,0.0
2046-02-11 03:00:00,3.0127567607617722,0.0
2046-02-11 03:30:00,3.0127567607617722,0.014213486013661115
2046-02-11 04:00:00,3.0050320401021677,0.0
2046-02-11 04:30:00,3.0050320401021677,0.005480720206830533
2046-02-11 05:00:00,3.0020533878158444,0.0
2046-02-11 05:30:00,3.0020533878158444,0.014213486013661115
2046-02-11 06:00:00,2.99432866715624,0.0
2046-02-11 06:30:00,2.99432866715624,0.0
2046-02-11 07:00:00,2.99432866715624,0.0
2046-02-11 07:30:00,2.99432866715624,0.0
2046-02-11 08:00:00,2.99432866715624,-0.014213486013661115
2046-02-11 08:30:00,3.000866870722524,-0.014213486013661115
2046-02-11 09:00:00,3.0074050742888083,-0.014213486013661115
2046-02-11 09:30:00,3.0139432778550925,-0.014213486013661115
2046-02-11 10:00:00,3.0204814814213767,0.0
2046-02-11 10:30:00,3.0204814814213767,0.0
2046-02-11 11:00:00,3.0204814814213767,0.0
2046-02-11 11:30:00,3.0204814814213767,0.0
2046-02-11 12:00:00,3.0204814814213767,0.0
2046-02-11 12:30:00,3.0204814814213767,0.0
2046-02-11 13:00:00,3.0204814814213767,0.0
2046-02-11 13:30:00,3.0204814814213767,0.0
2046-02-11 14:00:00,3.0204814814213767,0.0
2046-02-11 14:30:00,3.0204814814213767,0.0
2046-02-11 15:00:00,3.0204814814213767,0.0
2046-02-11 15:30:00,3.0204814814213767,0.0
2046-02-11 16:00:00,3.0204814814213767,0.0
2046-02-11 16:30:00,3.0204814814213767,0.0
2046-02-11 17:00:00,3.0204814814213767,0.0
2046-02-11 17:30:00,3.0204814814213767,0.0
2046-02-11 18:00:00,3.0204814814213767,0.0
2046-02-11 18:30:00,3.0204814814213767,0.0
2046-02-11 19:00:00,3.0204814814213767,0.0
2046-02-11 19:30:00,3.0204814814213767,0.0
2046-02-11 20:00:00,3.0204814814213767,0.0
2046-02-11 20:30:00,3.0204814814213767,0.0
2046-02-11 21:00:00,3.0204814814213767,0.0
2046-02-11 21:30:00,3.0204814814213767,0.0
2046-02-11 22:00:00,3.0204814814213767,0.0
2046-02-11 22:30:00,3.0204814814213767,0.0
2046-02-11 23:00:00,3.0204814814213767,0.0
2046-02-11 23:30:00,3.0204814814213767,0.0
2046-02-12 00:00:00,3.0204814814213767,0.005480720206830533
2046-02-12 00:30:00,3.0175028291350534,0.0
2046-02-12 01:00:00,3.0175028291350534,0.0
2046-02-12 01:30:00,3.0175028291350534,0.0
2046-02-12 02:00:00,3.0175028291350534,0.0
2046-02-12 02:30:00,3.0175028291350534,0.0
2046-02-12 03:00:00,3.0175028291350534,0.0
2046-02-12 03:30:00,3.0175028291350534,0.0
2046-02-12 04:00:00,3.0175028291350534,0.014213486013661115
2046-02-12 04:30:00,3.009778108475449,0.0
2046-02-12 05:00:00,3.009778108475449,0.0
2046-02-12 05:30:00,3.009778108475449,0.0
2046-02-12 06:00:00,3.009778108475449,0.014213486013661115
2046-02-12 06:30:00,3.0020533878158444,0.014213486013661115
2046-02-12 07:00:00,2.99432866715624,0.0
2046-02-12 07:30:00,2.99432866715624,0.0
2046-02-12 08:00:00,2.99432866715624,-0.014213486013661115
2046-02-12 08:30:00,3.000866870722524,-0.014213486013661115
2046-02-12 09:00:00,3.0074050742888083,-0.014213486013661115
2046-02-12 09:30:00,3.0139432778550925,-0.014213486013661115
2046-02-12 10:00:00,3.0204814814213767,0.0
2046-02-12 10:30:00,3.0204814814213767,0.0
2046-02-12 11:00:00,3.0204814814213767,0.0
2046-02-12 11:30:00,3.0204814814213767,0.0
2046-02-12 12:00:00,3.0204814814213767,0.0
2046-02-12 12:30:00,3.0204814814213767,0.0
2046-02-12 13:00:00,3.0204814814213767,0.0
2046-02-12 13:30:00,3.0204814814213767,0.0
2046-02-12 14:00:00,3.0204814814213767,0.0
2046-02-12 14:30:00,3.0204814814213767,0.0
2046-02-12 15:00:00,3.0204814814213767,0.0
2046-02-12 15:30:00,3.0204814814213767,0.0
2046-02-12 16:00:00,3.0204814814213767,0.0
2046-02-12 16:30:00,3.0204814814213767,0.0
2046-02-12 17:00:00,3.0204814814213767,0.0
2046-02-12 17:30:00,3.0204814814213767,0.0
2046-02-12 18:00:00,3.0204814814213767,0.0
2046-02-12 18:30:00,3.0204814814213767,0.0
2046-02-12 19:00:00,3.0204814814213767,0.0
2046-02-12 19:30:00,3.0204814814213767,0.014213486013661115
2046-02-12 20:00:00,3.0127567607617722,0.0
2046-02-12 20:30:00,3.0127567607617722,0.0
2046-02-12 21:00:00,3.0127567607617722,0.0
2046-02-12 21:30:00,3.0127567607617722,0.0
2046-02-12 22:00:00,3.0127567607617722,0.014213486013661115
2046-02-12 22:30:00,3.0050320401021677,0.0
2046-02-12 23:00:00,3.0050320401021677,0.0
2046-02-12 23:30:00,3.0050320401021677,0.0
2046-02-13 00:00:00,3.0050320401021677,0.0
2046-02-13 00:30:00,3.0050320401021677,0.0
2046-02-13 01:00:00,3.0050320401021677,0.0
2046-02-13 01:30:00,3.0050320401021677,0.014213486013661115
2046-02-13 02:00:00,2.9973073194425632,0.0
2046-02-13 02:30:00,2.9973073194425632,0.0
2046-02-13 03:00:00,2.9973073194425632,0.0
2046-02-13 03:30:00,2.9973073194425632,0.0
2046-02-13 04:00:00,2.9973073194425632,0.0
2046-02-13 04:30:00,2.9973073194425632,0.0
2046-02-13 05:00:00,2.9973073194425632,0.0
2046-02-13 05:30:00,2.9973073194425632,0.0
2046-02-13 06:00:00,2.9973073194425632,0.0
2046-02-13 06:30:00,2.9973073194425632,0.014213486013661115
2046-02-13 07:00:00,2.9895825987829587,0.0
2046-02-13 07:30:00,2.9895825987829587,0.0
2046-02-13 08:00:00,2.9895825987829587,0.0
2046-02-13 08:30:00,2.9895825987829587,0.0
2046-02-13 09:00:00,2.9895825987829587,-0.0103175399419156
2046-02-13 09:30:00,2.99432866715624,-0.014213486013661115
2046-02-13 10:00:00,3.000866870722524,-0.014213486013661115
2046-02-13 10:30:00,3.0074050742888083,-0.014213486013661115
2046-02-13 11:00:00,3.0139432778550925,-0.014213486013661115
2046-02-13 11:30:00,3.0204814814213767,0.0
2046-02-13 12:00:00,3.0204814814213767,0.0
2046-02-13 12:30:00,3.0204814814213767,0.0
2046-02-13 13:00:00,3.0204814814213767,0.0
2046-02-13 13:30:00,3.0204814814213767,0.0
2046-02-13 14:00:00,3.0204814814213767,0.0
2046-02-13 14:30:00,3.0204814814213767,0.0
2046-02-13 15:00:00,3.0204814814213767,0.0
2046-02-13 15:30:00,3.0204814814213767,0.0
2046-02-13 16:00:00,3.0204814814213767,0.0
2046-02-13 16:30:00,3.0204814814213767,0.0
2046-02-13 17:00:00,3.0204814814213767,0.0
2046-02-13 17:30:00,3.0204814814213767,0.0
2046-02-13 18:00:00,3.0204814814213767,0.014213486013661115
2046-02-13 18:30:00,3.0127567607617722,0.014213486013661115
2046-02-13 19:00:00,3.0050320401021677,0.014213486013661115
2046-02-13 19:30:00,2.9973073194425632,0.0
2046-02-13 20:00:00,2.9973073194425632,0.014213486013661115
2046-02-13 20:30:00,2.9895825987829587,0.0
2046-02-13 21:00:00,2.9895825987829587,0.0
2046-02-13 21:30:00,2.9895825987829587,0.0
2046-02-13 22:00:00,2.9895825987829587,0.0
2046-02-13 22:30:00,2.9895825987829587,0.0
2046-02-13 23:00:00,2.9895825987829587,0.0
2046-02-13 23:30:00,2.9895825987829587,0.0
2046-02-14 00:00:00,2.9895825987829587,0.0
2046-02-14 00:30:00,2.9895825987829587,0.0
2046-02-14 01:00:00,2.9895825987829587,0.014213486013661115
2046-02-14 01:30:00,2.9818578781233542,0.0
2046-02-14 02:00:00,2.9818578781233542,0.0
2046-02-14 02:30:00,2.9818578781233542,0.0
2046-02-14 03:00:00,2.9818578781233542,0.0
2046-02-14 03:30:00,2.9818578781233542,0.0
2046-02-14 04:00:00,2.9818578781233542,0.0
2046-02-14 04:30:00,2.9818578781233542,0.0
2046-02-14 05:00:00,2.9818578781233542,0.0
2046-02-14 05:30:00,2.9818578781233542,0.0
2046-02-14 06:00:00,2.9818578781233542,0.0
2046-02-14 06:30:00,2.9818578781233542,0.0
2046-02-14 07:00:00,2.9818578781233542,0.0
2046-02-14 07:30:00,2.9818578781233542,0.0
2046-02-14 08:00:00,2.9818578781233542,0.0
2046-02-14 08:30:00,2.9818578781233542,0.0
2046-02-14 09:00:00,2.9818578781233542,-0.014213486013661115
2046-02-14 09:30:00,2.9883960816896384,-0.014213486013661115
2046-02-14 10:00:00,2.9949342852559226,-0.014213486013661115
2046-02-14 10:30:00,3.001472488822207,0.0
2046-02-14 11:00:00,3.001472488822207,-0.014213486013661115
2046-02-14 11:30:00,3.008010692388491,-0.012896924927394499
2046-02-14 12:00:00,3.0139432778550925,0.0
2046-02-14 12:30:00,3.0139432778550925,-0.014213486013661115
2046-02-14 13:00:00,3.0204814814213767,0.0
2046-02-14 13:30:00,3.0204814814213767,0.0
2046-02-14 14:00:00,3.0204814814213767,0.0
2046-02-14 14:30:00,3.0204814814213767,0.0
2046-02-14 15:00:00,3.0204814814213767,0.0
2046-02-14 15:30:00,3.0204814814213767,0.0
2046-02-14 16:00:00,3.0204814814213767,0.0
2046-02-14 16:30:00,3.0204814814213767,0.0
2046-02-14 17:00:00,3.0204814814213767,0.0
2046-02-14 17:30:00,3.0204814814213767,0.0
2046-02-14 18:00:00,3.0204814814213767,0.0
2046-02-14 18:30:00,3.0204814814213767,0.0
2046-02-14 19:00:00,3.0204814814213767,0.0
2046-02-14 19:30:00,3.0204814814213767,0.014213486013661115
2046-02-14 20:00:00,3.0127567607617722,4.548315512309301e-05
2046-02-14 20:30:00,3.012732041655727,0.014213486013661115
2046-02-14 21:00:00,3.0050073209961226,0.0
2046-02-14 21:30:00,3.0050073209961226,0.0
2046-02-14 22:00:00,3.0050073209961226,0.0
2046-02-14 22:30:00,3.0050073209961226,0.0
2046-02-14 23:00:00,3.0050073209961226,0.0
2046-02-14 23:30:00,3.0050073209961226,0.014213486013661115
2046-02-15 00:00:00,2.997282600336518,0.0
2046-02-15 00:30:00,2.997282600336518,0.0
2046-02-15 01:00:00,2.997282600336518,0.014213486013661115
2046-02-15 01:30:00,2.9895578796769136,0.0
2046-02-15 02:00:00,2.9895578796769136,0.014213486013661115
2046-02-15 02:30:00,2.981833159017309,0.0
2046-02-15 03:00:00,2.981833159017309,0.0
2046-02-15 03:30:00,2.981833159017309,0.014213486013661115
2046-02-15 04:00:00,2.9741084383577046,0.0
2046-02-15 04:30:00,2.9741084383577046,0.014213486013661115
2046-02-15 05:00:00,2.9663837176981,0.0
2046-02-15 05:30:00,2.9663837176981,0.014213486013661115
2046-02-15 06:00:00,2.9586589970384956,0.014213486013661115
2046-02-15 06:30:00,2.950934276378891,0.014213486013661115
2046-02-15 07:00:00,2.9432095557192866,0.0
2046-02-15 07:30:00,2.9432095557192866,0.0
2046-02-15 08:00:00,2.9432095557192866,0.014213486013661115
2046-02-15 08:30:00,2.935484835059682,0.0
2046-02-15 09:00:00,2.935484835059682,0.0
2046-02-15 09:30:00,2.935484835059682,0.0
2046-02-15 10:00:00,2.935484835059682,-0.014213486013661115
2046-02-15 10:30:00,2.9420230386259663,-0.014213486013661115
2046-02-15 11:00:00,2.9485612421922505,-0.014213486013661115
2046-02-15 11:30:00,2.9550994457585347,-0.014213486013661115
2046-02-15 12:00:00,2.961637649324819,-0.014213486013661115
2046-02-15 12:30:00,2.968175852891103,-0.014213486013661115
2046-02-15 13:00:00,2.9747140564573873,-0.014213486013661115
2046-02-15 13:30:00,2.9812522600236715,-0.014213486013661115
2046-02-15 14:00:00,2.9877904635899557,-0.014213486013661115
2046-02-15 14:30:00,2.99432866715624,-0.014213486013661115
2046-02-15 15:00:00,3.000866870722524,-0.014213486013661115
2046-02-15 15:30:00,3.0074050742888083,-0.014213486013661115
2046-02-15 16:00:00,3.0139432778550925,-0.014213486013661115
2046-02-15 16:30:00,3.0204814814213767,0.0
2046-02-15 17:00:00,3.0204814814213767,0.0
2046-02-15 17:30:00,3.0204814814213767,0.0
2046-02-15 18:00:00,3.0204814814213767,0.0
2046-02-15 18:30:00,3.0204814814213767,0.0
2046-02-15 19:00:00,3.0204814814213767,0.0
2046-02-15 19:30:00,3.0204814814213767,0.0
2046-02-15 20:00:00,3.0204814814213767,0.0
2046-02-15 20:30:00,3.0204814814213767,0.0
2046-02-15 21:00:00,3.0204814814213767,0.0
2046-02-15 21:30:00,3.0204814814213767,0.0
2046-02-15 22:00:00,3.0204814814213767,0.0
2046-02-15 22:30:00,3.0204814814213767,0.0
2046-02-15 23:00:00,3.0204814814213767,0.0
2046-02-15 23:30:00,3.0204814814213767,0.0
2046-02-16 00:00:00,3.0204814814213767,0.0
2046-02-16 00:30:00,3.0204814814213767,0.0
2046-02-16 01:00:00,3.0204814814213767,0.0
2046-02-16 01:30:00,3.0204814814213767,0.0
2046-02-16 02:00:00,3.0204814814213767,0.0
2046-02-16 02:30:00,3.0204814814213767,0.0
2046-02-16 03:00:00,3.0204814814213767,0.0
2046-02-16 03:30:00,3.0204814814213767,0.0
2046-02-16 04:00:00,3.0204814814213767,0.0
2046-02-16 04:30:00,3.0204814814213767,0.014213486013661115
2046-02-16 05:00:00,3.0127567607617722,0.0
2046-02-16 05:30:00,3.0127567607617722,0.0
2046-02-16 06:00:00,3.0127567607617722,0.014213486013661115
2046-02-16 06:30:00,3.0050320401021677,0.0
2046-02-16 07:00:00,3.0050320401021677,0.0
2046-02-16 07:30:00,3.0050320401021677,0.0
2046-02-16 08:00:00,3.0050320401021677,0.0
2046-02-16 08:30:00,3.0050320401021677,-0.014213486013661115
2046-02-16 09:00:00,3.011570243668452,0.0
2046-02-16 09:30:00,3.011570243668452,-0.014213486013661115
2046-02-16 10:00:00,3.018108447234736,-0.0051587699709578
2046-02-16 10:30:00,3.0204814814213767,0.0
2046-02-16 11:00:00,3.0204814814213767,0.0
2046-02-16 11:30:00,3.0204814814213767,0.0
2046-02-16 12:00:00,3.0204814814213767,0.0
2046-02-16 12:30:00,3.0204814814213767,0.0
2046-02-16 13:00:00,3.0204814814213767,0.0
2046-02-16 13:30:00,3.0204814814213767,0.0
2046-02-16 14:00:00,3.0204814814213767,0.0
2046-02-16 14:30:00,3.0204814814213767,0.0
2046-02-16 15:00:00,3.0204814814213767,0.0
2046-02-16 15:30:00,3.0204814814213767,0.0
2046-02-16 16:00:00,3.0204814814213767,0.0
2046-02-16 16:30:00,3.0204814814213767,0.0
2046-02-16 17:00:00,3.0204814814213767,0.0
2046-02-16 17:30:00,3.0204814814213767,0.0
2046-02-16 18:00:00,3.0204814814213767,0.0
2046-02-16 18:30:00,3.0204814814213767,0.0
2046-02-16 19:00:00,3.0204814814213767,0.0
2046-02-16 19:30:00,3.0204814814213767,0.0
2046-02-16 20:00:00,3.0204814814213767,0.014213486013661115
2046-02-16 20:30:00,3.0127567607617722,0.0
2046-02-16 21:00:00,3.0127567607617722,0.0
2046-02-16 21:30:00,3.0127567607617722,0.0
2046-02-16 22:00:00,3.0127567607617722,0.0
2046-02-16 22:30:00,3.0127567607617722,0.0
2046-02-16 23:00:00,3.0127567607617722,0.0
2046-02-16 23:30:00,3.0127567607617722,0.0
2046-02-17 00:00:00,3.0127567607617722,0.0
2046-02-17 00:30:00,3.0127567607617722,0.0
2046-02-17 01:00:00,3.0127567607617722,0.0
2046-02-17 01:30:00,3.0127567607617722,0.0
2046-02-17 02:00:00,3.0127567607617722,0.0
2046-02-17 02:30:00,3.0127567607617722,0.0
2046-02-17 03:00:00,3.0127567607617722,0.0
2046-02-17 03:30:00,3.0127567607617722,0.0
2046-02-17 04:00:00,3.0127567607617722,0.0
2046-02-17 04:30:00,3.0127567607617722,0.0
2046-02-17 05:00:00,3.0127567607617722,0.0
2046-02-17 05:30:00,3.0127567607617722,0.0
2046-02-17 06:00:00,3.0127567607617722,0.0
2046-02-17 06:30:00,3.0127567607617722,0.0
2046-02-17 07:00:00,3.0127567607617722,0.0
2046-02-17 07:30:00,3.0127567607617722,0.0
2046-02-17 08:00:00,3.0127567607617722,-0.0025793849854789
2046-02-17 08:30:00,3.0139432778550925,-0.014213486013661115
2046-02-17 09:00:00,3.0204814814213767,0.0
2046-02-17 09:30:00,3.0204814814213767,0.0
2046-02-17 10:00:00,3.0204814814213767,0.0
2046-02-17 10:30:00,3.0204814814213767,0.0
2046-02-17 11:00:00,3.0204814814213767,0.0
2046-02-17 11:30:00,3.0204814814213767,0.0
2046-02-17 12:00:00,3.0204814814213767,0.0
2046-02-17 12:30:00,3.0204814814213767,0.0
2046-02-17 13:00:00,3.0204814814213767,0.0
2046-02-17 13:30:00,3.0204814814213767,0.0
2046-02-17 14:00:00,3.0204814814213767,0.0
2046-02-17 14:30:00,3.0204814814213767,0.0
2046-02-17 15:00:00,3.0204814814213767,0.0
2046-02-17 15:30:00,3.0204814814213767,0.0
2046-02-17 16:00:00,3.0204814814213767,0.0
2046-02-17 16:30:00,3.0204814814213767,0.0
2046-02-17 17:00:00,3.0204814814213767,0.0
2046-02-17 17:30:00,3.0204814814213767,0.0
2046-02-17 18:00:00,3.0204814814213767,0.0
2046-02-17 18:30:00,3.0204814814213767,0.0
2046-02-17 19:00:00,3.0204814814213767,0.0
2046-02-17 19:30:00,3.0204814814213767,0.0
2046-02-17 20:00:00,3.0204814814213767,0.0
2046-02-17 20:30:00,3.0204814814213767,0.0
2046-02-17 21:00:00,3.0204814814213767,0.0
2046-02-17 21:30:00,3.0204814814213767,0.0
2046-02-17 22:00:00,3.0204814814213767,0.0
2046-02-17 22:30:00,3.0204814814213767,0.0
2046-02-17 23:00:00,3.0204814814213767,0.0
2046-02-17 23:30:00,3.0204814814213767,0.0
2046-02-18 00:00:00,3.0204814814213767,0.0
2046-02-18 00:30:00,3.0204814814213767,0.0
2046-02-18 01:00:00,3.0204814814213767,0.0
2046-02-18 01:30:00,3.0204814814213767,0.0
2046-02-18 02:00:00,3.0204814814213767,0.0
2046-02-18 02:30:00,3.0204814814213767,0.0
2046-02-18 03:00:00,3.0204814814213767,0.0
2046-02-18 03:30:00,3.0204814814213767,0.01314463186536866
2046-02-18 04:00:00,3.01333765975541,0.014213486013661115
2046-02-18 04:30:00,3.0056129390958053,0.014213486013661115
2046-02-18 05:00:00,2.997888218436201,0.014213486013661115
2046-02-18 05:30:00,2.9901634977765963,0.014213486013661115
2046-02-18 06:00:00,2.982438777116992,0.0
2046-02-18 06:30:00,2.982438777116992,0.014213486013661115
2046-02-18 07:00:00,2.9747140564573873,0.0
2046-02-18 07:30:00,2.9747140564573873,0.0
2046-02-18 08:00:00,2.9747140564573873,0.0
2046-02-18 08:30:00,2.9747140564573873,0.0
2046-02-18 09:00:00,2.9747140564573873,0.0
2046-02-18 09:30:00,2.9747140564573873,0.0
2046-02-18 10:00:00,2.9747140564573873,0.0
2046-02-18 10:30:00,2.9747140564573873,0.0
2046-02-18 11:00:00,2.9747140564573873,0.0
2046-02-18 11:30:00,2.9747140564573873,-0.014213486013661115
2046-02-18 12:00:00,2.9812522600236715,0.0
2046-02-18 12:30:00,2.9812522600236715,0.0
2046-02-18 13:00:00,2.9812522600236715,-0.014213486013661115
2046-02-18 13:30:00,2.9877904635899557,-0.014213486013661115
2046-02-18 14:00:00,2.99432866715624,-0.014213486013661115
2046-02-18 14:30:00,3.000866870722524,-0.014213486013661115
2046-02-18 15:00:00,3.0074050742888083,-0.014213486013661115
2046-02-18 15:30:00,3.0139432778550925,-0.014213486013661115
2046-02-18 16:00:00,3.0204814814213767,0.0
2046-02-18 16:30:00,3.0204814814213767,0.0
2046-02-18 17:00:00,3.0204814814213767,0.0
2046-02-18 17:30:00,3.0204814814213767,0.0
2046-02-18 18:00:00,3.0204814814213767,0.0
2046-02-18 18:30:00,3.0204814814213767,0.0
2046-02-18 19:00:00,3.0204814814213767,0.0
2046-02-18 19:30:00,3.0204814814213767,0.0
2046-02-18 20:00:00,3.0204814814213767,0.0
2046-02-18 20:30:00,3.0204814814213767,0.0
2046-02-18 21:00:00,3.0204814814213767,0.0
2046-02-18 21:30:00,3.0204814814213767,0.0
2046-02-18 22:00:00,3.0204814814213767,0.0
2046-02-18 22:30:00,3.0204814814213767,0.0
2046-02-18 23:00:00,3.0204814814213767,0.0
2046-02-18 23:30:00,3.0204814814213767,0.0
2046-02-19 00:00:00,3.0204814814213767,0.0
2046-02-19 00:30:00,3.0204814814213767,0.0
2046-02-19 01:00:00,3.0204814814213767,0.0
2046-02-19 01:30:00,3.0204814814213767,0.0
2046-02-19 02:00:00,3.0204814814213767,0.0
2046-02-19 02:30:00,3.0204814814213767,0.00877824896195347
2046-02-19 03:00:00,3.0157106939420504,0.014213486013661115
2046-02-19 03:30:00,3.007985973282446,0.014213486013661115
2046-02-19 04:00:00,3.0002612526228414,0.014213486013661115
2046-02-19 04:30:00,2.992536531963237,0.014213486013661115
2046-02-19 05:00:00,2.9848118113036324,0.014213486013661115
2046-02-19 05:30:00,2.977087090644028,0.0
2046-02-19 06:00:00,2.977087090644028,0.014213486013661115
2046-02-19 06:30:00,2.9693623699844234,0.0
2046-02-19 07:00:00,2.9693623699844234,0.014213486013661115
2046-02-19 07:30:00,2.961637649324819,0.0
2046-02-19 08:00:00,2.961637649324819,0.0
2046-02-19 08:30:00,2.961637649324819,0.0
2046-02-19 09:00:00,2.961637649324819,0.0
2046-02-19 09:30:00,2.961637649324819,0.0
2046-02-19 10:00:00,2.961637649324819,0.0
2046-02-19 10:30:00,2.961637649324819,0.0
2046-02-19 11:00:00,2.961637649324819,-0.014213486013661115
2046-02-19 11:30:00,2.968175852891103,-0.014213486013661115
2046-02-19 12:00:00,2.9747140564573873,-0.014213486013661115
2046-02-19 12:30:00,2.9812522600236715,-0.014213486013661115
2046-02-19 13:00:00,2.9877904635899557,-0.014213486013661115
2046-02-19 13:30:00,2.99432866715624,-0.014213486013661115
2046-02-19 14:00:00,3.000866870722524,-0.014213486013661115
2046-02-19 14:30:00,3.0074050742888083,-0.014213486013661115
2046-02-19 15:00:00,3.0139432778550925,-0.014213486013661115
2046-02-19 15:30:00,3.0204814814213767,0.0
2046-02-19 16:00:00,3.0204814814213767,0.0
2046-02-19 16:30:00,3.0204814814213767,0.0
2046-02-19 17:00:00,3.0204814814213767,0.0
2046-02-19 17:30:00,3.0204814814213767,0.0
2046-02-19 18:00:00,3.0204814814213767,0.0
2046-02-19 18:30:00,3.0204814814213767,0.0
2046-02-19 19:00:00,3.0204814814213767,0.0
2046-02-19 19:30:00,3.0204814814213767,0.0
2046-02-19 20:00:00,3.0204814814213767,0.0
2046-02-19 20:30:00,3.0204814814213767,0.0
2046-02-19 21:00:00,3.0204814814213767,0.0
2046-02-19 21:30:00,3.0204814814213767,0.0
2046-02-19 22:00:00,3.0204814814213767,0.0
2046-02-19 22:30:00,3.0204814814213767,0.0
2046-02-19 23:00:00,3.0204814814213767,0.0
2046-02-19 23:30:00,3.0204814814213767,0.014213486013661115
2046-02-20 00:00:00,3.0127567607617722,0.0
2046-02-20 00:30:00,3.0127567607617722,0.0
2046-02-20 01:00:00,3.0127567607617722,0.0
2046-02-20 01:30:00,3.0127567607617722,0.0
2046-02-20 02:00:00,3.0127567607617722,0.0
2046-02-20 02:30:00,3.0127567607617722,0.0
2046-02-20 03:00:00,3.0127567607617722,0.0
2046-02-20 03:30:00,3.0127567607617722,0.0
2046-02-20 04:00:00,3.0127567607617722,0.0
2046-02-20 04:30:00,3.0127567607617722,0.0
2046-02-20 05:00:00,3.0127567607617722,0.0
2046-02-20 05:30:00,3.0127567607617722,0.0
2046-02-20 06:00:00,3.0127567607617722,0.0
2046-02-20 06:30:00,3.0127567607617722,0.014213486013661115
2046-02-20 07:00:00,3.0050320401021677,0.014213486013661115
2046-02-20 07:30:00,2.9973073194425632,0.0
2046-02-20 08:00:00,2.9973073194425632,0.0
2046-02-20 08:30:00,2.9973073194425632,-0.0077381549564366995
2046-02-20 09:00:00,3.000866870722524,0.0
2046-02-20 09:30:00,3.000866870722524,-0.014213486013661115
2046-02-20 10:00:00,3.0074050742888083,-0.014213486013661115
2046-02-20 10:30:00,3.0139432778550925,-0.014213486013661115
2046-02-20 11:00:00,3.0204814814213767,0.0
2046-02-20 11:30:00,3.0204814814213767,0.0
2046-02-20 12:00:00,3.0204814814213767,0.0
2046-02-20 12:30:00,3.0204814814213767,0.0
2046-02-20 13:00:00,3.0204814814213767,0.0
2046-02-20 13:30:00,3.0204814814213767,0.0
2046-02-20 14:00:00,3.0204814814213767,0.0
2046-02-20 14:30:00,3.0204814814213767,0.0
2046-02-20 15:00:00,3.0204814814213767,0.0
2046-02-20 15:30:00,3.0204814814213767,0.0
2046-02-20 16:00:00,3.0204814814213767,0.0
2046-02-20 16:30:00,3.0204814814213767,0.0
2046-02-20 17:00:00,3.0204814814213767,0.0
2046-02-20 17:30:00,3.0204814814213767,0.0
2046-02-20 18:00:00,3.0204814814213767,0.0
2046-02-20 18:30:00,3.0204814814213767,0.0
2046-02-20 19:00:00,3.0204814814213767,0.0
2046-02-20 19:30:00,3.0204814814213767,0.0
2046-02-20 20:00:00,3.0204814814213767,0.0
2046-02-20 20:30:00,3.0204814814213767,0.0
2046-02-20 21:00:00,3.0204814814213767,0.0
2046-02-20 21:30:00,3.0204814814213767,0.0
2046-02-20 22:00:00,3.0204814814213767,0.0
2046-02-20 22:30:00,3.0204814814213767,0.0
2046-02-20 23:00:00,3.0204814814213767,0.0
2046-02-20 23:30:00,3.0204814814213767,0.0
2046-02-21 00:00:00,3.0204814814213767,0.0
2046-02-21 00:30:00,3.0204814814213767,0.0
2046-02-21 01:00:00,3.0204814814213767,0.0
2046-02-21 01:30:00,3.0204814814213767,0.0
2046-02-21 02:00:00,3.0204814814213767,0.0
2046-02-21 02:30:00,3.0204814814213767,0.0
2046-02-21 03:00:00,3.0204814814213767,0.0
2046-02-21 03:30:00,3.0204814814213767,0.0
2046-02-21 04:00:00,3.0204814814213767,0.0
2046-02-21 04:30:00,3.0204814814213767,0.0
2046-02-21 05:00:00,3.0204814814213767,0.014213486013661115
2046-02-21 05:30:00,3.0127567607617722,0.0
2046-02-21 06:00:00,3.0127567607617722,0.0
2046-02-21 06:30:00,3.0127567607617722,0.014213486013661115
2046-02-21 07:00:00,3.0050320401021677,0.0
2046-02-21 07:30:00,3.0050320401021677,0.0
2046-02-21 08:00:00,3.0050320401021677,-0.0051587699709578
2046-02-21 08:30:00,3.0074050742888083,-0.014213486013661115
2046-02-21 09:00:00,3.0139432778550925,-0.014213486013661115
2046-02-21 09:30:00,3.0204814814213767,0.0
2046-02-21 10:00:00,3.0204814814213767,0.0
2046-02-21 10:30:00,3.0204814814213767,0.0
2046-02-21 11:00:00,3.0204814814213767,0.0
2046-02-21 11:30:00,3.0204814814213767,0.0
2046-02-21 12:00:00,3.0204814814213767,0.0
2046-02-21 12:30:00,3.0204814814213767,0.0
2046-02-21 13:00:00,3.0204814814213767,0.0
2046-02-21 13:30:00,3.0204814814213767,0.0
2046-02-21 14:00:00,3.0204814814213767,0.0
2046-02-21 14:30:00,3.0204814814213767,0.0
2046-02-21 15:00:00,3.0204814814213767,0.0
2046-02-21 15:30:00,3.0204814814213767,0.0
2046-02-21 16:00:00,3.0204814814213767,0.0
2046-02-21 16:30:00,3.0204814814213767,0.0
2046-02-21 17:00:00,3.0204814814213767,0.0
2046-02-21 17:30:00,3.0204814814213767,0.0
2046-02-21 18:00:00,3.0204814814213767,0.0
2046-02-21 18:30:00,3.0204814814213767,0.0
2046-02-21 19:00:00,3.0204814814213767,0.0
2046-02-21 19:30:00,3.0204814814213767,0.0
2046-02-21 20:00:00,3.0204814814213767,0.014213486013661115
2046-02-21 20:30:00,3.0127567607617722,0.0
2046-02-21 21:00:00,3.0127567607617722,0.0
2046-02-21 21:30:00,3.0127567607617722,0.0
2046-02-21 22:00:00,3.0127567607617722,0.0
2046-02-21 22:30:00,3.0127567607617722,0.014213486013661115
2046-02-21 23:00:00,3.0050320401021677,0.0
2046-02-21 23:30:00,3.0050320401021677,0.0
2046-02-22 00:00:00,3.0050320401021677,0.0
2046-02-22 00:30:00,3.0050320401021677,0.0
2046-02-22 01:00:00,3.0050320401021677,0.0011143373034153438
2046-02-22 01:30:00,3.004426422002485,0.014213486013661115
2046-02-22 02:00:00,2.9967017013428805,0.0
2046-02-22 02:30:00,2.9967017013428805,0.0
2046-02-22 03:00:00,2.9967017013428805,0.0
2046-02-22 03:30:00,2.9967017013428805,0.014213486013661115
2046-02-22 04:00:00,2.988976980683276,0.0
2046-02-22 04:30:00,2.988976980683276,0.0
2046-02-22 05:00:00,2.988976980683276,0.014213486013661115
2046-02-22 05:30:00,2.9812522600236715,0.0
2046-02-22 06:00:00,2.9812522600236715,0.0
2046-02-22 06:30:00,2.9812522600236715,0.0
2046-02-22 07:00:00,2.9812522600236715,0.0
2046-02-22 07:30:00,2.9812522600236715,0.0
2046-02-22 08:00:00,2.9812522600236715,0.0
2046-02-22 08:30:00,2.9812522600236715,-0.014213486013661115
2046-02-22 09:00:00,2.9877904635899557,-0.014213486013661115
2046-02-22 09:30:00,2.99432866715624,-0.014213486013661115
2046-02-22 10:00:00,3.000866870722524,-0.014213486013661115
2046-02-22 10:30:00,3.0074050742888083,-0.014213486013661115
2046-02-22 11:00:00,3.0139432778550925,-0.014213486013661115
2046-02-22 11:30:00,3.0204814814213767,0.0
2046-02-22 12:00:00,3.0204814814213767,0.0
2046-02-22 12:30:00,3.0204814814213767,0.0
2046-02-22 13:00:00,3.0204814814213767,0.0
2046-02-22 13:30:00,3.0204814814213767,0.0
2046-02-22 14:00:00,3.0204814814213767,0.0
2046-02-22 14:30:00,3.0204814814213767,0.0
2046-02-22 15:00:00,3.0204814814213767,0.0
2046-02-22 15:30:00,3.0204814814213767,0.0
2046-02-22 16:00:00,3.0204814814213767,0.0
2046-02-22 16:30:00,3.0204814814213767,0.0
2046-02-22 17:00:00,3.0204814814213767,0.0
2046-02-22 17:30:00,3.0204814814213767,0.0
2046-02-22 18:00:00,3.0204814814213767,0.0
2046-02-22 18:30:00,3.0204814814213767,0.0
2046-02-22 19:00:00,3.0204814814213767,0.0
2046-02-22 19:30:00,3.0204814814213767,0.0
2046-02-22 20:00:00,3.0204814814213767,0.0
2046-02-22 20:30:00,3.0204814814213767,0.0
2046-02-22 21:00:00,3.0204814814213767,0.0
2046-02-22 21:30:00,3.0204814814213767,0.0
2046-02-22 22:00:00,3.0204814814213767,0.0
2046-02-22 22:30:00,3.0204814814213767,0.0
2046-02-22 23:00:00,3.0204814814213767,0.0
2046-02-22 23:30:00,3.0204814814213767,0.0
2046-02-23 00:00:00,3.0204814814213767,0.0
2046-02-23 00:30:00,3.0204814814213767,0.0
2046-02-23 01:00:00,3.0204814814213767,0.0
2046-02-23 01:30:00,3.0204814814213767,0.0
2046-02-23 02:00:00,3.0204814814213767,0.0
2046-02-23 02:30:00,3.0204814814213767,0.0
2046-02-23 03:00:00,3.0204814814213767,0.014213486013661115
2046-02-23 03:30:00,3.0127567607617722,0.0
2046-02-23 04:00:00,3.0127567607617722,0.0
2046-02-23 04:30:00,3.0127567607617722,0.014213486013661115
2046-02-23 05:00:00,3.0050320401021677,0.0
2046-02-23 05:30:00,3.0050320401021677,0.0
2046-02-23 06:00:00,3.0050320401021677,0.014213486013661115
2046-02-23 06:30:00,2.9973073194425632,0.0
2046-02-23 07:00:00,2.9973073194425632,0.0
2046-02-23 07:30:00,2.9973073194425632,0.0
2046-02-23 08:00:00,2.9973073194425632,-0.014213486013661115
2046-02-23 08:30:00,3.0038455230088474,0.0
2046-02-23 09:00:00,3.0038455230088474,-0.0077381549564366995
2046-02-23 09:30:00,3.0074050742888083,-0.014213486013661115
2046-02-23 10:00:00,3.0139432778550925,-0.014213486013661115
2046-02-23 10:30:00,3.0204814814213767,0.0
2046-02-23 11:00:00,3.0204814814213767,0.0
2046-02-23 11:30:00,3.0204814814213767,0.0
2046-02-23 12:00:00,3.0204814814213767,0.0
2046-02-23 12:30:00,3.0204814814213767,0.0
2046-02-23 13:00:00,3.0204814814213767,0.0
2046-02-23 13:30:00,3.0204814814213767,0.0
2046-02-23 14:00:00,3.0204814814213767,0.0
2046-02-23 14:30:00,3.0204814814213767,0.0
2046-02-23 15:00:00,3.0204814814213767,0.0
2046-02-23 15:30:00,3.0204814814213767,0.0
2046-02-23 16:00:00,3.0204814814213767,0.0
2046-02-23 16:30:00,3.0204814814213767,0.0
2046-02-23 17:00:00,3.0204814814213767,0.0
2046-02-23 17:30:00,3.0204814814213767,0.0
2046-02-23 18:00:00,3.0204814814213767,0.0
2046-02-23 18:30:00,3.0204814814213767,0.0
2046-02-23 19:00:00,3.0204814814213767,0.0
2046-02-23 19:30:00,3.0204814814213767,0.0
2046-02-23 20:00:00,3.0204814814213767,0.014213486013661115
2046-02-23 20:30:00,3.0127567607617722,0.0
2046-02-23 21:00:00,3.0127567607617722,0.0
2046-02-23 21:30:00,3.0127567607617722,0.0
2046-02-23 22:00:00,3.0127567607617722,0.0
2046-02-23 22:30:00,3.0127567607617722,0.0
2046-02-23 23:00:00,3.0127567607617722,0.0
2046-02-23 23:30:00,3.0127567607617722,0.014213486013661115
2046-02-24 00:00:00,3.0050320401021677,0.0
2046-02-24 00:30:00,3.0050320401021677,0.0
2046-02-24 01:00:00,3.0050320401021677,0.0
2046-02-24 01:30:00,3.0050320401021677,0.0
2046-02-24 02:00:00,3.0050320401021677,0.0
2046-02-24 02:30:00,3.0050320401021677,0.0
2046-02-24 03:00:00,3.0050320401021677,0.0
2046-02-24 03:30:00,3.0050320401021677,0.0
2046-02-24 04:00:00,3.0050320401021677,0.0
2046-02-24 04:30:00,3.0050320401021677,0.0
2046-02-24 05:00:00,3.0050320401021677,0.0
2046-02-24 05:30:00,3.0050320401021677,0.0
2046-02-24 06:00:00,3.0050320401021677,0.0
2046-02-24 06:30:00,3.0050320401021677,0.0
2046-02-24 07:00:00,3.0050320401021677,0.0
2046-02-24 07:30:00,3.0050320401021677,-0.0051587699709578
2046-02-24 08:00:00,3.0074050742888083,-0.014213486013661115
2046-02-24 08:30:00,3.0139432778550925,-0.014213486013661115
2046-02-24 09:00:00,3.0204814814213767,0.0
2046-02-24 09:30:00,3.0204814814213767,0.0
2046-02-24 10:00:00,3.0204814814213767,0.0
2046-02-24 10:30:00,3.0204814814213767,0.0
2046-02-24 11:00:00,3.0204814814213767,0.0
2046-02-24 11:30:00,3.0204814814213767,0.0
2046-02-24 12:00:00,3.0204814814213767,0.0
2046-02-24 12:30:00,3.0204814814213767,0.0
2046-02-24 13:00:00,3.0204814814213767,0.0
2046-02-24 13:30:00,3.0204814814213767,0.0
2046-02-24 14:00:00,3.0204814814213767,0.0
2046-02-24 14:30:00,3.0204814814213767,0.0
2046-02-24 15:00:00,3.0204814814213767,0.0
2046-02-24 15:30:00,3.0204814814213767,0.0
2046-02-24 16:00:00,3.0204814814213767,0.0
2046-02-24 16:30:00,3.0204814814213767,0.0
2046-02-24 17:00:00,3.0204814814213767,0.0
2046-02-24 17:30:00,3.0204814814213767,0.0
2046-02-24 18:00:00,3.0204814814213767,0.0
2046-02-24 18:30:00,3.0204814814213767,0.0
2046-02-24 19:00:00,3.0204814814213767,0.0
2046-02-24 19:30:00,3.0204814814213767,0.0
2046-02-24 20:00:00,3.0204814814213767,0.014213486013661115
2046-02-24 20:30:00,3.0127567607617722,0.0
2046-02-24 21:00:00,3.0127567607617722,0.0
2046-02-24 21:30:00,3.0127567607617722,0.0
2046-02-24 22:00:00,3.0127567607617722,0.0
2046-02-24 22:30:00,3.0127567607617722,0.0
2046-02-24 23:00:00,3.0127567607617722,0.009847103110245722
2046-02-24 23:30:00,3.0074050742888083,0.0
2046-02-25 00:00:00,3.0074050742888083,0.0
2046-02-25 00:30:00,3.0074050742888083,0.0
2046-02-25 01:00:00,3.0074050742888083,0.0
2046-02-25 01:30:00,3.0074050742888083,0.0
2046-02-25 02:00:00,3.0074050742888083,0.0
2046-02-25 02:30:00,3.0074050742888083,0.0
2046-02-25 03:00:00,3.0074050742888083,0.0
2046-02-25 03:30:00,3.0074050742888083,0.0
2046-02-25 04:00:00,3.0074050742888083,0.0
2046-02-25 04:30:00,3.0074050742888083,0.0
2046-02-25 05:00:00,3.0074050742888083,0.0
2046-02-25 05:30:00,3.0074050742888083,0.0
2046-02-25 06:00:00,3.0074050742888083,0.0
2046-02-25 06:30:00,3.0074050742888083,0.0
2046-02-25 07:00:00,3.0074050742888083,0.0
2046-02-25 07:30:00,3.0074050742888083,0.0
2046-02-25 08:00:00,3.0074050742888083,-0.014213486013661115
2046-02-25 08:30:00,3.0139432778550925,-0.014213486013661115
2046-02-25 09:00:00,3.0204814814213767,0.0
2046-02-25 09:30:00,3.0204814814213767,0.0
2046-02-25 10:00:00,3.0204814814213767,0.0
2046-02-25 10:30:00,3.0204814814213767,0.0
2046-02-25 11:00:00,3.0204814814213767,0.0
2046-02-25 11:30:00,3.0204814814213767,0.0
2046-02-25 12:00:00,3.0204814814213767,0.0
2046-02-25 12:30:00,3.0204814814213767,0.0
2046-02-25 13:00:00,3.0204814814213767,0.0
2046-02-25 13:30:00,3.0204814814213767,0.0
2046-02-25 14:00:00,3.0204814814213767,0.0
2046-02-25 14:30:00,3.0204814814213767,0.0
2046-02-25 15:00:00,3.0204814814213767,0.0
2046-02-25 15:30:00,3.0204814814213767,0.0
2046-02-25 16:00:00,3.0204814814213767,0.0
2046-02-25 16:30:00,3.0204814814213767,0.0
2046-02-25 17:00:00,3.0204814814213767,0.0
2046-02-25 17:30:00,3.0204814814213767,0.0
2046-02-25 18:00:00,3.0204814814213767,0.014213486013661115
2046-02-25 18:30:00,3.0127567607617722,0.014213486013661115
2046-02-25 19:00:00,3.0050320401021677,0.014213486013661115
2046-02-25 19:30:00,2.9973073194425632,0.014213486013661115
2046-02-25 20:00:00,2.9895825987829587,0.0
2046-02-25 20:30:00,2.9895825987829587,0.014213486013661115
2046-02-25 21:00:00,2.9818578781233542,0.0
2046-02-25 21:30:00,2.9818578781233542,0.014213486013661115
2046-02-25 22:00:00,2.9741331574637497,0.014213486013661115
2046-02-25 22:30:00,2.9664084368041452,0.0
2046-02-25 23:00:00,2.9664084368041452,0.014213486013661115
2046-02-25 23:30:00,2.9586837161445407,0.014213486013661115
2046-02-26 00:00:00,2.9509589954849362,0.0
2046-02-26 00:30:00,2.9509589954849362,0.014213486013661115
2046-02-26 01:00:00,2.9432342748253317,0.014213486013661115
2046-02-26 01:30:00,2.9355095541657272,0.0
2046-02-26 02:00:00,2.9355095541657272,0.0
2046-02-26 02:30:00,2.9355095541657272,0.0
2046-02-26 03:00:00,2.9355095541657272,0.014213486013661115
2046-02-26 03:30:00,2.9277848335061227,0.014213486013661115
2046-02-26 04:00:00,2.9200601128465182,0.014213486013661115
2046-02-26 04:30:00,2.9123353921869137,0.014213486013661115
2046-02-26 05:00:00,2.9046106715273092,0.0
2046-02-26 05:30:00,2.9046106715273092,0.014213486013661115
2046-02-26 06:00:00,2.8968859508677047,0.014213486013661115
2046-02-26 06:30:00,2.8891612302081002,0.014213486013661115
2046-02-26 07:00:00,2.8814365095484957,0.014213486013661115
2046-02-26 07:30:00,2.8737117888888912,0.014213486013661115
2046-02-26 08:00:00,2.8659870682292867,0.0
2046-02-26 08:30:00,2.8659870682292867,0.0
2046-02-26 09:00:00,2.8659870682292867,0.0
2046-02-26 09:30:00,2.8659870682292867,0.014213486013661115
2046-02-26 10:00:00,2.8582623475696822,0.014213486013661115
2046-02-26 10:30:00,2.8505376269100777,0.014213486013661115
2046-02-26 11:00:00,2.8428129062504732,0.0
2046-02-26 11:30:00,2.8428129062504732,0.0
2046-02-26 12:00:00,2.8428129062504732,0.0
2046-02-26 12:30:00,2.8428129062504732,0.0
2046-02-26 13:00:00,2.8428129062504732,0.0
2046-02-26 13:30:00,2.8428129062504732,0.0
2046-02-26 14:00:00,2.8428129062504732,0.0
2046-02-26 14:30:00,2.8428129062504732,0.0
2046-02-26 15:00:00,2.8428129062504732,0.0
2046-02-26 15:30:00,2.8428129062504732,0.0
2046-02-26 16:00:00,2.8428129062504732,0.0
2046-02-26 16:30:00,2.8428129062504732,0.0
2046-02-26 17:00:00,2.8428129062504732,0.0
2046-02-26 17:30:00,2.8428129062504732,0.0
2046-02-26 18:00:00,2.8428129062504732,0.0
2046-02-26 18:30:00,2.8428129062504732,0.0
2046-02-26 19:00:00,2.8428129062504732,0.014213486013661115
2046-02-26 19:30:00,2.8350881855908687,0.014213486013661115
2046-02-26 20:00:00,2.8273634649312642,0.014213486013661115
2046-02-26 20:30:00,2.8196387442716597,0.014213486013661115
2046-02-26 21:00:00,2.8119140236120552,0.014213486013661115
2046-02-26 21:30:00,2.8041893029524507,0.014213486013661115
2046-02-26 22:00:00,2.7964645822928462,0.0
2046-02-26 22:30:00,2.7964645822928462,0.014213486013661115
2046-02-26 23:00:00,2.7887398616332417,0.014213486013661115
2046-02-26 23:30:00,2.7810151409736372,0.014213486013661115
2046-02-27 00:00:00,2.7732904203140327,0.014213486013661115
2046-02-27 00:30:00,2.7655656996544282,0.014213486013661115
2046-02-27 01:00:00,2.7578409789948237,0.014213486013661115
2046-02-27 01:30:00,2.750116258335219,0.0
2046-02-27 02:00:00,2.750116258335219,0.014213486013661115
2046-02-27 02:30:00,2.7423915376756147,0.014213486013661115
2046-02-27 03:00:00,2.73466681701601,0.014213486013661115
2046-02-27 03:30:00,2.7269420963564057,0.014213486013661115
2046-02-27 04:00:00,2.719217375696801,0.014213486013661115
2046-02-27 04:30:00,2.7114926550371967,0.014213486013661115
2046-02-27 05:00:00,2.703767934377592,0.0
2046-02-27 05:30:00,2.703767934377592,0.014213486013661115
2046-02-27 06:00:00,2.6960432137179877,0.0
2046-02-27 06:30:00,2.6960432137179877,0.0
2046-02-27 07:00:00,2.6960432137179877,0.0
2046-02-27 07:30:00,2.6960432137179877,0.014213486013661115
2046-02-27 08:00:00,2.688318493058383,0.0
2046-02-27 08:30:00,2.688318493058383,0.014213486013661115
2046-02-27 09:00:00,2.6805937723987787,0.0
2046-02-27 09:30:00,2.6805937723987787,0.0
2046-02-27 10:00:00,2.6805937723987787,0.0
2046-02-27 10:30:00,2.6805937723987787,0.014213486013661115
2046-02-27 11:00:00,2.672869051739174,0.0
2046-02-27 11:30:00,2.672869051739174,0.014213486013661115
2046-02-27 12:00:00,2.6651443310795697,0.0
2046-02-27 12:30:00,2.6651443310795697,0.0
2046-02-27 13:00:00,2.6651443310795697,0.014213486013661115
2046-02-27 13:30:00,2.657419610419965,0.0
2046-02-27 14:00:00,2.657419610419965,0.014213486013661115
2046-02-27 14:30:00,2.6496948897603607,0.0
2046-02-27 15:00:00,2.6496948897603607,0.0
2046-02-27 15:30:00,2.6496948897603607,0.007891327434153593
2046-02-27 16:00:00,2.645406124850491,0.014213486013661115
2046-02-27 16:30:00,2.6376814041908867,0.0
2046-02-27 17:00:00,2.6376814041908867,0.014213486013661115
2046-02-27 17:30:00,2.629956683531282,0.014213486013661115
2046-02-27 18:00:00,2.6222319628716777,0.0
2046-02-27 18:30:00,2.6222319628716777,0.014213486013661115
2046-02-27 19:00:00,2.614507242212073,0.014213486013661115
2046-02-27 19:30:00,2.6067825215524687,0.0
2046-02-27 20:00:00,2.6067825215524687,0.0
2046-02-27 20:30:00,2.6067825215524687,0.014213486013661115
2046-02-27 21:00:00,2.599057800892864,0.0
2046-02-27 21:30:00,2.599057800892864,0.014213486013661115
2046-02-27 22:00:00,2.5913330802332597,0.0
2046-02-27 22:30:00,2.5913330802332597,0.014213486013661115
2046-02-27 23:00:00,2.583608359573655,0.0
2046-02-27 23:30:00,2.583608359573655,0.014213486013661115
2046-02-28 00:00:00,2.5758836389140507,-0.014213486013661115
2046-02-28 00:30:00,2.582421842480335,0.0
2046-02-28 01:00:00,2.582421842480335,0.0
2046-02-28 01:30:00,2.582421842480335,0.0
2046-02-28 02:00:00,2.582421842480335,-0.014213486013661115
2046-02-28 02:30:00,2.588960046046619,0.0
2046-02-28 03:00:00,2.588960046046619,-0.014213486013661115
2046-02-28 03:30:00,2.5954982496129033,0.0
2046-02-28 04:00:00,2.5954982496129033,-0.014213486013661115
2046-02-28 04:30:00,2.6020364531791875,0.0
2046-02-28 05:00:00,2.6020364531791875,0.0
2046-02-28 05:30:00,2.6020364531791875,0.0
2046-02-28 06:00:00,2.6020364531791875,-0.014213486013661115
2046-02-28 06:30:00,2.6085746567454717,0.0
2046-02-28 07:00:00,2.6085746567454717,-0.014213486013661115
2046-02-28 07:30:00,2.615112860311756,0.0
2046-02-28 08:00:00,2.615112860311756,-0.014213486013661115
2046-02-28 08:30:00,2.62165106387804,-0.014213486013661115
2046-02-28 09:00:00,2.6281892674443244,-0.014213486013661115
2046-02-28 09:30:00,2.6347274710106086,-0.014213486013661115
2046-02-28 10:00:00,2.6412656745768928,-0.014213486013661115
2046-02-28 10:30:00,2.647803878143177,-0.014213486013661115
2046-02-28 11:00:00,2.654342081709461,-0.014213486013661115
2046-02-28 11:30:00,2.6608802852757454,-0.014213486013661115
2046-02-28 12:00:00,2.6674184888420296,-0.014213486013661115
2046-02-28 12:30:00,2.673956692408314,-0.014213486013661115
2046-02-28 13:00:00,2.680494895974598,-0.014213486013661115
2046-02-28 13:30:00,2.687033099540882,-0.014213486013661115
2046-02-28 14:00:00,2.6935713031071664,-0.014213486013661115
2046-02-28 14:30:00,2.7001095066734506,-0.014213486013661115
2046-02-28 15:00:00,2.706647710239735,-0.014213486013661115
2046-02-28 15:30:00,2.713185913806019,-0.014213486013661115
2046-02-28 16:00:00,2.7197241173723032,-0.014213486013661115
2046-02-28 16:30:00,2.7262623209385874,-0.014213486013661115
2046-02-28 17:00:00,2.7328005245048717,-0.014213486013661115
2046-02-28 17:30:00,2.739338728071156,-0.014213486013661115
2046-02-28 18:00:00,2.74587693163744,-0.014213486013661115
2046-02-28 18:30:00,2.7524151352037243,-0.014213486013661115
2046-02-28 19:00:00,2.7589533387700085,-0.014213486013661115
2046-02-28 19:30:00,2.7654915423362927,0.0
2046-02-28 20:00:00,2.7654915423362927,0.0
2046-02-28 20:30:00,2.7654915423362927,-0.014213486013661115
2046-02-28 21:00:00,2.772029745902577,-0.014213486013661115
2046-02-28 21:30:00,2.778567949468861,-0.014213486013661115
2046-02-28 22:00:00,2.7851061530351453,0.0
2046-02-28 22:30:00,2.7851061530351453,-0.014213486013661115
2046-02-28 23:00:00,2.7916443566014295,-0.014213486013661115
2046-02-28 23:30:00,2.7981825601677137,-0.014213486013661115
2046-03-01 00:00:00,2.804720763733998,-0.014213486013661115
2046-03-01 00:30:00,2.811258967300282,-0.014213486013661115
2046-03-01 01:00:00,2.8177971708665663,-0.014213486013661115
2046-03-01 01:30:00,2.8243353744328505,-0.014213486013661115
2046-03-01 02:00:00,2.8308735779991347,-0.014213486013661115
2046-03-01 02:30:00,2.837411781565419,-0.014213486013661115
2046-03-01 03:00:00,2.843949985131703,-0.014213486013661115
2046-03-01 03:30:00,2.8504881886979874,-0.014213486013661115
2046-03-01 04:00:00,2.8570263922642716,-0.014213486013661115
2046-03-01 04:30:00,2.863564595830556,-0.014213486013661115
2046-03-01 05:00:00,2.87010279939684,-0.014213486013661115
2046-03-01 05:30:00,2.876641002963124,-0.014213486013661115
2046-03-01 06:00:00,2.8831792065294084,-0.014213486013661115
2046-03-01 06:30:00,2.8897174100956926,-0.014213486013661115
2046-03-01 07:00:00,2.896255613661977,-0.014213486013661115
2046-03-01 07:30:00,2.902793817228261,-0.014213486013661115
2046-03-01 08:00:00,2.9093320207945452,-0.014213486013661115
2046-03-01 08:30:00,2.9158702243608294,-0.014213486013661115
2046-03-01 09:00:00,2.9224084279271136,-0.014213486013661115
2046-03-01 09:30:00,2.928946631493398,-0.014213486013661115
2046-03-01 10:00:00,2.935484835059682,-0.014213486013661115
2046-03-01 10:30:00,2.9420230386259663,-0.014213486013661115
2046-03-01 11:00:00,2.9485612421922505,-0.014213486013661115
2046-03-01 11:30:00,2.9550994457585347,-0.014213486013661115
2046-03-01 12:00:00,2.961637649324819,-0.014213486013661115
2046-03-01 12:30:00,2.968175852891103,-0.014213486013661115
2046-03-01 13:00:00,2.9747140564573873,-0.014213486013661115
2046-03-01 13:30:00,2.9812522600236715,-0.014213486013661115
2046-03-01 14:00:00,2.9877904635899557,-0.014213486013661115
2046-03-01 14:30:00,2.99432866715624,-0.014213486013661115
2046-03-01 15:00:00,3.000866870722524,-0.014213486013661115
2046-03-01 15:30:00,3.0074050742888083,-0.014213486013661115
2046-03-01 16:00:00,3.0139432778550925,-0.014213486013661115
2046-03-01 16:30:00,3.0204814814213767,0.0
2046-03-01 17:00:00,3.0204814814213767,0.0
2046-03-01 17:30:00,3.0204814814213767,0.0
2046-03-01 18:00:00,3.0204814814213767,0.0
2046-03-01 18:30:00,3.0204814814213767,0.0
2046-03-01 19:00:00,3.0204814814213767,0.0
2046-03-01 19:30:00,3.0204814814213767,0.0
2046-03-01 20:00:00,3.0204814814213767,0.0
2046-03-01 20:30:00,3.0204814814213767,0.0
2046-03-01 21:00:00,3.0204814814213767,0.0
2046-03-01 21:30:00,3.0204814814213767,0.0
2046-03-01 22:00:00,3.0204814814213767,0.0
2046-03-01 22:30:00,3.0204814814213767,0.0
2046-03-01 23:00:00,3.0204814814213767,0.0
2046-03-01 23:30:00,3.0204814814213767,0.0
2046-03-02 00:00:00,3.0204814814213767,0.0
2046-03-02 00:30:00,3.0204814814213767,0.0
2046-03-02 01:00:00,3.0204814814213767,0.0
2046-03-02 01:30:00,3.0204814814213767,0.0
2046-03-02 02:00:00,3.0204814814213767,0.0
2046-03-02 02:30:00,3.0204814814213767,0.0
2046-03-02 03:00:00,3.0204814814213767,0.0
2046-03-02 03:30:00,3.0204814814213767,0.0
2046-03-02 04:00:00,3.0204814814213767,0.0
2046-03-02 04:30:00,3.0204814814213767,0.0
2046-03-02 05:00:00,3.0204814814213767,0.0
2046-03-02 05:30:00,3.0204814814213767,0.0
2046-03-02 06:00:00,3.0204814814213767,0.0
2046-03-02 06:30:00,3.0204814814213767,0.0
2046-03-02 07:00:00,3.0204814814213767,0.0
2046-03-02 07:30:00,3.0204814814213767,0.0
2046-03-02 08:00:00,3.0204814814213767,0.0
2046-03-02 08:30:00,3.0204814814213767,0.0
2046-03-02 09:00:00,3.0204814814213767,0.0
2046-03-02 09:30:00,3.0204814814213767,0.0
2046-03-02 10:00:00,3.0204814814213767,0.0
2046-03-02 10:30:00,3.0204814814213767,0.0
2046-03-02 11:00:00,3.0204814814213767,0.0
2046-03-02 11:30:00,3.0204814814213767,0.0
2046-03-02 12:00:00,3.0204814814213767,0.0
2046-03-02 12:30:00,3.0204814814213767,0.0
2046-03-02 13:00:00,3.0204814814213767,0.0
2046-03-02 13:30:00,3.0204814814213767,0.0
2046-03-02 14:00:00,3.0204814814213767,0.0
2046-03-02 14:30:00,3.0204814814213767,0.0
2046-03-02 15:00:00,3.0204814814213767,0.0
2046-03-02 15:30:00,3.0204814814213767,0.0
2046-03-02 16:00:00,3.0204814814213767,0.0
2046-03-02 16:30:00,3.0204814814213767,0.0
2046-03-02 17:00:00,3.0204814814213767,0.0
2046-03-02 17:30:00,3.0204814814213767,0.0
2046-03-02 18:00:00,3.0204814814213767,0.0
2046-03-02 18:30:00,3.0204814814213767,0.0
2046-03-02 19:00:00,3.0204814814213767,0.0
2046-03-02 19:30:00,3.0204814814213767,0.0
2046-03-02 20:00:00,3.0204814814213767,0.0
2046-03-02 20:30:00,3.0204814814213767,0.0
2046-03-02 21:00:00,3.0204814814213767,0.0
2046-03-02 21:30:00,3.0204814814213767,0.0
2046-03-02 22:00:00,3.0204814814213767,0.0
2046-03-02 22:30:00,3.0204814814213767,0.0
2046-03-02 23:00:00,3.0204814814213767,0.0
2046-03-02 23:30:00,3.0204814814213767,0.0
2046-03-03 00:00:00,3.0204814814213767,0.0
2046-03-03 00:30:00,3.0204814814213767,0.0
2046-03-03 01:00:00,3.0204814814213767,0.0
2046-03-03 01:30:00,3.0204814814213767,0.0
2046-03-03 02:00:00,3.0204814814213767,0.0
2046-03-03 02:30:00,3.0204814814213767,0.0
2046-03-03 03:00:00,3.0204814814213767,0.0
2046-03-03 03:30:00,3.0204814814213767,0.0
2046-03-03 04:00:00,3.0204814814213767,0.0
2046-03-03 04:30:00,3.0204814814213767,0.0
2046-03-03 05:00:00,3.0204814814213767,0.0
2046-03-03 05:30:00,3.0204814814213767,0.0
2046-03-03 06:00:00,3.0204814814213767,0.0
2046-03-03 06:30:00,3.0204814814213767,0.0
2046-03-03 07:00:00,3.0204814814213767,0.0
2046-03-03 07:30:00,3.0204814814213767,0.0
2046-03-03 08:00:00,3.0204814814213767,0.0
2046-03-03 08:30:00,3.0204814814213767,0.0
2046-03-03 09:00:00,3.0204814814213767,0.0
2046-03-03 09:30:00,3.0204814814213767,0.0
2046-03-03 10:00:00,3.0204814814213767,0.0
2046-03-03 10:30:00,3.0204814814213767,0.0
2046-03-03 11:00:00,3.0204814814213767,0.0
2046-03-03 11:30:00,3.0204814814213767,0.0
2046-03-03 12:00:00,3.0204814814213767,0.0
2046-03-03 12:30:00,3.0204814814213767,0.0
2046-03-03 13:00:00,3.0204814814213767,0.0
2046-03-03 13:30:00,3.0204814814213767,0.0
2046-03-03 14:00:00,3.0204814814213767,0.0
2046-03-03 14:30:00,3.0204814814213767,0.0
2046-03-03 15:00:00,3.0204814814213767,0.0
2046-03-03 15:30:00,3.0204814814213767,0.0
2046-03-03 16:00:00,3.0204814814213767,0.0
2046-03-03 16:30:00,3.0204814814213767,0.0
2046-03-03 17:00:00,3.0204814814213767,0.0
2046-03-03 17:30:00,3.0204814814213767,0.0
2046-03-03 18:00:00,3.0204814814213767,0.0
2046-03-03 18:30:00,3.0204814814213767,0.0
2046-03-03 19:00:00,3.0204814814213767,0.0
2046-03-03 19:30:00,3.0204814814213767,0.0
2046-03-03 20:00:00,3.0204814814213767,0.0
2046-03-03 20:30:00,3.0204814814213767,0.0
2046-03-03 21:00:00,3.0204814814213767,0.0
2046-03-03 21:30:00,3.0204814814213767,0.0
2046-03-03 22:00:00,3.0204814814213767,0.0
2046-03-03 22:30:00,3.0204814814213767,0.0
2046-03-03 23:00:00,3.0204814814213767,0.014213486013661115
2046-03-03 23:30:00,3.0127567607617722,0.0
2046-03-04 00:00:00,3.0127567607617722,0.0
2046-03-04 00:30:00,3.0127567607617722,0.007640621641080578
2046-03-04 01:00:00,3.008604249000312,0.0
2046-03-04 01:30:00,3.008604249000312,0.0
2046-03-04 02:00:00,3.008604249000312,0.012053584579410689
2046-03-04 02:30:00,3.0020533878158444,0.0
2046-03-04 03:00:00,3.0020533878158444,0.0
2046-03-04 03:30:00,3.0020533878158444,0.0
2046-03-04 04:00:00,3.0020533878158444,0.0
2046-03-04 04:30:00,3.0020533878158444,0.0
2046-03-04 05:00:00,3.0020533878158444,0.0
2046-03-04 05:30:00,3.0020533878158444,0.0
2046-03-04 06:00:00,3.0020533878158444,0.0
2046-03-04 06:30:00,3.0020533878158444,0.0
2046-03-04 07:00:00,3.0020533878158444,0.014213486013661115
2046-03-04 07:30:00,2.99432866715624,0.0
2046-03-04 08:00:00,2.99432866715624,-0.014213486013661115
2046-03-04 08:30:00,3.000866870722524,-0.014213486013661115
2046-03-04 09:00:00,3.0074050742888083,-0.014213486013661115
2046-03-04 09:30:00,3.0139432778550925,-0.014213486013661115
2046-03-04 10:00:00,3.0204814814213767,0.0
2046-03-04 10:30:00,3.0204814814213767,0.0
2046-03-04 11:00:00,3.0204814814213767,0.0
2046-03-04 11:30:00,3.0204814814213767,0.0
2046-03-04 12:00:00,3.0204814814213767,0.0
2046-03-04 12:30:00,3.0204814814213767,0.0
2046-03-04 13:00:00,3.0204814814213767,0.0
2046-03-04 13:30:00,3.0204814814213767,0.0
2046-03-04 14:00:00,3.0204814814213767,0.0
2046-03-04 14:30:00,3.0204814814213767,0.0
2046-03-04 15:00:00,3.0204814814213767,0.0
2046-03-04 15:30:00,3.0204814814213767,0.0
2046-03-04 16:00:00,3.0204814814213767,0.0
2046-03-04 16:30:00,3.0204814814213767,0.0
2046-03-04 17:00:00,3.0204814814213767,0.0
2046-03-04 17:30:00,3.0204814814213767,0.0
2046-03-04 18:00:00,3.0204814814213767,0.0
2046-03-04 18:30:00,3.0204814814213767,0.0
2046-03-04 19:00:00,3.0204814814213767,0.0
2046-03-04 19:30:00,3.0204814814213767,0.0
2046-03-04 20:00:00,3.0204814814213767,0.0
2046-03-04 20:30:00,3.0204814814213767,0.0
2046-03-04 21:00:00,3.0204814814213767,0.0
2046-03-04 21:30:00,3.0204814814213767,0.0
2046-03-04 22:00:00,3.0204814814213767,0.0
2046-03-04 22:30:00,3.0204814814213767,0.0
2046-03-04 23:00:00,3.0204814814213767,0.0
2046-03-04 23:30:00,3.0204814814213767,0.0
2046-03-05 00:00:00,3.0204814814213767,0.0
2046-03-05 00:30:00,3.0204814814213767,0.0
2046-03-05 01:00:00,3.0204814814213767,0.0
2046-03-05 01:30:00,3.0204814814213767,0.0
2046-03-05 02:00:00,3.0204814814213767,0.0
2046-03-05 02:30:00,3.0204814814213767,0.0
2046-03-05 03:00:00,3.0204814814213767,0.0
2046-03-05 03:30:00,3.0204814814213767,0.0
2046-03-05 04:00:00,3.0204814814213767,0.0
2046-03-05 04:30:00,3.0204814814213767,0.0076639116585381275
2046-03-05 05:00:00,3.016316312041733,0.0
2046-03-05 05:30:00,3.016316312041733,0.0
2046-03-05 06:00:00,3.016316312041733,0.014213486013661115
2046-03-05 06:30:00,3.0085915913821286,0.0
2046-03-05 07:00:00,3.0085915913821286,0.014213486013661115
2046-03-05 07:30:00,3.000866870722524,0.0
2046-03-05 08:00:00,3.000866870722524,0.0
2046-03-05 08:30:00,3.000866870722524,-0.014213486013661115
2046-03-05 09:00:00,3.0074050742888083,-0.014213486013661115
2046-03-05 09:30:00,3.0139432778550925,-0.014213486013661115
2046-03-05 10:00:00,3.0204814814213767,0.0
2046-03-05 10:30:00,3.0204814814213767,0.0
2046-03-05 11:00:00,3.0204814814213767,0.0
2046-03-05 11:30:00,3.0204814814213767,0.0
2046-03-05 12:00:00,3.0204814814213767,0.0
2046-03-05 12:30:00,3.0204814814213767,0.0
2046-03-05 13:00:00,3.0204814814213767,0.0
2046-03-05 13:30:00,3.0204814814213767,0.0
2046-03-05 14:00:00,3.0204814814213767,0.0
2046-03-05 14:30:00,3.0204814814213767,0.0
2046-03-05 15:00:00,3.0204814814213767,0.0
2046-03-05 15:30:00,3.0204814814213767,0.0
2046-03-05 16:00:00,3.0204814814213767,0.0
2046-03-05 16:30:00,3.0204814814213767,0.0
2046-03-05 17:00:00,3.0204814814213767,0.0
2046-03-05 17:30:00,3.0204814814213767,0.0
2046-03-05 18:00:00,3.0204814814213767,0.0
2046-03-05 18:30:00,3.0204814814213767,0.001493259730823211
2046-03-05 19:00:00,3.0196699272198417,0.0
2046-03-05 19:30:00,3.0196699272198417,0.0
2046-03-05 20:00:00,3.0196699272198417,0.0
2046-03-05 20:30:00,3.0196699272198417,0.0
2046-03-05 21:00:00,3.0196699272198417,0.0
2046-03-05 21:30:00,3.0196699272198417,0.0
2046-03-05 22:00:00,3.0196699272198417,0.0
2046-03-05 22:30:00,3.0196699272198417,0.0
2046-03-05 23:00:00,3.0196699272198417,0.0
2046-03-05 23:30:00,3.0196699272198417,0.0
2046-03-06 00:00:00,3.0196699272198417,0.0
2046-03-06 00:30:00,3.0196699272198417,0.0
2046-03-06 01:00:00,3.0196699272198417,0.0
2046-03-06 01:30:00,3.0196699272198417,0.0
2046-03-06 02:00:00,3.0196699272198417,0.010537034831130068
2046-03-06 02:30:00,3.0139432778550925,0.0
2046-03-06 03:00:00,3.0139432778550925,0.0
2046-03-06 03:30:00,3.0139432778550925,0.0
2046-03-06 04:00:00,3.0139432778550925,0.0
2046-03-06 04:30:00,3.0139432778550925,0.0
2046-03-06 05:00:00,3.0139432778550925,0.0
2046-03-06 05:30:00,3.0139432778550925,0.0
2046-03-06 06:00:00,3.0139432778550925,0.0
2046-03-06 06:30:00,3.0139432778550925,0.0
2046-03-06 07:00:00,3.0139432778550925,0.0
2046-03-06 07:30:00,3.0139432778550925,0.0
2046-03-06 08:00:00,3.0139432778550925,0.0
2046-03-06 08:30:00,3.0139432778550925,-0.014213486013661115
2046-03-06 09:00:00,3.0204814814213767,0.0
2046-03-06 09:30:00,3.0204814814213767,0.0
2046-03-06 10:00:00,3.0204814814213767,0.0
2046-03-06 10:30:00,3.0204814814213767,0.0
2046-03-06 11:00:00,3.0204814814213767,0.0
2046-03-06 11:30:00,3.0204814814213767,0.0
2046-03-06 12:00:00,3.0204814814213767,0.0
2046-03-06 12:30:00,3.0204814814213767,0.0
2046-03-06 13:00:00,3.0204814814213767,0.0
2046-03-06 13:30:00,3.0204814814213767,0.0
2046-03-06 14:00:00,3.0204814814213767,0.0
2046-03-06 14:30:00,3.0204814814213767,0.0
2046-03-06 15:00:00,3.0204814814213767,0.0
2046-03-06 15:30:00,3.0204814814213767,0.0
2046-03-06 16:00:00,3.0204814814213767,0.0
2046-03-06 16:30:00,3.0204814814213767,0.0
2046-03-06 17:00:00,3.0204814814213767,0.0
2046-03-06 17:30:00,3.0204814814213767,0.0
2046-03-06 18:00:00,3.0204814814213767,0.0
2046-03-06 18:30:00,3.0204814814213767,0.0
2046-03-06 19:00:00,3.0204814814213767,0.0
2046-03-06 19:30:00,3.0204814814213767,0.0
2046-03-06 20:00:00,3.0204814814213767,0.0
2046-03-06 20:30:00,3.0204814814213767,0.0
2046-03-06 21:00:00,3.0204814814213767,0.0
2046-03-06 21:30:00,3.0204814814213767,0.0
2046-03-06 22:00:00,3.0204814814213767,0.0
2046-03-06 22:30:00,3.0204814814213767,0.0
2046-03-06 23:00:00,3.0204814814213767,0.0
2046-03-06 23:30:00,3.0204814814213767,0.0
2046-03-07 00:00:00,3.0204814814213767,0.0
2046-03-07 00:30:00,3.0204814814213767,0.0
2046-03-07 01:00:00,3.0204814814213767,0.0
2046-03-07 01:30:00,3.0204814814213767,0.0
2046-03-07 02:00:00,3.0204814814213767,0.0
2046-03-07 02:30:00,3.0204814814213767,0.0
2046-03-07 03:00:00,3.0204814814213767,0.0
2046-03-07 03:30:00,3.0204814814213767,0.0
2046-03-07 04:00:00,3.0204814814213767,0.0
2046-03-07 04:30:00,3.0204814814213767,0.0
2046-03-07 05:00:00,3.0204814814213767,0.0
2046-03-07 05:30:00,3.0204814814213767,0.0
2046-03-07 06:00:00,3.0204814814213767,0.0
2046-03-07 06:30:00,3.0204814814213767,0.0
2046-03-07 07:00:00,3.0204814814213767,0.0
2046-03-07 07:30:00,3.0204814814213767,0.0
2046-03-07 08:00:00,3.0204814814213767,0.0
2046-03-07 08:30:00,3.0204814814213767,0.0
2046-03-07 09:00:00,3.0204814814213767,0.0
2046-03-07 09:30:00,3.0204814814213767,0.0
2046-03-07 10:00:00,3.0204814814213767,0.0
2046-03-07 10:30:00,3.0204814814213767,0.0
2046-03-07 11:00:00,3.0204814814213767,0.0
2046-03-07 11:30:00,3.0204814814213767,0.0
2046-03-07 12:00:00,3.0204814814213767,0.0
2046-03-07 12:30:00,3.0204814814213767,0.0
2046-03-07 13:00:00,3.0204814814213767,0.0
2046-03-07 13:30:00,3.0204814814213767,0.0
2046-03-07 14:00:00,3.0204814814213767,0.0
2046-03-07 14:30:00,3.0204814814213767,0.0
2046-03-07 15:00:00,3.0204814814213767,0.0
2046-03-07 15:30:00,3.0204814814213767,0.0
2046-03-07 16:00:00,3.0204814814213767,0.0
2046-03-07 16:30:00,3.0204814814213767,0.0
2046-03-07 17:00:00,3.0204814814213767,0.0
2046-03-07 17:30:00,3.0204814814213767,0.0
2046-03-07 18:00:00,3.0204814814213767,0.0
2046-03-07 18:30:00,3.0204814814213767,0.0
2046-03-07 19:00:00,3.0204814814213767,0.0
2046-03-07 19:30:00,3.0204814814213767,0.0
2046-03-07 20:00:00,3.0204814814213767,0.0
2046-03-07 20:30:00,3.0204814814213767,0.0
2046-03-07 21:00:00,3.0204814814213767,0.0
2046-03-07 21:30:00,3.0204814814213767,0.0
2046-03-07 22:00:00,3.0204814814213767,0.0
2046-03-07 22:30:00,3.0204814814213767,0.0
2046-03-07 23:00:00,3.0204814814213767,0.0
2046-03-07 23:30:00,3.0204814814213767,0.0
2046-03-08 00:00:00,3.0204814814213767,0.0
2046-03-08 00:30:00,3.0204814814213767,0.0
2046-03-08 01:00:00,3.0204814814213767,0.0
2046-03-08 01:30:00,3.0204814814213767,0.0
2046-03-08 02:00:00,3.0204814814213767,0.0
2046-03-08 02:30:00,3.0204814814213767,0.0
2046-03-08 03:00:00,3.0204814814213767,0.0
2046-03-08 03:30:00,3.0204814814213767,0.0
2046-03-08 04:00:00,3.0204814814213767,0.0
2046-03-08 04:30:00,3.0204814814213767,0.0
2046-03-08 05:00:00,3.0204814814213767,0.0
2046-03-08 05:30:00,3.0204814814213767,0.0
2046-03-08 06:00:00,3.0204814814213767,0.0
2046-03-08 06:30:00,3.0204814814213767,0.0
2046-03-08 07:00:00,3.0204814814213767,0.0
2046-03-08 07:30:00,3.0204814814213767,0.0
2046-03-08 08:00:00,3.0204814814213767,0.0
2046-03-08 08:30:00,3.0204814814213767,0.0
2046-03-08 09:00:00,3.0204814814213767,0.0
2046-03-08 09:30:00,3.0204814814213767,0.0
2046-03-08 10:00:00,3.0204814814213767,0.0
2046-03-08 10:30:00,3.0204814814213767,0.0
2046-03-08 11:00:00,3.0204814814213767,0.0
2046-03-08 11:30:00,3.0204814814213767,0.0
2046-03-08 12:00:00,3.0204814814213767,0.0
2046-03-08 12:30:00,3.0204814814213767,0.0
2046-03-08 13:00:00,3.0204814814213767,0.0
2046-03-08 13:30:00,3.0204814814213767,0.0
2046-03-08 14:00:00,3.0204814814213767,0.0
2046-03-08 14:30:00,3.0204814814213767,0.0
2046-03-08 15:00:00,3.0204814814213767,0.0
2046-03-08 15:30:00,3.0204814814213767,0.0
2046-03-08 16:00:00,3.0204814814213767,0.0
2046-03-08 16:30:00,3.0204814814213767,0.0
2046-03-08 17:00:00,3.0204814814213767,0.0
2046-03-08 17:30:00,3.0204814814213767,0.0
2046-03-08 18:00:00,3.0204814814213767,0.0
2046-03-08 18:30:00,3.0204814814213767,0.0
2046-03-08 19:00:00,3.0204814814213767,0.0
2046-03-08 19:30:00,3.0204814814213767,0.0
2046-03-08 20:00:00,3.0204814814213767,0.0
2046-03-08 20:30:00,3.0204814814213767,0.0
2046-03-08 21:00:00,3.0204814814213767,0.0
2046-03-08 21:30:00,3.0204814814213767,0.014213486013661115
2046-03-08 22:00:00,3.0127567607617722,0.014213486013661115
2046-03-08 22:30:00,3.0050320401021677,0.014213486013661115
2046-03-08 23:00:00,2.9973073194425632,0.0
2046-03-08 23:30:00,2.9973073194425632,0.0
2046-03-09 00:00:00,2.9973073194425632,0.014213486013661115
2046-03-09 00:30:00,2.9895825987829587,0.0
2046-03-09 01:00:00,2.9895825987829587,0.0
2046-03-09 01:30:00,2.9895825987829587,0.0
2046-03-09 02:00:00,2.9895825987829587,0.014213486013661115
2046-03-09 02:30:00,2.9818578781233542,0.014213486013661115
2046-03-09 03:00:00,2.9741331574637497,0.0
2046-03-09 03:30:00,2.9741331574637497,0.0
2046-03-09 04:00:00,2.9741331574637497,0.0
2046-03-09 04:30:00,2.9741331574637497,0.014213486013661115
2046-03-09 05:00:00,2.9664084368041452,0.014213486013661115
2046-03-09 05:30:00,2.9586837161445407,0.014213486013661115
2046-03-09 06:00:00,2.9509589954849362,0.014213486013661115
2046-03-09 06:30:00,2.9432342748253317,0.0022286746068306876
2046-03-09 07:00:00,2.9420230386259663,0.0
2046-03-09 07:30:00,2.9420230386259663,0.0
2046-03-09 08:00:00,2.9420230386259663,0.0
2046-03-09 08:30:00,2.9420230386259663,-0.014213486013661115
2046-03-09 09:00:00,2.9485612421922505,-0.014213486013661115
2046-03-09 09:30:00,2.9550994457585347,-0.014213486013661115
2046-03-09 10:00:00,2.961637649324819,-0.014213486013661115
2046-03-09 10:30:00,2.968175852891103,-0.014213486013661115
2046-03-09 11:00:00,2.9747140564573873,-0.014213486013661115
2046-03-09 11:30:00,2.9812522600236715,-0.014213486013661115
2046-03-09 12:00:00,2.9877904635899557,-0.014213486013661115
2046-03-09 12:30:00,2.99432866715624,-0.014213486013661115
2046-03-09 13:00:00,3.000866870722524,-0.014213486013661115
2046-03-09 13:30:00,3.0074050742888083,-0.014213486013661115
2046-03-09 14:00:00,3.0139432778550925,-0.014213486013661115
2046-03-09 14:30:00,3.0204814814213767,0.0
2046-03-09 15:00:00,3.0204814814213767,0.0
2046-03-09 15:30:00,3.0204814814213767,0.0
2046-03-09 16:00:00,3.0204814814213767,0.0
2046-03-09 16:30:00,3.0204814814213767,0.0
2046-03-09 17:00:00,3.0204814814213767,0.0
2046-03-09 17:30:00,3.0204814814213767,0.0
2046-03-09 18:00:00,3.0204814814213767,0.0
2046-03-09 18:30:00,3.0204814814213767,0.0
2046-03-09 19:00:00,3.0204814814213767,0.0
2046-03-09 19:30:00,3.0204814814213767,0.0
2046-03-09 20:00:00,3.0204814814213767,0.0
2046-03-09 20:30:00,3.0204814814213767,0.0
2046-03-09 21:00:00,3.0204814814213767,0.0
2046-03-09 21:30:00,3.0204814814213767,0.0
2046-03-09 22:00:00,3.0204814814213767,0.0
2046-03-09 22:30:00,3.0204814814213767,0.0
2046-03-09 23:00:00,3.0204814814213767,0.0
2046-03-09 23:30:00,3.0204814814213767,0.0
2046-03-10 00:00:00,3.0204814814213767,0.0
2046-03-10 00:30:00,3.0204814814213767,0.0
2046-03-10 01:00:00,3.0204814814213767,0.0
2046-03-10 01:30:00,3.0204814814213767,0.0
2046-03-10 02:00:00,3.0204814814213767,0.0
2046-03-10 02:30:00,3.0204814814213767,0.014213486013661115
2046-03-10 03:00:00,3.0127567607617722,0.0
2046-03-10 03:30:00,3.0127567607617722,0.0
2046-03-10 04:00:00,3.0127567607617722,0.005480720206830533
2046-03-10 04:30:00,3.009778108475449,0.014213486013661115
2046-03-10 05:00:00,3.0020533878158444,0.0
2046-03-10 05:30:00,3.0020533878158444,0.0
2046-03-10 06:00:00,3.0020533878158444,0.014213486013661115
2046-03-10 06:30:00,2.99432866715624,0.0
2046-03-10 07:00:00,2.99432866715624,0.0
2046-03-10 07:30:00,2.99432866715624,0.0
2046-03-10 08:00:00,2.99432866715624,0.0
2046-03-10 08:30:00,2.99432866715624,-0.014213486013661115
2046-03-10 09:00:00,3.000866870722524,-0.014213486013661115
2046-03-10 09:30:00,3.0074050742888083,-0.014213486013661115
2046-03-10 10:00:00,3.0139432778550925,-0.014213486013661115
2046-03-10 10:30:00,3.0204814814213767,0.0
2046-03-10 11:00:00,3.0204814814213767,0.0
2046-03-10 11:30:00,3.0204814814213767,0.0
2046-03-10 12:00:00,3.0204814814213767,0.0
2046-03-10 12:30:00,3.0204814814213767,0.0
2046-03-10 13:00:00,3.0204814814213767,0.0
2046-03-10 13:30:00,3.0204814814213767,0.0
2046-03-10 14:00:00,3.0204814814213767,0.0
2046-03-10 14:30:00,3.0204814814213767,0.0
2046-03-10 15:00:00,3.0204814814213767,0.0
2046-03-10 15:30:00,3.0204814814213767,0.0
2046-03-10 16:00:00,3.0204814814213767,0.0
2046-03-10 16:30:00,3.0204814814213767,0.0
2046-03-10 17:00:00,3.0204814814213767,0.0
2046-03-10 17:30:00,3.0204814814213767,0.0
2046-03-10 18:00:00,3.0204814814213767,0.0
2046-03-10 18:30:00,3.0204814814213767,0.0
2046-03-10 19:00:00,3.0204814814213767,0.0
2046-03-10 19:30:00,3.0204814814213767,0.0
2046-03-10 20:00:00,3.0204814814213767,0.0
2046-03-10 20:30:00,3.0204814814213767,0.0
2046-03-10 21:00:00,3.0204814814213767,0.0
2046-03-10 21:30:00,3.0204814814213767,0.0
2046-03-10 22:00:00,3.0204814814213767,0.014213486013661115
2046-03-10 22:30:00,3.0127567607617722,0.0
2046-03-10 23:00:00,3.0127567607617722,0.0
2046-03-10 23:30:00,3.0127567607617722,0.0
2046-03-11 00:00:00,3.0127567607617722,0.0
2046-03-11 00:30:00,3.0127567607617722,0.0
2046-03-11 01:00:00,3.0127567607617722,0.0
2046-03-11 01:30:00,3.0127567607617722,0.0
2046-03-11 02:00:00,3.0127567607617722,0.0011143373034153438
2046-03-11 02:30:00,3.0121511426620895,0.0
2046-03-11 03:00:00,3.0121511426620895,0.014213486013661115
2046-03-11 03:30:00,3.004426422002485,0.0
2046-03-11 04:00:00,3.004426422002485,0.0
2046-03-11 04:30:00,3.004426422002485,0.014213486013661115
2046-03-11 05:00:00,2.9967017013428805,0.0
2046-03-11 05:30:00,2.9967017013428805,0.014213486013661115
2046-03-11 06:00:00,2.988976980683276,0.0
2046-03-11 06:30:00,2.988976980683276,0.014213486013661115
2046-03-11 07:00:00,2.9812522600236715,0.0
2046-03-11 07:30:00,2.9812522600236715,0.0
2046-03-11 08:00:00,2.9812522600236715,0.0
2046-03-11 08:30:00,2.9812522600236715,0.0
2046-03-11 09:00:00,2.9812522600236715,-0.014213486013661115
2046-03-11 09:30:00,2.9877904635899557,-0.014213486013661115
2046-03-11 10:00:00,2.99432866715624,-0.014213486013661115
2046-03-11 10:30:00,3.000866870722524,-0.014213486013661115
2046-03-11 11:00:00,3.0074050742888083,-0.014213486013661115
2046-03-11 11:30:00,3.0139432778550925,-0.014213486013661115
2046-03-11 12:00:00,3.0204814814213767,0.0
2046-03-11 12:30:00,3.0204814814213767,0.0
2046-03-11 13:00:00,3.0204814814213767,0.0
2046-03-11 13:30:00,3.0204814814213767,0.0
2046-03-11 14:00:00,3.0204814814213767,0.0
2046-03-11 14:30:00,3.0204814814213767,0.0
2046-03-11 15:00:00,3.0204814814213767,0.0
2046-03-11 15:30:00,3.0204814814213767,0.0
2046-03-11 16:00:00,3.0204814814213767,0.0
2046-03-11 16:30:00,3.0204814814213767,0.0
2046-03-11 17:00:00,3.0204814814213767,0.0
2046-03-11 17:30:00,3.0204814814213767,0.0
2046-03-11 18:00:00,3.0204814814213767,0.0
2046-03-11 18:30:00,3.0204814814213767,0.0
2046-03-11 19:00:00,3.0204814814213767,0.0
2046-03-11 19:30:00,3.0204814814213767,0.0
2046-03-11 20:00:00,3.0204814814213767,0.0
2046-03-11 20:30:00,3.0204814814213767,0.014213486013661115
2046-03-11 21:00:00,3.0127567607617722,0.014213486013661115
2046-03-11 21:30:00,3.0050320401021677,0.0
2046-03-11 22:00:00,3.0050320401021677,0.0
2046-03-11 22:30:00,3.0050320401021677,0.0
2046-03-11 23:00:00,3.0050320401021677,0.0
2046-03-11 23:30:00,3.0050320401021677,0.0
2046-03-12 00:00:00,3.0050320401021677,0.0
2046-03-12 00:30:00,3.0050320401021677,0.0
2046-03-12 01:00:00,3.0050320401021677,0.0
2046-03-12 01:30:00,3.0050320401021677,0.0
2046-03-12 02:00:00,3.0050320401021677,0.0
2046-03-12 02:30:00,3.0050320401021677,0.014213486013661115
2046-03-12 03:00:00,2.9973073194425632,0.0
2046-03-12 03:30:00,2.9973073194425632,0.0
2046-03-12 04:00:00,2.9973073194425632,0.0
2046-03-12 04:30:00,2.9973073194425632,0.0
2046-03-12 05:00:00,2.9973073194425632,0.0
2046-03-12 05:30:00,2.9973073194425632,0.0
2046-03-12 06:00:00,2.9973073194425632,0.0
2046-03-12 06:30:00,2.9973073194425632,0.0
2046-03-12 07:00:00,2.9973073194425632,0.0
2046-03-12 07:30:00,2.9973073194425632,0.0
2046-03-12 08:00:00,2.9973073194425632,0.0
2046-03-12 08:30:00,2.9973073194425632,-0.014213486013661115
2046-03-12 09:00:00,3.0038455230088474,-0.014213486013661115
2046-03-12 09:30:00,3.0103837265751316,-0.014213486013661115
2046-03-12 10:00:00,3.016921930141416,-0.0077381549564366995
2046-03-12 10:30:00,3.0204814814213767,0.0
2046-03-12 11:00:00,3.0204814814213767,0.0
2046-03-12 11:30:00,3.0204814814213767,0.0
2046-03-12 12:00:00,3.0204814814213767,0.0
2046-03-12 12:30:00,3.0204814814213767,0.0
2046-03-12 13:00:00,3.0204814814213767,0.0
2046-03-12 13:30:00,3.0204814814213767,0.0
2046-03-12 14:00:00,3.0204814814213767,0.0
2046-03-12 14:30:00,3.0204814814213767,0.0
2046-03-12 15:00:00,3.0204814814213767,0.0
2046-03-12 15:30:00,3.0204814814213767,0.0
2046-03-12 16:00:00,3.0204814814213767,0.0
2046-03-12 16:30:00,3.0204814814213767,0.0
2046-03-12 17:00:00,3.0204814814213767,0.0
2046-03-12 17:30:00,3.0204814814213767,0.0
2046-03-12 18:00:00,3.0204814814213767,0.0
2046-03-12 18:30:00,3.0204814814213767,0.0
2046-03-12 19:00:00,3.0204814814213767,0.0
2046-03-12 19:30:00,3.0204814814213767,0.01314463186536866
2046-03-12 20:00:00,3.01333765975541,0.0
2046-03-12 20:30:00,3.01333765975541,0.0
2046-03-12 21:00:00,3.01333765975541,0.0
2046-03-12 21:30:00,3.01333765975541,0.0
2046-03-12 22:00:00,3.01333765975541,0.0
2046-03-12 22:30:00,3.01333765975541,0.014213486013661115
2046-03-12 23:00:00,3.0056129390958053,0.0
2046-03-12 23:30:00,3.0056129390958053,0.0
2046-03-13 00:00:00,3.0056129390958053,0.014213486013661115
2046-03-13 00:30:00,2.997888218436201,0.0
2046-03-13 01:00:00,2.997888218436201,0.0
2046-03-13 01:30:00,2.997888218436201,0.0
2046-03-13 02:00:00,2.997888218436201,0.0
2046-03-13 02:30:00,2.997888218436201,0.014213486013661115
2046-03-13 03:00:00,2.9901634977765963,0.0
2046-03-13 03:30:00,2.9901634977765963,0.0
2046-03-13 04:00:00,2.9901634977765963,0.014213486013661115
2046-03-13 04:30:00,2.982438777116992,0.0
2046-03-13 05:00:00,2.982438777116992,0.0
2046-03-13 05:30:00,2.982438777116992,0.0
2046-03-13 06:00:00,2.982438777116992,0.0
2046-03-13 06:30:00,2.982438777116992,0.014213486013661115
2046-03-13 07:00:00,2.9747140564573873,0.0
2046-03-13 07:30:00,2.9747140564573873,0.0
2046-03-13 08:00:00,2.9747140564573873,0.0
2046-03-13 08:30:00,2.9747140564573873,-0.014213486013661115
2046-03-13 09:00:00,2.9812522600236715,-0.014213486013661115
2046-03-13 09:30:00,2.9877904635899557,-0.014213486013661115
2046-03-13 10:00:00,2.99432866715624,-0.014213486013661115
2046-03-13 10:30:00,3.000866870722524,-0.014213486013661115
2046-03-13 11:00:00,3.0074050742888083,-0.014213486013661115
2046-03-13 11:30:00,3.0139432778550925,-0.014213486013661115
2046-03-13 12:00:00,3.0204814814213767,0.0
2046-03-13 12:30:00,3.0204814814213767,0.0
2046-03-13 13:00:00,3.0204814814213767,0.0
2046-03-13 13:30:00,3.0204814814213767,0.0
2046-03-13 14:00:00,3.0204814814213767,0.0
2046-03-13 14:30:00,3.0204814814213767,0.0
2046-03-13 15:00:00,3.0204814814213767,0.0
2046-03-13 15:30:00,3.0204814814213767,0.0
2046-03-13 16:00:00,3.0204814814213767,0.0
2046-03-13 16:30:00,3.0204814814213767,0.0
2046-03-13 17:00:00,3.0204814814213767,0.0
2046-03-13 17:30:00,3.0204814814213767,0.0
2046-03-13 18:00:00,3.0204814814213767,0.0
2046-03-13 18:30:00,3.0204814814213767,0.014213486013661115
2046-03-13 19:00:00,3.0127567607617722,0.014213486013661115
2046-03-13 19:30:00,3.0050320401021677,0.0
2046-03-13 20:00:00,3.0050320401021677,0.0
2046-03-13 20:30:00,3.0050320401021677,0.0
2046-03-13 21:00:00,3.0050320401021677,0.0
2046-03-13 21:30:00,3.0050320401021677,0.0
2046-03-13 22:00:00,3.0050320401021677,0.0
2046-03-13 22:30:00,3.0050320401021677,0.0
2046-03-13 23:00:00,3.0050320401021677,0.0
2046-03-13 23:30:00,3.0050320401021677,0.0
2046-03-14 00:00:00,3.0050320401021677,0.0
2046-03-14 00:30:00,3.0050320401021677,0.0
2046-03-14 01:00:00,3.0050320401021677,0.0
2046-03-14 01:30:00,3.0050320401021677,0.0
2046-03-14 02:00:00,3.0050320401021677,0.0
2046-03-14 02:30:00,3.0050320401021677,0.0
2046-03-14 03:00:00,3.0050320401021677,0.0
2046-03-14 03:30:00,3.0050320401021677,0.0
2046-03-14 04:00:00,3.0050320401021677,0.0
2046-03-14 04:30:00,3.0050320401021677,0.0
2046-03-14 05:00:00,3.0050320401021677,0.0
2046-03-14 05:30:00,3.0050320401021677,0.0
2046-03-14 06:00:00,3.0050320401021677,0.0
2046-03-14 06:30:00,3.0050320401021677,0.0
2046-03-14 07:00:00,3.0050320401021677,0.0
2046-03-14 07:30:00,3.0050320401021677,-0.0051587699709578
2046-03-14 08:00:00,3.0074050742888083,-0.014213486013661115
2046-03-14 08:30:00,3.0139432778550925,-0.014213486013661115
2046-03-14 09:00:00,3.0204814814213767,0.0
2046-03-14 09:30:00,3.0204814814213767,0.0
2046-03-14 10:00:00,3.0204814814213767,0.0
2046-03-14 10:30:00,3.0204814814213767,0.0
2046-03-14 11:00:00,3.0204814814213767,0.0
2046-03-14 11:30:00,3.0204814814213767,0.0
2046-03-14 12:00:00,3.0204814814213767,0.0
2046-03-14 12:30:00,3.0204814814213767,0.0
2046-03-14 13:00:00,3.0204814814213767,0.0
2046-03-14 13:30:00,3.0204814814213767,0.0
2046-03-14 14:00:00,3.0204814814213767,0.0
2046-03-14 14:30:00,3.0204814814213767,0.0
2046-03-14 15:00:00,3.0204814814213767,0.0
2046-03-14 15:30:00,3.0204814814213767,0.0
2046-03-14 16:00:00,3.0204814814213767,0.0
2046-03-14 16:30:00,3.0204814814213767,0.0
2046-03-14 17:00:00,3.0204814814213767,0.0
2046-03-14 17:30:00,3.0204814814213767,0.0
2046-03-14 18:00:00,3.0204814814213767,0.0
2046-03-14 18:30:00,3.0204814814213767,0.0
2046-03-14 19:00:00,3.0204814814213767,0.0
2046-03-14 19:30:00,3.0204814814213767,0.0
2046-03-14 20:00:00,3.0204814814213767,0.0
2046-03-14 20:30:00,3.0204814814213767,0.0
2046-03-14 21:00:00,3.0204814814213767,0.0
2046-03-14 21:30:00,3.0204814814213767,0.0
2046-03-14 22:00:00,3.0204814814213767,0.0
2046-03-14 22:30:00,3.0204814814213767,0.0
2046-03-14 23:00:00,3.0204814814213767,0.0
2046-03-14 23:30:00,3.0204814814213767,0.0
2046-03-15 00:00:00,3.0204814814213767,0.0
2046-03-15 00:30:00,3.0204814814213767,0.0
2046-03-15 01:00:00,3.0204814814213767,0.0
2046-03-15 01:30:00,3.0204814814213767,0.0
2046-03-15 02:00:00,3.0204814814213767,0.0
2046-03-15 02:30:00,3.0204814814213767,0.0
2046-03-15 03:00:00,3.0204814814213767,0.0
2046-03-15 03:30:00,3.0204814814213767,0.0
2046-03-15 04:00:00,3.0204814814213767,0.0
2046-03-15 04:30:00,3.0204814814213767,0.014213486013661115
2046-03-15 05:00:00,3.0127567607617722,0.0
2046-03-15 05:30:00,3.0127567607617722,0.0
2046-03-15 06:00:00,3.0127567607617722,0.0
2046-03-15 06:30:00,3.0127567607617722,0.014213486013661115
2046-03-15 07:00:00,3.0050320401021677,0.0
2046-03-15 07:30:00,3.0050320401021677,0.0
2046-03-15 08:00:00,3.0050320401021677,0.0
2046-03-15 08:30:00,3.0050320401021677,0.0
2046-03-15 09:00:00,3.0050320401021677,-0.0051587699709578
2046-03-15 09:30:00,3.0074050742888083,-0.014213486013661115
2046-03-15 10:00:00,3.0139432778550925,-0.014213486013661115
2046-03-15 10:30:00,3.0204814814213767,0.0
2046-03-15 11:00:00,3.0204814814213767,0.0
2046-03-15 11:30:00,3.0204814814213767,0.0
2046-03-15 12:00:00,3.0204814814213767,0.0
2046-03-15 12:30:00,3.0204814814213767,0.0
2046-03-15 13:00:00,3.0204814814213767,0.0
2046-03-15 13:30:00,3.0204814814213767,0.0
2046-03-15 14:00:00,3.0204814814213767,0.0
2046-03-15 14:30:00,3.0204814814213767,0.0
2046-03-15 15:00:00,3.0204814814213767,0.0
2046-03-15 15:30:00,3.0204814814213767,0.0
2046-03-15 16:00:00,3.0204814814213767,0.0
2046-03-15 16:30:00,3.0204814814213767,0.0
2046-03-15 17:00:00,3.0204814814213767,0.0
2046-03-15 17:30:00,3.0204814814213767,0.0
2046-03-15 18:00:00,3.0204814814213767,0.0
2046-03-15 18:30:00,3.0204814814213767,0.0
2046-03-15 19:00:00,3.0204814814213767,0.0
2046-03-15 19:30:00,3.0204814814213767,0.0
2046-03-15 20:00:00,3.0204814814213767,0.0
2046-03-15 20:30:00,3.0204814814213767,0.0
2046-03-15 21:00:00,3.0204814814213767,0.0
2046-03-15 21:30:00,3.0204814814213767,0.0
2046-03-15 22:00:00,3.0204814814213767,0.0
2046-03-15 22:30:00,3.0204814814213767,0.0
2046-03-15 23:00:00,3.0204814814213767,0.0
2046-03-15 23:30:00,3.0204814814213767,0.0
2046-03-16 00:00:00,3.0204814814213767,0.0
2046-03-16 00:30:00,3.0204814814213767,0.0
2046-03-16 01:00:00,3.0204814814213767,0.0
2046-03-16 01:30:00,3.0204814814213767,0.0
2046-03-16 02:00:00,3.0204814814213767,0.0
2046-03-16 02:30:00,3.0204814814213767,0.005480720206830533
2046-03-16 03:00:00,3.0175028291350534,0.0
2046-03-16 03:30:00,3.0175028291350534,0.0
2046-03-16 04:00:00,3.0175028291350534,0.0
2046-03-16 04:30:00,3.0175028291350534,0.014213486013661115
2046-03-16 05:00:00,3.009778108475449,0.0
2046-03-16 05:30:00,3.009778108475449,0.014213486013661115
2046-03-16 06:00:00,3.0020533878158444,0.0
2046-03-16 06:30:00,3.0020533878158444,0.014213486013661115
2046-03-16 07:00:00,2.99432866715624,0.0
2046-03-16 07:30:00,2.99432866715624,0.0
2046-03-16 08:00:00,2.99432866715624,0.0
2046-03-16 08:30:00,2.99432866715624,0.0
2046-03-16 09:00:00,2.99432866715624,0.0
2046-03-16 09:30:00,2.99432866715624,0.0
2046-03-16 10:00:00,2.99432866715624,0.0
2046-03-16 10:30:00,2.99432866715624,-0.014213486013661115
2046-03-16 11:00:00,3.000866870722524,-0.014213486013661115
2046-03-16 11:30:00,3.0074050742888083,-0.014213486013661115
2046-03-16 12:00:00,3.0139432778550925,-0.014213486013661115
2046-03-16 12:30:00,3.0204814814213767,0.0
2046-03-16 13:00:00,3.0204814814213767,0.0
2046-03-16 13:30:00,3.0204814814213767,0.0
2046-03-16 14:00:00,3.0204814814213767,0.0
2046-03-16 14:30:00,3.0204814814213767,0.0
2046-03-16 15:00:00,3.0204814814213767,0.0
2046-03-16 15:30:00,3.0204814814213767,0.0
2046-03-16 16:00:00,3.0204814814213767,0.0
2046-03-16 16:30:00,3.0204814814213767,0.0
2046-03-16 17:00:00,3.0204814814213767,0.0
2046-03-16 17:30:00,3.0204814814213767,0.0
2046-03-16 18:00:00,3.0204814814213767,0.0
2046-03-16 18:30:00,3.0204814814213767,0.0
2046-03-16 19:00:00,3.0204814814213767,0.0
2046-03-16 19:30:00,3.0204814814213767,0.0
2046-03-16 20:00:00,3.0204814814213767,0.0
2046-03-16 20:30:00,3.0204814814213767,0.0
2046-03-16 21:00:00,3.0204814814213767,0.0
2046-03-16 21:30:00,3.0204814814213767,0.0
2046-03-16 22:00:00,3.0204814814213767,0.0
2046-03-16 22:30:00,3.0204814814213767,0.0
2046-03-16 23:00:00,3.0204814814213767,0.0
2046-03-16 23:30:00,3.0204814814213767,0.0
2046-03-17 00:00:00,3.0204814814213767,0.0
2046-03-17 00:30:00,3.0204814814213767,0.014213486013661115
2046-03-17 01:00:00,3.0127567607617722,0.0
2046-03-17 01:30:00,3.0127567607617722,0.0
2046-03-17 02:00:00,3.0127567607617722,0.014213486013661115
2046-03-17 02:30:00,3.0050320401021677,0.0
2046-03-17 03:00:00,3.0050320401021677,0.0
2046-03-17 03:30:00,3.0050320401021677,0.0
2046-03-17 04:00:00,3.0050320401021677,0.0032975287551229382
2046-03-17 04:30:00,3.0032399049091647,0.014213486013661115
2046-03-17 05:00:00,2.99551518424956,0.0
2046-03-17 05:30:00,2.99551518424956,0.0
2046-03-17 06:00:00,2.99551518424956,0.0
2046-03-17 06:30:00,2.99551518424956,0.014213486013661115
2046-03-17 07:00:00,2.9877904635899557,0.0
2046-03-17 07:30:00,2.9877904635899557,0.0
2046-03-17 08:00:00,2.9877904635899557,0.0
2046-03-17 08:30:00,2.9877904635899557,-0.014213486013661115
2046-03-17 09:00:00,2.99432866715624,-0.014213486013661115
2046-03-17 09:30:00,3.000866870722524,-0.014213486013661115
2046-03-17 10:00:00,3.0074050742888083,-0.014213486013661115
2046-03-17 10:30:00,3.0139432778550925,-0.014213486013661115
2046-03-17 11:00:00,3.0204814814213767,0.0
2046-03-17 11:30:00,3.0204814814213767,0.0
2046-03-17 12:00:00,3.0204814814213767,0.0
2046-03-17 12:30:00,3.0204814814213767,0.0
2046-03-17 13:00:00,3.0204814814213767,0.0
2046-03-17 13:30:00,3.0204814814213767,0.0
2046-03-17 14:00:00,3.0204814814213767,0.0
2046-03-17 14:30:00,3.0204814814213767,0.0
2046-03-17 15:00:00,3.0204814814213767,0.0
2046-03-17 15:30:00,3.0204814814213767,0.0
2046-03-17 16:00:00,3.0204814814213767,0.0
2046-03-17 16:30:00,3.0204814814213767,0.0
2046-03-17 17:00:00,3.0204814814213767,0.0
2046-03-17 17:30:00,3.0204814814213767,0.0
2046-03-17 18:00:00,3.0204814814213767,0.0
2046-03-17 18:30:00,3.0204814814213767,0.0
2046-03-17 19:00:00,3.0204814814213767,0.0
2046-03-17 19:30:00,3.0204814814213767,0.0
2046-03-17 20:00:00,3.0204814814213767,0.0
2046-03-17 20:30:00,3.0204814814213767,0.0
2046-03-17 21:00:00,3.0204814814213767,0.0
2046-03-17 21:30:00,3.0204814814213767,0.0
2046-03-17 22:00:00,3.0204814814213767,0.0
2046-03-17 22:30:00,3.0204814814213767,0.0
2046-03-17 23:00:00,3.0204814814213767,0.0
2046-03-17 23:30:00,3.0204814814213767,0.0
2046-03-18 00:00:00,3.0204814814213767,0.0
2046-03-18 00:30:00,3.0204814814213767,0.0
2046-03-18 01:00:00,3.0204814814213767,0.0
2046-03-18 01:30:00,3.0204814814213767,0.0
2046-03-18 02:00:00,3.0204814814213767,0.0
2046-03-18 02:30:00,3.0204814814213767,0.0
2046-03-18 03:00:00,3.0204814814213767,0.0
2046-03-18 03:30:00,3.0204814814213767,0.0
2046-03-18 04:00:00,3.0204814814213767,0.0
2046-03-18 04:30:00,3.0204814814213767,0.0
2046-03-18 05:00:00,3.0204814814213767,0.0
2046-03-18 05:30:00,3.0204814814213767,0.0
2046-03-18 06:00:00,3.0204814814213767,0.0
2046-03-18 06:30:00,3.0204814814213767,0.0
2046-03-18 07:00:00,3.0204814814213767,0.0
2046-03-18 07:30:00,3.0204814814213767,0.0
2046-03-18 08:00:00,3.0204814814213767,0.0
2046-03-18 08:30:00,3.0204814814213767,0.0
2046-03-18 09:00:00,3.0204814814213767,0.0
2046-03-18 09:30:00,3.0204814814213767,0.0
2046-03-18 10:00:00,3.0204814814213767,0.0
2046-03-18 10:30:00,3.0204814814213767,0.0
2046-03-18 11:00:00,3.0204814814213767,0.0
2046-03-18 11:30:00,3.0204814814213767,0.0
2046-03-18 12:00:00,3.0204814814213767,0.0
2046-03-18 12:30:00,3.0204814814213767,0.0
2046-03-18 13:00:00,3.0204814814213767,0.0
2046-03-18 13:30:00,3.0204814814213767,0.0
2046-03-18 14:00:00,3.0204814814213767,0.0
2046-03-18 14:30:00,3.0204814814213767,0.0
2046-03-18 15:00:00,3.0204814814213767,0.0
2046-03-18 15:30:00,3.0204814814213767,0.0
2046-03-18 16:00:00,3.0204814814213767,0.0
2046-03-18 16:30:00,3.0204814814213767,0.0
2046-03-18 17:00:00,3.0204814814213767,0.0
2046-03-18 17:30:00,3.0204814814213767,0.0
2046-03-18 18:00:00,3.0204814814213767,0.0
2046-03-18 18:30:00,3.0204814814213767,0.0
2046-03-18 19:00:00,3.0204814814213767,0.0
2046-03-18 19:30:00,3.0204814814213767,0.0
2046-03-18 20:00:00,3.0204814814213767,0.0
2046-03-18 20:30:00,3.0204814814213767,0.0
2046-03-18 21:00:00,3.0204814814213767,0.0
2046-03-18 21:30:00,3.0204814814213767,0.0
2046-03-18 22:00:00,3.0204814814213767,0.0
2046-03-18 22:30:00,3.0204814814213767,0.0
2046-03-18 23:00:00,3.0204814814213767,0.0
2046-03-18 23:30:00,3.0204814814213767,0.0
2046-03-19 00:00:00,3.0204814814213767,0.0
2046-03-19 00:30:00,3.0204814814213767,0.0
2046-03-19 01:00:00,3.0204814814213767,0.0
2046-03-19 01:30:00,3.0204814814213767,0.0
2046-03-19 02:00:00,3.0204814814213767,0.0
2046-03-19 02:30:00,3.0204814814213767,0.0
2046-03-19 03:00:00,3.0204814814213767,0.0
2046-03-19 03:30:00,3.0204814814213767,0.0
2046-03-19 04:00:00,3.0204814814213767,0.0
2046-03-19 04:30:00,3.0204814814213767,0.0
2046-03-19 05:00:00,3.0204814814213767,0.0
2046-03-19 05:30:00,3.0204814814213767,0.0
2046-03-19 06:00:00,3.0204814814213767,0.0
2046-03-19 06:30:00,3.0204814814213767,0.0
2046-03-19 07:00:00,3.0204814814213767,0.0
2046-03-19 07:30:00,3.0204814814213767,0.0
2046-03-19 08:00:00,3.0204814814213767,0.0
2046-03-19 08:30:00,3.0204814814213767,0.0
2046-03-19 09:00:00,3.0204814814213767,0.0
2046-03-19 09:30:00,3.0204814814213767,0.0
2046-03-19 10:00:00,3.0204814814213767,0.0
2046-03-19 10:30:00,3.0204814814213767,0.0
2046-03-19 11:00:00,3.0204814814213767,0.0
2046-03-19 11:30:00,3.0204814814213767,0.0
2046-03-19 12:00:00,3.0204814814213767,0.0
2046-03-19 12:30:00,3.0204814814213767,0.0
2046-03-19 13:00:00,3.0204814814213767,0.0
2046-03-19 13:30:00,3.0204814814213767,0.0
2046-03-19 14:00:00,3.0204814814213767,0.0
2046-03-19 14:30:00,3.0204814814213767,0.0
2046-03-19 15:00:00,3.0204814814213767,0.0
2046-03-19 15:30:00,3.0204814814213767,0.0
2046-03-19 16:00:00,3.0204814814213767,0.0
2046-03-19 16:30:00,3.0204814814213767,0.0
2046-03-19 17:00:00,3.0204814814213767,0.0
2046-03-19 17:30:00,3.0204814814213767,0.0
2046-03-19 18:00:00,3.0204814814213767,0.0
2046-03-19 18:30:00,3.0204814814213767,0.0
2046-03-19 19:00:00,3.0204814814213767,0.0
2046-03-19 19:30:00,3.0204814814213767,0.0
2046-03-19 20:00:00,3.0204814814213767,0.0
2046-03-19 20:30:00,3.0204814814213767,0.0
2046-03-19 21:00:00,3.0204814814213767,0.0
2046-03-19 21:30:00,3.0204814814213767,0.0
2046-03-19 22:00:00,3.0204814814213767,0.0
2046-03-19 22:30:00,3.0204814814213767,0.0
2046-03-19 23:00:00,3.0204814814213767,0.0
2046-03-19 23:30:00,3.0204814814213767,0.0
2046-03-20 00:00:00,3.0204814814213767,0.0
2046-03-20 00:30:00,3.0204814814213767,0.0
2046-03-20 01:00:00,3.0204814814213767,0.0
2046-03-20 01:30:00,3.0204814814213767,0.0
2046-03-20 02:00:00,3.0204814814213767,0.0
2046-03-20 02:30:00,3.0204814814213767,0.0
2046-03-20 03:00:00,3.0204814814213767,0.0
2046-03-20 03:30:00,3.0204814814213767,0.0
2046-03-20 04:00:00,3.0204814814213767,0.0
2046-03-20 04:30:00,3.0204814814213767,0.0
2046-03-20 05:00:00,3.0204814814213767,0.0
2046-03-20 05:30:00,3.0204814814213767,0.0
2046-03-20 06:00:00,3.0204814814213767,0.0
2046-03-20 06:30:00,3.0204814814213767,0.0
2046-03-20 07:00:00,3.0204814814213767,0.0
2046-03-20 07:30:00,3.0204814814213767,0.0
2046-03-20 08:00:00,3.0204814814213767,0.0
2046-03-20 08:30:00,3.0204814814213767,0.0
2046-03-20 09:00:00,3.0204814814213767,0.0
2046-03-20 09:30:00,3.0204814814213767,0.0
2046-03-20 10:00:00,3.0204814814213767,0.0
2046-03-20 10:30:00,3.0204814814213767,0.0
2046-03-20 11:00:00,3.0204814814213767,0.0
2046-03-20 11:30:00,3.0204814814213767,0.0
2046-03-20 12:00:00,3.0204814814213767,0.0
2046-03-20 12:30:00,3.0204814814213767,0.0
2046-03-20 13:00:00,3.0204814814213767,0.0
2046-03-20 13:30:00,3.0204814814213767,0.0
2046-03-20 14:00:00,3.0204814814213767,0.0
2046-03-20 14:30:00,3.0204814814213767,0.0
2046-03-20 15:00:00,3.0204814814213767,0.0
2046-03-20 15:30:00,3.0204814814213767,0.0
2046-03-20 16:00:00,3.0204814814213767,0.0
2046-03-20 16:30:00,3.0204814814213767,0.0
2046-03-20 17:00:00,3.0204814814213767,0.0
2046-03-20 17:30:00,3.0204814814213767,0.0
2046-03-20 18:00:00,3.0204814814213767,0.0
2046-03-20 18:30:00,3.0204814814213767,0.0
2046-03-20 19:00:00,3.0204814814213767,0.0
2046-03-20 19:30:00,3.0204814814213767,0.0
2046-03-20 20:00:00,3.0204814814213767,0.0
2046-03-20 20:30:00,3.0204814814213767,0.0
2046-03-20 21:00:00,3.0204814814213767,0.0
2046-03-20 21:30:00,3.0204814814213767,0.0
2046-03-20 22:00:00,3.0204814814213767,0.0
2046-03-20 22:30:00,3.0204814814213767,0.0
2046-03-20 23:00:00,3.0204814814213767,0.0
2046-03-20 23:30:00,3.0204814814213767,0.0
2046-03-21 00:00:00,3.0204814814213767,0.0
2046-03-21 00:30:00,3.0204814814213767,0.0
2046-03-21 01:00:00,3.0204814814213767,0.0
2046-03-21 01:30:00,3.0204814814213767,0.0
2046-03-21 02:00:00,3.0204814814213767,0.0
2046-03-21 02:30:00,3.0204814814213767,0.0
2046-03-21 03:00:00,3.0204814814213767,0.0
2046-03-21 03:30:00,3.0204814814213767,0.0
2046-03-21 04:00:00,3.0204814814213767,0.0
2046-03-21 04:30:00,3.0204814814213767,0.0
2046-03-21 05:00:00,3.0204814814213767,0.0
2046-03-21 05:30:00,3.0204814814213767,0.0
2046-03-21 06:00:00,3.0204814814213767,0.0
2046-03-21 06:30:00,3.0204814814213767,0.0
2046-03-21 07:00:00,3.0204814814213767,0.0
2046-03-21 07:30:00,3.0204814814213767,0.0
2046-03-21 08:00:00,3.0204814814213767,0.0
2046-03-21 08:30:00,3.0204814814213767,0.0
2046-03-21 09:00:00,3.0204814814213767,0.0
2046-03-21 09:30:00,3.0204814814213767,0.0
2046-03-21 10:00:00,3.0204814814213767,0.0
2046-03-21 10:30:00,3.0204814814213767,0.0
2046-03-21 11:00:00,3.0204814814213767,0.0
2046-03-21 11:30:00,3.0204814814213767,0.0
2046-03-21 12:00:00,3.0204814814213767,0.0
2046-03-21 12:30:00,3.0204814814213767,0.0
2046-03-21 13:00:00,3.0204814814213767,0.0
2046-03-21 13:30:00,3.0204814814213767,0.0
2046-03-21 14:00:00,3.0204814814213767,0.0
2046-03-21 14:30:00,3.0204814814213767,0.0
2046-03-21 15:00:00,3.0204814814213767,0.0
2046-03-21 15:30:00,3.0204814814213767,0.0
2046-03-21 16:00:00,3.0204814814213767,0.0
2046-03-21 16:30:00,3.0204814814213767,0.0
2046-03-21 17:00:00,3.0204814814213767,0.0
2046-03-21 17:30:00,3.0204814814213767,0.0
2046-03-21 18:00:00,3.0204814814213767,0.0
2046-03-21 18:30:00,3.0204814814213767,0.0
2046-03-21 19:00:00,3.0204814814213767,0.0
2046-03-21 19:30:00,3.0204814814213767,0.0
2046-03-21 20:00:00,3.0204814814213767,0.0
2046-03-21 20:30:00,3.0204814814213767,0.0
2046-03-21 21:00:00,3.0204814814213767,0.0
2046-03-21 21:30:00,3.0204814814213767,0.0
2046-03-21 22:00:00,3.0204814814213767,0.014213486013661115
2046-03-21 22:30:00,3.0127567607617722,0.0
2046-03-21 23:00:00,3.0127567607617722,0.0
2046-03-21 23:30:00,3.0127567607617722,0.0
2046-03-22 00:00:00,3.0127567607617722,0.0
2046-03-22 00:30:00,3.0127567607617722,0.0
2046-03-22 01:00:00,3.0127567607617722,0.0
2046-03-22 01:30:00,3.0127567607617722,0.0
2046-03-22 02:00:00,3.0127567607617722,0.0
2046-03-22 02:30:00,3.0127567607617722,0.0
2046-03-22 03:00:00,3.0127567607617722,0.0
2046-03-22 03:30:00,3.0127567607617722,0.0
2046-03-22 04:00:00,3.0127567607617722,0.0
2046-03-22 04:30:00,3.0127567607617722,0.0
2046-03-22 05:00:00,3.0127567607617722,0.0
2046-03-22 05:30:00,3.0127567607617722,0.0
2046-03-22 06:00:00,3.0127567607617722,0.0
2046-03-22 06:30:00,3.0127567607617722,0.0
2046-03-22 07:00:00,3.0127567607617722,0.0
2046-03-22 07:30:00,3.0127567607617722,0.0
2046-03-22 08:00:00,3.0127567607617722,0.0
2046-03-22 08:30:00,3.0127567607617722,0.0
2046-03-22 09:00:00,3.0127567607617722,0.0
2046-03-22 09:30:00,3.0127567607617722,0.0
2046-03-22 10:00:00,3.0127567607617722,0.0
2046-03-22 10:30:00,3.0127567607617722,0.0
2046-03-22 11:00:00,3.0127567607617722,0.0
2046-03-22 11:30:00,3.0127567607617722,0.0
2046-03-22 12:00:00,3.0127567607617722,0.0
2046-03-22 12:30:00,3.0127567607617722,-0.0025793849854789
2046-03-22 13:00:00,3.0139432778550925,-0.014213486013661115
2046-03-22 13:30:00,3.0204814814213767,0.0
2046-03-22 14:00:00,3.0204814814213767,0.0
2046-03-22 14:30:00,3.0204814814213767,0.0
2046-03-22 15:00:00,3.0204814814213767,0.0
2046-03-22 15:30:00,3.0204814814213767,0.0
2046-03-22 16:00:00,3.0204814814213767,0.0
2046-03-22 16:30:00,3.0204814814213767,0.0
2046-03-22 17:00:00,3.0204814814213767,0.0
2046-03-22 17:30:00,3.0204814814213767,0.0
2046-03-22 18:00:00,3.0204814814213767,0.0
2046-03-22 18:30:00,3.0204814814213767,0.0
2046-03-22 19:00:00,3.0204814814213767,0.0
2046-03-22 19:30:00,3.0204814814213767,0.0
2046-03-22 20:00:00,3.0204814814213767,0.0
2046-03-22 20:30:00,3.0204814814213767,0.0
2046-03-22 21:00:00,3.0204814814213767,0.0
2046-03-22 21:30:00,3.0204814814213767,0.0
2046-03-22 22:00:00,3.0204814814213767,0.0
2046-03-22 22:30:00,3.0204814814213767,0.0
2046-03-22 23:00:00,3.0204814814213767,0.0
2046-03-22 23:30:00,3.0204814814213767,0.0
2046-03-23 00:00:00,3.0204814814213767,0.0
2046-03-23 00:30:00,3.0204814814213767,0.0
2046-03-23 01:00:00,3.0204814814213767,0.0
2046-03-23 01:30:00,3.0204814814213767,0.0
2046-03-23 02:00:00,3.0204814814213767,0.0
2046-03-23 02:30:00,3.0204814814213767,0.0
2046-03-23 03:00:00,3.0204814814213767,0.0
2046-03-23 03:30:00,3.0204814814213767,0.0
2046-03-23 04:00:00,3.0204814814213767,0.0
2046-03-23 04:30:00,3.0204814814213767,0.0
2046-03-23 05:00:00,3.0204814814213767,0.0
2046-03-23 05:30:00,3.0204814814213767,0.0
2046-03-23 06:00:00,3.0204814814213767,0.0
2046-03-23 06:30:00,3.0204814814213767,0.0
2046-03-23 07:00:00,3.0204814814213767,0.0
2046-03-23 07:30:00,3.0204814814213767,0.0
2046-03-23 08:00:00,3.0204814814213767,0.0
2046-03-23 08:30:00,3.0204814814213767,0.0
2046-03-23 09:00:00,3.0204814814213767,0.0
2046-03-23 09:30:00,3.0204814814213767,0.0
2046-03-23 10:00:00,3.0204814814213767,0.0
2046-03-23 10:30:00,3.0204814814213767,0.0
2046-03-23 11:00:00,3.0204814814213767,0.0
2046-03-23 11:30:00,3.0204814814213767,0.0
2046-03-23 12:00:00,3.0204814814213767,0.0
2046-03-23 12:30:00,3.0204814814213767,0.0
2046-03-23 13:00:00,3.0204814814213767,0.0
2046-03-23 13:30:00,3.0204814814213767,0.0
2046-03-23 14:00:00,3.0204814814213767,0.0
2046-03-23 14:30:00,3.0204814814213767,0.0
2046-03-23 15:00:00,3.0204814814213767,0.0
2046-03-23 15:30:00,3.0204814814213767,0.0
2046-03-23 16:00:00,3.0204814814213767,0.0
2046-03-23 16:30:00,3.0204814814213767,0.0
2046-03-23 17:00:00,3.0204814814213767,0.0
2046-03-23 17:30:00,3.0204814814213767,0.0
2046-03-23 18:00:00,3.0204814814213767,0.0
2046-03-23 18:30:00,3.0204814814213767,0.0
2046-03-23 19:00:00,3.0204814814213767,0.0
2046-03-23 19:30:00,3.0204814814213767,0.0
2046-03-23 20:00:00,3.0204814814213767,0.0
2046-03-23 20:30:00,3.0204814814213767,0.0
2046-03-23 21:00:00,3.0204814814213767,0.0
2046-03-23 21:30:00,3.0204814814213767,0.0
2046-03-23 22:00:00,3.0204814814213767,0.0
2046-03-23 22:30:00,3.0204814814213767,0.0
2046-03-23 23:00:00,3.0204814814213767,0.0
2046-03-23 23:30:00,3.0204814814213767,0.0
2046-03-24 00:00:00,3.0204814814213767,0.0
2046-03-24 00:30:00,3.0204814814213767,0.0
2046-03-24 01:00:00,3.0204814814213767,0.0
2046-03-24 01:30:00,3.0204814814213767,0.0
2046-03-24 02:00:00,3.0204814814213767,0.0
2046-03-24 02:30:00,3.0204814814213767,0.0
2046-03-24 03:00:00,3.0204814814213767,0.0
2046-03-24 03:30:00,3.0204814814213767,0.0
2046-03-24 04:00:00,3.0204814814213767,0.0
2046-03-24 04:30:00,3.0204814814213767,0.0
2046-03-24 05:00:00,3.0204814814213767,0.0
2046-03-24 05:30:00,3.0204814814213767,0.0
2046-03-24 06:00:00,3.0204814814213767,0.014213486013661115
2046-03-24 06:30:00,3.0127567607617722,0.0
2046-03-24 07:00:00,3.0127567607617722,0.0
2046-03-24 07:30:00,3.0127567607617722,0.0
2046-03-24 08:00:00,3.0127567607617722,0.0
2046-03-24 08:30:00,3.0127567607617722,-0.014213486013661115
2046-03-24 09:00:00,3.0192949643280564,-0.0025793849854789
2046-03-24 09:30:00,3.0204814814213767,0.0
2046-03-24 10:00:00,3.0204814814213767,0.0
2046-03-24 10:30:00,3.0204814814213767,0.0
2046-03-24 11:00:00,3.0204814814213767,0.0
2046-03-24 11:30:00,3.0204814814213767,0.0
2046-03-24 12:00:00,3.0204814814213767,0.0
2046-03-24 12:30:00,3.0204814814213767,0.0
2046-03-24 13:00:00,3.0204814814213767,0.0
2046-03-24 13:30:00,3.0204814814213767,0.0
2046-03-24 14:00:00,3.0204814814213767,0.0
2046-03-24 14:30:00,3.0204814814213767,0.0
2046-03-24 15:00:00,3.0204814814213767,0.0
2046-03-24 15:30:00,3.0204814814213767,0.0
2046-03-24 16:00:00,3.0204814814213767,0.0
2046-03-24 16:30:00,3.0204814814213767,0.0
2046-03-24 17:00:00,3.0204814814213767,0.0
2046-03-24 17:30:00,3.0204814814213767,0.0
2046-03-24 18:00:00,3.0204814814213767,0.0
2046-03-24 18:30:00,3.0204814814213767,0.0
2046-03-24 19:00:00,3.0204814814213767,0.0
2046-03-24 19:30:00,3.0204814814213767,0.0
2046-03-24 20:00:00,3.0204814814213767,0.0
2046-03-24 20:30:00,3.0204814814213767,0.0
2046-03-24 21:00:00,3.0204814814213767,0.0
2046-03-24 21:30:00,3.0204814814213767,0.0
2046-03-24 22:00:00,3.0204814814213767,0.0
2046-03-24 22:30:00,3.0204814814213767,0.0
2046-03-24 23:00:00,3.0204814814213767,0.0
2046-03-24 23:30:00,3.0204814814213767,0.0022286746068306876
2046-03-25 00:00:00,3.0192702452220113,0.0
2046-03-25 00:30:00,3.0192702452220113,0.0
2046-03-25 01:00:00,3.0192702452220113,0.0
2046-03-25 01:30:00,3.0192702452220113,0.0
2046-03-25 02:00:00,3.0192702452220113,0.014213486013661115
2046-03-25 02:30:00,3.0115455245624068,0.014213486013661115
2046-03-25 03:00:00,3.0038208039028023,0.014213486013661115
2046-03-25 03:30:00,2.9960960832431978,0.014213486013661115
2046-03-25 04:00:00,2.9883713625835933,0.014213486013661115
2046-03-25 04:30:00,2.9806466419239888,0.014213486013661115
2046-03-25 05:00:00,2.9729219212643843,0.014213486013661115
2046-03-25 05:30:00,2.9651972006047798,0.014213486013661115
2046-03-25 06:00:00,2.9574724799451753,0.0
2046-03-25 06:30:00,2.9574724799451753,0.014213486013661115
2046-03-25 07:00:00,2.9497477592855708,0.0
2046-03-25 07:30:00,2.9497477592855708,0.014213486013661115
2046-03-25 08:00:00,2.9420230386259663,0.0
2046-03-25 08:30:00,2.9420230386259663,0.0
2046-03-25 09:00:00,2.9420230386259663,0.0
2046-03-25 09:30:00,2.9420230386259663,0.0
2046-03-25 10:00:00,2.9420230386259663,0.0
2046-03-25 10:30:00,2.9420230386259663,-0.014213486013661115
2046-03-25 11:00:00,2.9485612421922505,-0.014213486013661115
2046-03-25 11:30:00,2.9550994457585347,-0.014213486013661115
2046-03-25 12:00:00,2.961637649324819,-0.014213486013661115
2046-03-25 12:30:00,2.968175852891103,-0.014213486013661115
2046-03-25 13:00:00,2.9747140564573873,-0.014213486013661115
2046-03-25 13:30:00,2.9812522600236715,-0.014213486013661115
2046-03-25 14:00:00,2.9877904635899557,-0.014213486013661115
2046-03-25 14:30:00,2.99432866715624,-0.014213486013661115
2046-03-25 15:00:00,3.000866870722524,-0.014213486013661115
2046-03-25 15:30:00,3.0074050742888083,-0.014213486013661115
2046-03-25 16:00:00,3.0139432778550925,-0.014213486013661115
2046-03-25 16:30:00,3.0204814814213767,0.0
2046-03-25 17:00:00,3.0204814814213767,0.0
2046-03-25 17:30:00,3.0204814814213767,0.0
2046-03-25 18:00:00,3.0204814814213767,0.0
2046-03-25 18:30:00,3.0204814814213767,0.0
2046-03-25 19:00:00,3.0204814814213767,0.0
2046-03-25 19:30:00,3.0204814814213767,0.0
2046-03-25 20:00:00,3.0204814814213767,0.0
2046-03-25 20:30:00,3.0204814814213767,0.0
2046-03-25 21:00:00,3.0204814814213767,0.0
2046-03-25 21:30:00,3.0204814814213767,0.0
2046-03-25 22:00:00,3.0204814814213767,0.0
2046-03-25 22:30:00,3.0204814814213767,0.0
2046-03-25 23:00:00,3.0204814814213767,0.0
2046-03-25 23:30:00,3.0204814814213767,0.0
2046-03-26 00:00:00,3.0204814814213767,0.0
2046-03-26 00:30:00,3.0204814814213767,0.0
2046-03-26 01:00:00,3.0204814814213767,0.0
2046-03-26 01:30:00,3.0204814814213767,0.0
2046-03-26 02:00:00,3.0204814814213767,0.0
2046-03-26 02:30:00,3.0204814814213767,0.0
2046-03-26 03:00:00,3.0204814814213767,0.0
2046-03-26 03:30:00,3.0204814814213767,0.0
2046-03-26 04:00:00,3.0204814814213767,0.0
2046-03-26 04:30:00,3.0204814814213767,0.0
2046-03-26 05:00:00,3.0204814814213767,0.0
2046-03-26 05:30:00,3.0204814814213767,0.0
2046-03-26 06:00:00,3.0204814814213767,0.0
2046-03-26 06:30:00,3.0204814814213767,0.0
2046-03-26 07:00:00,3.0204814814213767,0.0
2046-03-26 07:30:00,3.0204814814213767,0.0
2046-03-26 08:00:00,3.0204814814213767,0.0
2046-03-26 08:30:00,3.0204814814213767,0.0
2046-03-26 09:00:00,3.0204814814213767,0.0
2046-03-26 09:30:00,3.0204814814213767,0.0
2046-03-26 10:00:00,3.0204814814213767,0.0
2046-03-26 10:30:00,3.0204814814213767,0.0
2046-03-26 11:00:00,3.0204814814213767,0.0
2046-03-26 11:30:00,3.0204814814213767,0.0
2046-03-26 12:00:00,3.0204814814213767,0.0
2046-03-26 12:30:00,3.0204814814213767,0.0
2046-03-26 13:00:00,3.0204814814213767,0.0
2046-03-26 13:30:00,3.0204814814213767,0.0
2046-03-26 14:00:00,3.0204814814213767,0.0
2046-03-26 14:30:00,3.0204814814213767,0.0
2046-03-26 15:00:00,3.0204814814213767,0.0
2046-03-26 15:30:00,3.0204814814213767,0.0
2046-03-26 16:00:00,3.0204814814213767,0.0
2046-03-26 16:30:00,3.0204814814213767,0.0
2046-03-26 17:00:00,3.0204814814213767,0.0
2046-03-26 17:30:00,3.0204814814213767,0.0
2046-03-26 18:00:00,3.0204814814213767,0.0
2046-03-26 18:30:00,3.0204814814213767,0.0
2046-03-26 19:00:00,3.0204814814213767,0.0
2046-03-26 19:30:00,3.0204814814213767,0.0
2046-03-26 20:00:00,3.0204814814213767,0.0
2046-03-26 20:30:00,3.0204814814213767,0.0
2046-03-26 21:00:00,3.0204814814213767,0.0
2046-03-26 21:30:00,3.0204814814213767,0.0
2046-03-26 22:00:00,3.0204814814213767,0.0
2046-03-26 22:30:00,3.0204814814213767,0.0
2046-03-26 23:00:00,3.0204814814213767,0.0
2046-03-26 23:30:00,3.0204814814213767,0.0
2046-03-27 00:00:00,3.0204814814213767,0.0
2046-03-27 00:30:00,3.0204814814213767,0.0
2046-03-27 01:00:00,3.0204814814213767,0.0
2046-03-27 01:30:00,3.0204814814213767,0.0
2046-03-27 02:00:00,3.0204814814213767,0.0
2046-03-27 02:30:00,3.0204814814213767,0.0
2046-03-27 03:00:00,3.0204814814213767,0.0
2046-03-27 03:30:00,3.0204814814213767,0.0
2046-03-27 04:00:00,3.0204814814213767,0.0
2046-03-27 04:30:00,3.0204814814213767,0.0
2046-03-27 05:00:00,3.0204814814213767,0.0
2046-03-27 05:30:00,3.0204814814213767,0.0
2046-03-27 06:00:00,3.0204814814213767,0.0
2046-03-27 06:30:00,3.0204814814213767,0.0
2046-03-27 07:00:00,3.0204814814213767,0.0
2046-03-27 07:30:00,3.0204814814213767,0.0
2046-03-27 08:00:00,3.0204814814213767,0.0
2046-03-27 08:30:00,3.0204814814213767,0.0
2046-03-27 09:00:00,3.0204814814213767,0.0
2046-03-27 09:30:00,3.0204814814213767,0.0
2046-03-27 10:00:00,3.0204814814213767,0.0
2046-03-27 10:30:00,3.0204814814213767,0.0
2046-03-27 11:00:00,3.0204814814213767,0.0
2046-03-27 11:30:00,3.0204814814213767,0.0
2046-03-27 12:00:00,3.0204814814213767,0.0
2046-03-27 12:30:00,3.0204814814213767,0.0
2046-03-27 13:00:00,3.0204814814213767,0.0
2046-03-27 13:30:00,3.0204814814213767,0.0
2046-03-27 14:00:00,3.0204814814213767,0.0
2046-03-27 14:30:00,3.0204814814213767,0.0
2046-03-27 15:00:00,3.0204814814213767,0.0
2046-03-27 15:30:00,3.0204814814213767,0.0
2046-03-27 16:00:00,3.0204814814213767,0.0
2046-03-27 16:30:00,3.0204814814213767,0.0
2046-03-27 17:00:00,3.0204814814213767,0.0
2046-03-27 17:30:00,3.0204814814213767,0.0
2046-03-27 18:00:00,3.0204814814213767,0.0
2046-03-27 18:30:00,3.0204814814213767,0.014213486013661115
2046-03-27 19:00:00,3.0127567607617722,0.014213486013661115
2046-03-27 19:30:00,3.0050320401021677,0.0
2046-03-27 20:00:00,3.0050320401021677,0.0
2046-03-27 20:30:00,3.0050320401021677,0.0
2046-03-27 21:00:00,3.0050320401021677,0.0
2046-03-27 21:30:00,3.0050320401021677,0.0
2046-03-27 22:00:00,3.0050320401021677,0.014213486013661115
2046-03-27 22:30:00,2.9973073194425632,0.014213486013661115
2046-03-27 23:00:00,2.9895825987829587,0.0
2046-03-27 23:30:00,2.9895825987829587,0.014213486013661115
2046-03-28 00:00:00,2.9818578781233542,0.014213486013661115
2046-03-28 00:30:00,2.9741331574637497,0.0
2046-03-28 01:00:00,2.9741331574637497,0.014213486013661115
2046-03-28 01:30:00,2.9664084368041452,0.014213486013661115
2046-03-28 02:00:00,2.9586837161445407,0.014213486013661115
2046-03-28 02:30:00,2.9509589954849362,0.014213486013661115
2046-03-28 03:00:00,2.9432342748253317,0.014213486013661115
2046-03-28 03:30:00,2.9355095541657272,0.0
2046-03-28 04:00:00,2.9355095541657272,0.0
2046-03-28 04:30:00,2.9355095541657272,0.0
2046-03-28 05:00:00,2.9355095541657272,0.014213486013661115
2046-03-28 05:30:00,2.9277848335061227,0.014213486013661115
2046-03-28 06:00:00,2.9200601128465182,0.0
2046-03-28 06:30:00,2.9200601128465182,0.0
2046-03-28 07:00:00,2.9200601128465182,0.0
2046-03-28 07:30:00,2.9200601128465182,0.0
2046-03-28 08:00:00,2.9200601128465182,0.0
2046-03-28 08:30:00,2.9200601128465182,0.0
2046-03-28 09:00:00,2.9200601128465182,-0.014213486013661115
2046-03-28 09:30:00,2.9265983164128024,-0.014213486013661115
2046-03-28 10:00:00,2.9331365199790866,-0.014213486013661115
2046-03-28 10:30:00,2.939674723545371,-0.014213486013661115
2046-03-28 11:00:00,2.946212927111655,-0.014213486013661115
2046-03-28 11:30:00,2.9527511306779393,-0.014213486013661115
2046-03-28 12:00:00,2.9592893342442235,-0.014213486013661115
2046-03-28 12:30:00,2.9658275378105077,-0.014213486013661115
2046-03-28 13:00:00,2.972365741376792,-0.014213486013661115
2046-03-28 13:30:00,2.978903944943076,-0.014213486013661115
2046-03-28 14:00:00,2.9854421485093603,-0.014213486013661115
2046-03-28 14:30:00,2.9919803520756445,-0.014213486013661115
2046-03-28 15:00:00,2.9985185556419287,-0.014213486013661115
2046-03-28 15:30:00,3.005056759208213,-0.014213486013661115
2046-03-28 16:00:00,3.011594962774497,-0.014213486013661115
2046-03-28 16:30:00,3.0181331663407813,-0.005105032783903063
2046-03-28 17:00:00,3.0204814814213767,0.0
2046-03-28 17:30:00,3.0204814814213767,0.0
2046-03-28 18:00:00,3.0204814814213767,0.0
2046-03-28 18:30:00,3.0204814814213767,4.548315512309301e-05
2046-03-28 19:00:00,3.0204567623153316,0.014213486013661115
2046-03-28 19:30:00,3.012732041655727,0.014213486013661115
2046-03-28 20:00:00,3.0050073209961226,0.0
2046-03-28 20:30:00,3.0050073209961226,0.0
2046-03-28 21:00:00,3.0050073209961226,0.014213486013661115
2046-03-28 21:30:00,2.997282600336518,0.0
2046-03-28 22:00:00,2.997282600336518,0.014213486013661115
2046-03-28 22:30:00,2.9895578796769136,0.0
2046-03-28 23:00:00,2.9895578796769136,0.0
2046-03-28 23:30:00,2.9895578796769136,0.014213486013661115
2046-03-29 00:00:00,2.981833159017309,0.014213486013661115
2046-03-29 00:30:00,2.9741084383577046,0.0
2046-03-29 01:00:00,2.9741084383577046,0.0
2046-03-29 01:30:00,2.9741084383577046,0.014213486013661115
2046-03-29 02:00:00,2.9663837176981,0.0
2046-03-29 02:30:00,2.9663837176981,0.0
2046-03-29 03:00:00,2.9663837176981,0.014213486013661115
2046-03-29 03:30:00,2.9586589970384956,0.014213486013661115
2046-03-29 04:00:00,2.950934276378891,0.0
2046-03-29 04:30:00,2.950934276378891,0.014213486013661115
2046-03-29 05:00:00,2.9432095557192866,0.0
2046-03-29 05:30:00,2.9432095557192866,0.014213486013661115
2046-03-29 06:00:00,2.935484835059682,0.0
2046-03-29 06:30:00,2.935484835059682,0.0
2046-03-29 07:00:00,2.935484835059682,0.0
2046-03-29 07:30:00,2.935484835059682,0.0
2046-03-29 08:00:00,2.935484835059682,0.0
2046-03-29 08:30:00,2.935484835059682,0.0
2046-03-29 09:00:00,2.935484835059682,-0.014213486013661115
2046-03-29 09:30:00,2.9420230386259663,-0.014213486013661115
2046-03-29 10:00:00,2.9485612421922505,-0.014213486013661115
2046-03-29 10:30:00,2.9550994457585347,-0.014213486013661115
2046-03-29 11:00:00,2.961637649324819,-0.014213486013661115
2046-03-29 11:30:00,2.968175852891103,-0.014213486013661115
2046-03-29 12:00:00,2.9747140564573873,-0.014213486013661115
2046-03-29 12:30:00,2.9812522600236715,-0.014213486013661115
2046-03-29 13:00:00,2.9877904635899557,-0.014213486013661115
2046-03-29 13:30:00,2.99432866715624,-0.014213486013661115
2046-03-29 14:00:00,3.000866870722524,-0.014213486013661115
2046-03-29 14:30:00,3.0074050742888083,-0.014213486013661115
2046-03-29 15:00:00,3.0139432778550925,-0.014213486013661115
2046-03-29 15:30:00,3.0204814814213767,0.0
2046-03-29 16:00:00,3.0204814814213767,0.0
2046-03-29 16:30:00,3.0204814814213767,0.0
2046-03-29 17:00:00,3.0204814814213767,0.0
2046-03-29 17:30:00,3.0204814814213767,0.0
2046-03-29 18:00:00,3.0204814814213767,0.0
2046-03-29 18:30:00,3.0204814814213767,0.0
2046-03-29 19:00:00,3.0204814814213767,0.0
2046-03-29 19:30:00,3.0204814814213767,0.0
2046-03-29 20:00:00,3.0204814814213767,0.0
2046-03-29 20:30:00,3.0204814814213767,0.0
2046-03-29 21:00:00,3.0204814814213767,0.0
2046-03-29 21:30:00,3.0204814814213767,0.0
2046-03-29 22:00:00,3.0204814814213767,0.0
2046-03-29 22:30:00,3.0204814814213767,0.0
2046-03-29 23:00:00,3.0204814814213767,0.0
2046-03-29 23:30:00,3.0204814814213767,0.014213486013661115
2046-03-30 00:00:00,3.0127567607617722,0.0
2046-03-30 00:30:00,3.0127567607617722,0.0
2046-03-30 01:00:00,3.0127567607617722,0.014213486013661115
2046-03-30 01:30:00,3.0050320401021677,0.0
2046-03-30 02:00:00,3.0050320401021677,0.0
2046-03-30 02:30:00,3.0050320401021677,0.014213486013661115
2046-03-30 03:00:00,2.9973073194425632,0.014213486013661115
2046-03-30 03:30:00,2.9895825987829587,0.014213486013661115
2046-03-30 04:00:00,2.9818578781233542,0.014213486013661115
2046-03-30 04:30:00,2.9741331574637497,0.014213486013661115
2046-03-30 05:00:00,2.9664084368041452,0.014213486013661115
2046-03-30 05:30:00,2.9586837161445407,0.01207577771707641
2046-03-30 06:00:00,2.9521207934722113,0.014213486013661115
2046-03-30 06:30:00,2.944396072812607,0.014213486013661115
2046-03-30 07:00:00,2.9366713521530023,0.014213486013661115
2046-03-30 07:30:00,2.928946631493398,0.0
2046-03-30 08:00:00,2.928946631493398,0.0
2046-03-30 08:30:00,2.928946631493398,0.0
2046-03-30 09:00:00,2.928946631493398,-0.014213486013661115
2046-03-30 09:30:00,2.935484835059682,-0.014213486013661115
2046-03-30 10:00:00,2.9420230386259663,-0.014213486013661115
2046-03-30 10:30:00,2.9485612421922505,-0.014213486013661115
2046-03-30 11:00:00,2.9550994457585347,-0.014213486013661115
2046-03-30 11:30:00,2.961637649324819,-0.014213486013661115
2046-03-30 12:00:00,2.968175852891103,-0.014213486013661115
2046-03-30 12:30:00,2.9747140564573873,-0.014213486013661115
2046-03-30 13:00:00,2.9812522600236715,-0.014213486013661115
2046-03-30 13:30:00,2.9877904635899557,-0.014213486013661115
2046-03-30 14:00:00,2.99432866715624,-0.014213486013661115
2046-03-30 14:30:00,3.000866870722524,-0.014213486013661115
2046-03-30 15:00:00,3.0074050742888083,-0.014213486013661115
2046-03-30 15:30:00,3.0139432778550925,-0.014213486013661115
2046-03-30 16:00:00,3.0204814814213767,0.0
2046-03-30 16:30:00,3.0204814814213767,0.0
2046-03-30 17:00:00,3.0204814814213767,0.0
2046-03-30 17:30:00,3.0204814814213767,0.0
2046-03-30 18:00:00,3.0204814814213767,0.0
2046-03-30 18:30:00,3.0204814814213767,0.0
2046-03-30 19:00:00,3.0204814814213767,0.0
2046-03-30 19:30:00,3.0204814814213767,0.0
2046-03-30 20:00:00,3.0204814814213767,0.0
2046-03-30 20:30:00,3.0204814814213767,0.0
2046-03-30 21:00:00,3.0204814814213767,0.0
2046-03-30 21:30:00,3.0204814814213767,0.0
2046-03-30 22:00:00,3.0204814814213767,0.0
2046-03-30 22:30:00,3.0204814814213767,0.0
2046-03-30 23:00:00,3.0204814814213767,0.0
2046-03-30 23:30:00,3.0204814814213767,0.0
2046-03-31 00:00:00,3.0204814814213767,0.0
2046-03-31 00:30:00,3.0204814814213767,0.0
2046-03-31 01:00:00,3.0204814814213767,0.0
2046-03-31 01:30:00,3.0204814814213767,0.0
2046-03-31 02:00:00,3.0204814814213767,0.0
2046-03-31 02:30:00,3.0204814814213767,0.0
2046-03-31 03:00:00,3.0204814814213767,0.0
2046-03-31 03:30:00,3.0204814814213767,0.0
2046-03-31 04:00:00,3.0204814814213767,0.0
2046-03-31 04:30:00,3.0204814814213767,0.0
2046-03-31 05:00:00,3.0204814814213767,0.0
2046-03-31 05:30:00,3.0204814814213767,0.0
2046-03-31 06:00:00,3.0204814814213767,0.0
2046-03-31 06:30:00,3.0204814814213767,0.0
2046-03-31 07:00:00,3.0204814814213767,0.0
2046-03-31 07:30:00,3.0204814814213767,0.0
2046-03-31 08:00:00,3.0204814814213767,0.0
2046-03-31 08:30:00,3.0204814814213767,0.0
2046-03-31 09:00:00,3.0204814814213767,0.0
2046-03-31 09:30:00,3.0204814814213767,0.0
2046-03-31 10:00:00,3.0204814814213767,0.0
2046-03-31 10:30:00,3.0204814814213767,0.0
2046-03-31 11:00:00,3.0204814814213767,0.0
2046-03-31 11:30:00,3.0204814814213767,0.0
2046-03-31 12:00:00,3.0204814814213767,0.0
2046-03-31 12:30:00,3.0204814814213767,0.0
2046-03-31 13:00:00,3.0204814814213767,0.0
2046-03-31 13:30:00,3.0204814814213767,0.0
2046-03-31 14:00:00,3.0204814814213767,0.0
2046-03-31 14:30:00,3.0204814814213767,0.0
2046-03-31 15:00:00,3.0204814814213767,0.0
2046-03-31 15:30:00,3.0204814814213767,-0.002183191451707799
2046-03-31 16:00:00,3.0204814814213767,0.0
2046-03-31 16:30:00,3.0204814814213767,0.0
2046-03-31 17:00:00,3.0204814814213767,0.0
2046-03-31 17:30:00,3.0204814814213767,0.0
2046-03-31 18:00:00,3.0204814814213767,0.0
2046-03-31 18:30:00,3.0204814814213767,0.004411866058538282
2046-03-31 19:00:00,3.018083728128691,0.0
2046-03-31 19:30:00,3.018083728128691,0.0
2046-03-31 20:00:00,3.018083728128691,0.0
2046-03-31 20:30:00,3.018083728128691,0.0
2046-03-31 21:00:00,3.018083728128691,0.0
2046-03-31 21:30:00,3.018083728128691,0.0
2046-03-31 22:00:00,3.018083728128691,0.0
2046-03-31 22:30:00,3.018083728128691,0.0
2046-03-31 23:00:00,3.018083728128691,0.0
2046-03-31 23:30:00,3.018083728128691,0.0
2046-04-01 00:00:00,3.018083728128691,0.0
2046-04-01 00:30:00,3.018083728128691,0.0
2046-04-01 01:00:00,3.018083728128691,0.014213486013661115
2046-04-01 01:30:00,3.0103590074690865,0.0
2046-04-01 02:00:00,3.0103590074690865,0.014213486013661115
2046-04-01 02:30:00,3.002634286809482,0.014213486013661115
2046-04-01 03:00:00,2.9949095661498775,0.014213486013661115
2046-04-01 03:30:00,2.987184845490273,0.014213486013661115
2046-04-01 04:00:00,2.9794601248306685,0.014213486013661115
2046-04-01 04:30:00,2.971735404171064,0.0
2046-04-01 05:00:00,2.971735404171064,0.014213486013661115
2046-04-01 05:30:00,2.9640106835114595,0.0
2046-04-01 06:00:00,2.9640106835114595,0.0
2046-04-01 06:30:00,2.9640106835114595,0.014213486013661115
2046-04-01 07:00:00,2.956285962851855,0.0
2046-04-01 07:30:00,2.956285962851855,0.014213486013661115
2046-04-01 08:00:00,2.9485612421922505,0.0
2046-04-01 08:30:00,2.9485612421922505,0.0
2046-04-01 09:00:00,2.9485612421922505,0.0
2046-04-01 09:30:00,2.9485612421922505,-0.014213486013661115
2046-04-01 10:00:00,2.9550994457585347,-0.014213486013661115
2046-04-01 10:30:00,2.961637649324819,-0.014213486013661115
2046-04-01 11:00:00,2.968175852891103,-0.014213486013661115
2046-04-01 11:30:00,2.9747140564573873,-0.014213486013661115
2046-04-01 12:00:00,2.9812522600236715,-0.014213486013661115
2046-04-01 12:30:00,2.9877904635899557,-0.014213486013661115
2046-04-01 13:00:00,2.99432866715624,-0.014213486013661115
2046-04-01 13:30:00,3.000866870722524,-0.014213486013661115
2046-04-01 14:00:00,3.0074050742888083,-0.014213486013661115
2046-04-01 14:30:00,3.0139432778550925,-0.014213486013661115
2046-04-01 15:00:00,3.0204814814213767,0.0
2046-04-01 15:30:00,3.0204814814213767,0.0
2046-04-01 16:00:00,3.0204814814213767,0.0
2046-04-01 16:30:00,3.0204814814213767,0.0
2046-04-01 17:00:00,3.0204814814213767,0.0
2046-04-01 17:30:00,3.0204814814213767,0.0
2046-04-01 18:00:00,3.0204814814213767,0.0
2046-04-01 18:30:00,3.0204814814213767,0.0
2046-04-01 19:00:00,3.0204814814213767,0.0
2046-04-01 19:30:00,3.0204814814213767,0.014213486013661115
2046-04-01 20:00:00,3.0127567607617722,0.0
2046-04-01 20:30:00,3.0127567607617722,0.014213486013661115
2046-04-01 21:00:00,3.0050320401021677,0.0
2046-04-01 21:30:00,3.0050320401021677,0.014213486013661115
2046-04-01 22:00:00,2.9973073194425632,0.0
2046-04-01 22:30:00,2.9973073194425632,0.0
2046-04-01 23:00:00,2.9973073194425632,0.0
2046-04-01 23:30:00,2.9973073194425632,0.0
2046-04-02 00:00:00,2.9973073194425632,0.014213486013661115
2046-04-02 00:30:00,2.9895825987829587,0.014213486013661115
2046-04-02 01:00:00,2.9818578781233542,0.014213486013661115
2046-04-02 01:30:00,2.9741331574637497,0.0
2046-04-02 02:00:00,2.9741331574637497,0.0
2046-04-02 02:30:00,2.9741331574637497,0.0
2046-04-02 03:00:00,2.9741331574637497,0.0
2046-04-02 03:30:00,2.9741331574637497,0.014213486013661115
2046-04-02 04:00:00,2.9664084368041452,0.0
2046-04-02 04:30:00,2.9664084368041452,0.014213486013661115
2046-04-02 05:00:00,2.9586837161445407,0.0
2046-04-02 05:30:00,2.9586837161445407,0.0
2046-04-02 06:00:00,2.9586837161445407,0.0
2046-04-02 06:30:00,2.9586837161445407,0.0
2046-04-02 07:00:00,2.9586837161445407,0.0
2046-04-02 07:30:00,2.9586837161445407,0.0
2046-04-02 08:00:00,2.9586837161445407,0.0
2046-04-02 08:30:00,2.9586837161445407,-0.014213486013661115
2046-04-02 09:00:00,2.965221919710825,-0.014213486013661115
2046-04-02 09:30:00,2.971760123277109,-0.014213486013661115
2046-04-02 10:00:00,2.9782983268433934,-0.014213486013661115
2046-04-02 10:30:00,2.9848365304096776,-0.014213486013661115
2046-04-02 11:00:00,2.9913747339759618,-0.014213486013661115
2046-04-02 11:30:00,2.997912937542246,-0.014213486013661115
2046-04-02 12:00:00,3.00445114110853,-0.014213486013661115
2046-04-02 12:30:00,3.0109893446748144,-0.014213486013661115
2046-04-02 13:00:00,3.0175275482410986,-0.006421593870169881
2046-04-02 13:30:00,3.0204814814213767,0.0
2046-04-02 14:00:00,3.0204814814213767,0.0
2046-04-02 14:30:00,3.0204814814213767,-0.002183191451707799
2046-04-02 15:00:00,3.0204814814213767,0.0
2046-04-02 15:30:00,3.0204814814213767,0.0
2046-04-02 16:00:00,3.0204814814213767,0.0
2046-04-02 16:30:00,3.0204814814213767,0.0
2046-04-02 17:00:00,3.0204814814213767,0.0
2046-04-02 17:30:00,3.0204814814213767,0.0
2046-04-02 18:00:00,3.0204814814213767,0.0
2046-04-02 18:30:00,3.0204814814213767,0.0
2046-04-02 19:00:00,3.0204814814213767,0.0
2046-04-02 19:30:00,3.0204814814213767,0.0
2046-04-02 20:00:00,3.0204814814213767,0.0
2046-04-02 20:30:00,3.0204814814213767,0.0
2046-04-02 21:00:00,3.0204814814213767,0.0
2046-04-02 21:30:00,3.0204814814213767,0.0
2046-04-02 22:00:00,3.0204814814213767,0.0
2046-04-02 22:30:00,3.0204814814213767,0.0
2046-04-02 23:00:00,3.0204814814213767,0.0
2046-04-02 23:30:00,3.0204814814213767,0.0
2046-04-03 00:00:00,3.0204814814213767,0.0
2046-04-03 00:30:00,3.0204814814213767,0.0
2046-04-03 01:00:00,3.0204814814213767,0.0
2046-04-03 01:30:00,3.0204814814213767,0.0
2046-04-03 02:00:00,3.0204814814213767,0.0
2046-04-03 02:30:00,3.0204814814213767,0.005480720206830533
2046-04-03 03:00:00,3.0175028291350534,0.0
2046-04-03 03:30:00,3.0175028291350534,0.014213486013661115
2046-04-03 04:00:00,3.009778108475449,0.0
2046-04-03 04:30:00,3.009778108475449,0.0
2046-04-03 05:00:00,3.009778108475449,0.0
2046-04-03 05:30:00,3.009778108475449,0.014213486013661115
2046-04-03 06:00:00,3.0020533878158444,0.0
2046-04-03 06:30:00,3.0020533878158444,0.014213486013661115
2046-04-03 07:00:00,2.99432866715624,0.0
2046-04-03 07:30:00,2.99432866715624,0.0
2046-04-03 08:00:00,2.99432866715624,0.0
2046-04-03 08:30:00,2.99432866715624,0.0
2046-04-03 09:00:00,2.99432866715624,0.0
2046-04-03 09:30:00,2.99432866715624,0.0
2046-04-03 10:00:00,2.99432866715624,0.0
2046-04-03 10:30:00,2.99432866715624,-0.014213486013661115
2046-04-03 11:00:00,3.000866870722524,-0.014213486013661115
2046-04-03 11:30:00,3.0074050742888083,-0.014213486013661115
2046-04-03 12:00:00,3.0139432778550925,-0.014213486013661115
2046-04-03 12:30:00,3.0204814814213767,0.0
2046-04-03 13:00:00,3.0204814814213767,0.0
2046-04-03 13:30:00,3.0204814814213767,0.0
2046-04-03 14:00:00,3.0204814814213767,0.0
2046-04-03 14:30:00,3.0204814814213767,0.0
2046-04-03 15:00:00,3.0204814814213767,0.0
2046-04-03 15:30:00,3.0204814814213767,0.0
2046-04-03 16:00:00,3.0204814814213767,0.0
2046-04-03 16:30:00,3.0204814814213767,0.0
2046-04-03 17:00:00,3.0204814814213767,0.0
2046-04-03 17:30:00,3.0204814814213767,0.0
2046-04-03 18:00:00,3.0204814814213767,0.0
2046-04-03 18:30:00,3.0204814814213767,0.0
2046-04-03 19:00:00,3.0204814814213767,0.0
2046-04-03 19:30:00,3.0204814814213767,0.0
2046-04-03 20:00:00,3.0204814814213767,0.0
2046-04-03 20:30:00,3.0204814814213767,0.0
2046-04-03 21:00:00,3.0204814814213767,0.0
2046-04-03 21:30:00,3.0204814814213767,0.0
2046-04-03 22:00:00,3.0204814814213767,0.0
2046-04-03 22:30:00,3.0204814814213767,0.014213486013661115
2046-04-03 23:00:00,3.0127567607617722,0.0
2046-04-03 23:30:00,3.0127567607617722,0.014213486013661115
2046-04-04 00:00:00,3.0050320401021677,0.0
2046-04-04 00:30:00,3.0050320401021677,0.0
2046-04-04 01:00:00,3.0050320401021677,0.0
2046-04-04 01:30:00,3.0050320401021677,0.014213486013661115
2046-04-04 02:00:00,2.9973073194425632,0.0
2046-04-04 02:30:00,2.9973073194425632,0.014213486013661115
2046-04-04 03:00:00,2.9895825987829587,0.014213486013661115
2046-04-04 03:30:00,2.9818578781233542,0.014213486013661115
2046-04-04 04:00:00,2.9741331574637497,0.0
2046-04-04 04:30:00,2.9741331574637497,0.014213486013661115
2046-04-04 05:00:00,2.9664084368041452,0.014213486013661115
2046-04-04 05:30:00,2.9586837161445407,0.014213486013661115
2046-04-04 06:00:00,2.9509589954849362,0.014213486013661115
2046-04-04 06:30:00,2.9432342748253317,0.014213486013661115
2046-04-04 07:00:00,2.9355095541657272,0.014213486013661115
2046-04-04 07:30:00,2.9277848335061227,0.0
2046-04-04 08:00:00,2.9277848335061227,0.0
2046-04-04 08:30:00,2.9277848335061227,-0.014213486013661115
2046-04-04 09:00:00,2.934323037072407,-0.014213486013661115
2046-04-04 09:30:00,2.940861240638691,-0.014213486013661115
2046-04-04 10:00:00,2.9473994442049753,-0.014213486013661115
2046-04-04 10:30:00,2.9539376477712596,-0.014213486013661115
2046-04-04 11:00:00,2.9604758513375438,-0.002525647798424163
2046-04-04 11:30:00,2.961637649324819,-0.014213486013661115
2046-04-04 12:00:00,2.968175852891103,-0.014213486013661115
2046-04-04 12:30:00,2.9747140564573873,-0.014213486013661115
2046-04-04 13:00:00,2.9812522600236715,-0.014213486013661115
2046-04-04 13:30:00,2.9877904635899557,-0.014213486013661115
2046-04-04 14:00:00,2.99432866715624,-0.014213486013661115
2046-04-04 14:30:00,3.000866870722524,-0.014213486013661115
2046-04-04 15:00:00,3.0074050742888083,-0.014213486013661115
2046-04-04 15:30:00,3.0139432778550925,-0.014213486013661115
2046-04-04 16:00:00,3.0204814814213767,0.0
2046-04-04 16:30:00,3.0204814814213767,0.0
2046-04-04 17:00:00,3.0204814814213767,0.0
2046-04-04 17:30:00,3.0204814814213767,0.0
2046-04-04 18:00:00,3.0204814814213767,0.014213486013661115
2046-04-04 18:30:00,3.0127567607617722,0.0
2046-04-04 19:00:00,3.0127567607617722,0.0
2046-04-04 19:30:00,3.0127567607617722,0.014213486013661115
2046-04-04 20:00:00,3.0050320401021677,0.014213486013661115
2046-04-04 20:30:00,2.9973073194425632,0.0
2046-04-04 21:00:00,2.9973073194425632,0.0
2046-04-04 21:30:00,2.9973073194425632,0.014213486013661115
2046-04-04 22:00:00,2.9895825987829587,0.009892586265368816
2046-04-04 22:30:00,2.9842061932039496,0.0
2046-04-04 23:00:00,2.9842061932039496,0.0
2046-04-04 23:30:00,2.9842061932039496,0.014213486013661115
2046-04-05 00:00:00,2.976481472544345,0.0
2046-04-05 00:30:00,2.976481472544345,0.014213486013661115
2046-04-05 01:00:00,2.9687567518847406,0.0
2046-04-05 01:30:00,2.9687567518847406,0.014213486013661115
2046-04-05 02:00:00,2.961032031225136,0.014213486013661115
2046-04-05 02:30:00,2.9533073105655316,0.014213486013661115
2046-04-05 03:00:00,2.945582589905927,0.0
2046-04-05 03:30:00,2.945582589905927,0.014213486013661115
2046-04-05 04:00:00,2.9378578692463226,0.0
2046-04-05 04:30:00,2.9378578692463226,0.0
2046-04-05 05:00:00,2.9378578692463226,0.0
2046-04-05 05:30:00,2.9378578692463226,0.0
2046-04-05 06:00:00,2.9378578692463226,0.014213486013661115
2046-04-05 06:30:00,2.930133148586718,0.0
2046-04-05 07:00:00,2.930133148586718,0.014213486013661115
2046-04-05 07:30:00,2.9224084279271136,0.0
2046-04-05 08:00:00,2.9224084279271136,0.0
2046-04-05 08:30:00,2.9224084279271136,-0.014213486013661115
2046-04-05 09:00:00,2.928946631493398,-0.014213486013661115
2046-04-05 09:30:00,2.935484835059682,-0.014213486013661115
2046-04-05 10:00:00,2.9420230386259663,-0.014213486013661115
2046-04-05 10:30:00,2.9485612421922505,-0.014213486013661115
2046-04-05 11:00:00,2.9550994457585347,-0.014213486013661115
2046-04-05 11:30:00,2.961637649324819,-0.014213486013661115
2046-04-05 12:00:00,2.968175852891103,-0.014213486013661115
2046-04-05 12:30:00,2.9747140564573873,-0.014213486013661115
2046-04-05 13:00:00,2.9812522600236715,-0.014213486013661115
2046-04-05 13:30:00,2.9877904635899557,-0.014213486013661115
2046-04-05 14:00:00,2.99432866715624,-0.014213486013661115
2046-04-05 14:30:00,3.000866870722524,-0.014213486013661115
2046-04-05 15:00:00,3.0074050742888083,-0.014213486013661115
2046-04-05 15:30:00,3.0139432778550925,-0.014213486013661115
2046-04-05 16:00:00,3.0204814814213767,0.0
2046-04-05 16:30:00,3.0204814814213767,0.0
2046-04-05 17:00:00,3.0204814814213767,0.0
2046-04-05 17:30:00,3.0204814814213767,0.0
2046-04-05 18:00:00,3.0204814814213767,0.0
2046-04-05 18:30:00,3.0204814814213767,0.014213486013661115
2046-04-05 19:00:00,3.0127567607617722,0.0
2046-04-05 19:30:00,3.0127567607617722,0.0
2046-04-05 20:00:00,3.0127567607617722,0.009892586265368816
2046-04-05 20:30:00,3.007380355182763,0.014213486013661115
2046-04-05 21:00:00,2.9996556345231586,0.0
2046-04-05 21:30:00,2.9996556345231586,0.0
2046-04-05 22:00:00,2.9996556345231586,0.0
2046-04-05 22:30:00,2.9996556345231586,0.0
2046-04-05 23:00:00,2.9996556345231586,0.0
2046-04-05 23:30:00,2.9996556345231586,0.0
2046-04-06 00:00:00,2.9996556345231586,0.0
2046-04-06 00:30:00,2.9996556345231586,0.0
2046-04-06 01:00:00,2.9996556345231586,0.0
2046-04-06 01:30:00,2.9996556345231586,0.0
2046-04-06 02:00:00,2.9996556345231586,0.014213486013661115
2046-04-06 02:30:00,2.991930913863554,0.014213486013661115
2046-04-06 03:00:00,2.9842061932039496,0.0
2046-04-06 03:30:00,2.9842061932039496,0.014213486013661115
2046-04-06 04:00:00,2.976481472544345,0.014213486013661115
2046-04-06 04:30:00,2.9687567518847406,0.014213486013661115
2046-04-06 05:00:00,2.961032031225136,0.014213486013661115
2046-04-06 05:30:00,2.9533073105655316,0.014213486013661115
2046-04-06 06:00:00,2.945582589905927,0.014213486013661115
2046-04-06 06:30:00,2.9378578692463226,0.014213486013661115
2046-04-06 07:00:00,2.930133148586718,0.014213486013661115
2046-04-06 07:30:00,2.9224084279271136,0.0
2046-04-06 08:00:00,2.9224084279271136,0.0
2046-04-06 08:30:00,2.9224084279271136,-0.014213486013661115
2046-04-06 09:00:00,2.928946631493398,-0.014213486013661115
2046-04-06 09:30:00,2.935484835059682,-0.014213486013661115
2046-04-06 10:00:00,2.9420230386259663,-0.014213486013661115
2046-04-06 10:30:00,2.9485612421922505,-0.014213486013661115
2046-04-06 11:00:00,2.9550994457585347,-0.014213486013661115
2046-04-06 11:30:00,2.961637649324819,-0.014213486013661115
2046-04-06 12:00:00,2.968175852891103,-0.014213486013661115
2046-04-06 12:30:00,2.9747140564573873,-0.014213486013661115
2046-04-06 13:00:00,2.9812522600236715,-0.014213486013661115
2046-04-06 13:30:00,2.9877904635899557,-0.014213486013661115
2046-04-06 14:00:00,2.99432866715624,-0.014213486013661115
2046-04-06 14:30:00,3.000866870722524,-0.014213486013661115
2046-04-06 15:00:00,3.0074050742888083,-0.014213486013661115
2046-04-06 15:30:00,3.0139432778550925,-0.014213486013661115
2046-04-06 16:00:00,3.0204814814213767,0.0
2046-04-06 16:30:00,3.0204814814213767,0.0
2046-04-06 17:00:00,3.0204814814213767,0.0
2046-04-06 17:30:00,3.0204814814213767,0.0
2046-04-06 18:00:00,3.0204814814213767,0.0
2046-04-06 18:30:00,3.0204814814213767,0.0
2046-04-06 19:00:00,3.0204814814213767,0.0
2046-04-06 19:30:00,3.0204814814213767,0.0
2046-04-06 20:00:00,3.0204814814213767,0.0
2046-04-06 20:30:00,3.0204814814213767,0.0
2046-04-06 21:00:00,3.0204814814213767,0.0
2046-04-06 21:30:00,3.0204814814213767,0.0
2046-04-06 22:00:00,3.0204814814213767,0.0
2046-04-06 22:30:00,3.0204814814213767,0.0
2046-04-06 23:00:00,3.0204814814213767,0.0
2046-04-06 23:30:00,3.0204814814213767,0.0
2046-04-07 00:00:00,3.0204814814213767,0.0
2046-04-07 00:30:00,3.0204814814213767,0.0
2046-04-07 01:00:00,3.0204814814213767,0.0
2046-04-07 01:30:00,3.0204814814213767,0.0
2046-04-07 02:00:00,3.0204814814213767,0.0
2046-04-07 02:30:00,3.0204814814213767,0.0
2046-04-07 03:00:00,3.0204814814213767,0.0
2046-04-07 03:30:00,3.0204814814213767,0.0
2046-04-07 04:00:00,3.0204814814213767,0.0
2046-04-07 04:30:00,3.0204814814213767,0.0
2046-04-07 05:00:00,3.0204814814213767,0.010985314272762036
2046-04-07 05:30:00,3.0145112019253055,0.0010449802891910832
2046-04-07 06:00:00,3.0139432778550925,0.0
2046-04-07 06:30:00,3.0139432778550925,0.0
2046-04-07 07:00:00,3.0139432778550925,0.0
2046-04-07 07:30:00,3.0139432778550925,0.0
2046-04-07 08:00:00,3.0139432778550925,-0.014213486013661115
2046-04-07 08:30:00,3.0204814814213767,0.0
2046-04-07 09:00:00,3.0204814814213767,0.0
2046-04-07 09:30:00,3.0204814814213767,0.0
2046-04-07 10:00:00,3.0204814814213767,0.0
2046-04-07 10:30:00,3.0204814814213767,0.0
2046-04-07 11:00:00,3.0204814814213767,0.0
2046-04-07 11:30:00,3.0204814814213767,0.0
2046-04-07 12:00:00,3.0204814814213767,0.0
2046-04-07 12:30:00,3.0204814814213767,0.0
2046-04-07 13:00:00,3.0204814814213767,0.0
2046-04-07 13:30:00,3.0204814814213767,0.0
2046-04-07 14:00:00,3.0204814814213767,0.0
2046-04-07 14:30:00,3.0204814814213767,0.0
2046-04-07 15:00:00,3.0204814814213767,0.0
2046-04-07 15:30:00,3.0204814814213767,0.0
2046-04-07 16:00:00,3.0204814814213767,0.0
2046-04-07 16:30:00,3.0204814814213767,0.0
2046-04-07 17:00:00,3.0204814814213767,0.0
2046-04-07 17:30:00,3.0204814814213767,0.0
2046-04-07 18:00:00,3.0204814814213767,0.0
2046-04-07 18:30:00,3.0204814814213767,0.0
2046-04-07 19:00:00,3.0204814814213767,0.0
2046-04-07 19:30:00,3.0204814814213767,0.0
2046-04-07 20:00:00,3.0204814814213767,0.0
2046-04-07 20:30:00,3.0204814814213767,0.0
2046-04-07 21:00:00,3.0204814814213767,0.0
2046-04-07 21:30:00,3.0204814814213767,0.0
2046-04-07 22:00:00,3.0204814814213767,0.0
2046-04-07 22:30:00,3.0204814814213767,0.014213486013661115
2046-04-07 23:00:00,3.0127567607617722,0.0
2046-04-07 23:30:00,3.0127567607617722,0.0
2046-04-08 00:00:00,3.0127567607617722,0.0
2046-04-08 00:30:00,3.0127567607617722,0.0
2046-04-08 01:00:00,3.0127567607617722,0.0
2046-04-08 01:30:00,3.0127567607617722,0.0
2046-04-08 02:00:00,3.0127567607617722,0.014213486013661115
2046-04-08 02:30:00,3.0050320401021677,0.0
2046-04-08 03:00:00,3.0050320401021677,0.014213486013661115
2046-04-08 03:30:00,2.9973073194425632,0.014213486013661115
2046-04-08 04:00:00,2.9895825987829587,0.014213486013661115
2046-04-08 04:30:00,2.9818578781233542,0.014213486013661115
2046-04-08 05:00:00,2.9741331574637497,0.0
2046-04-08 05:30:00,2.9741331574637497,0.014213486013661115
2046-04-08 06:00:00,2.9664084368041452,0.014213486013661115
2046-04-08 06:30:00,2.9586837161445407,0.0
2046-04-08 07:00:00,2.9586837161445407,0.0
2046-04-08 07:30:00,2.9586837161445407,0.014213486013661115
2046-04-08 08:00:00,2.9509589954849362,0.0
2046-04-08 08:30:00,2.9509589954849362,0.0
2046-04-08 09:00:00,2.9509589954849362,0.0
2046-04-08 09:30:00,2.9509589954849362,-0.014213486013661115
2046-04-08 10:00:00,2.9574971990512204,-0.00900097885564878
2046-04-08 10:30:00,2.961637649324819,-0.014213486013661115
2046-04-08 11:00:00,2.968175852891103,-0.014213486013661115
2046-04-08 11:30:00,2.9747140564573873,-0.014213486013661115
2046-04-08 12:00:00,2.9812522600236715,-0.014213486013661115
2046-04-08 12:30:00,2.9877904635899557,-0.014213486013661115
2046-04-08 13:00:00,2.99432866715624,-0.014213486013661115
2046-04-08 13:30:00,3.000866870722524,-0.014213486013661115
2046-04-08 14:00:00,3.0074050742888083,-0.014213486013661115
2046-04-08 14:30:00,3.0139432778550925,-0.014213486013661115
2046-04-08 15:00:00,3.0204814814213767,0.0
2046-04-08 15:30:00,3.0204814814213767,0.0
2046-04-08 16:00:00,3.0204814814213767,0.0
2046-04-08 16:30:00,3.0204814814213767,0.0
2046-04-08 17:00:00,3.0204814814213767,0.0
2046-04-08 17:30:00,3.0204814814213767,0.0
2046-04-08 18:00:00,3.0204814814213767,0.0
2046-04-08 18:30:00,3.0204814814213767,0.0
2046-04-08 19:00:00,3.0204814814213767,0.014213486013661115
2046-04-08 19:30:00,3.0127567607617722,0.0
2046-04-08 20:00:00,3.0127567607617722,0.014213486013661115
2046-04-08 20:30:00,3.0050320401021677,0.0
2046-04-08 21:00:00,3.0050320401021677,0.0
2046-04-08 21:30:00,3.0050320401021677,0.014213486013661115
2046-04-08 22:00:00,2.9973073194425632,0.0
2046-04-08 22:30:00,2.9973073194425632,0.0
2046-04-08 23:00:00,2.9973073194425632,0.014213486013661115
2046-04-08 23:30:00,2.9895825987829587,0.0
2046-04-09 00:00:00,2.9895825987829587,0.0
2046-04-09 00:30:00,2.9895825987829587,0.0
2046-04-09 01:00:00,2.9895825987829587,0.0065950575102458765
2046-04-09 01:30:00,2.9859983283969527,0.0
2046-04-09 02:00:00,2.9859983283969527,0.014213486013661115
2046-04-09 02:30:00,2.978273607737348,0.0
2046-04-09 03:00:00,2.978273607737348,0.0
2046-04-09 03:30:00,2.978273607737348,0.0
2046-04-09 04:00:00,2.978273607737348,0.014213486013661115
2046-04-09 04:30:00,2.9705488870777437,0.0
2046-04-09 05:00:00,2.9705488870777437,0.014213486013661115
2046-04-09 05:30:00,2.962824166418139,0.0
2046-04-09 06:00:00,2.962824166418139,0.0
2046-04-09 06:30:00,2.962824166418139,0.0
2046-04-09 07:00:00,2.962824166418139,0.014213486013661115
2046-04-09 07:30:00,2.9550994457585347,0.0
2046-04-09 08:00:00,2.9550994457585347,-0.014213486013661115
2046-04-09 08:30:00,2.961637649324819,-0.014213486013661115
2046-04-09 09:00:00,2.968175852891103,-0.014213486013661115
2046-04-09 09:30:00,2.9747140564573873,-0.014213486013661115
2046-04-09 10:00:00,2.9812522600236715,-0.014213486013661115
2046-04-09 10:30:00,2.9877904635899557,-0.014213486013661115
2046-04-09 11:00:00,2.99432866715624,-0.014213486013661115
2046-04-09 11:30:00,3.000866870722524,-0.014213486013661115
2046-04-09 12:00:00,3.0074050742888083,-0.014213486013661115
2046-04-09 12:30:00,3.0139432778550925,-0.014213486013661115
2046-04-09 13:00:00,3.0204814814213767,0.0
2046-04-09 13:30:00,3.0204814814213767,0.0
2046-04-09 14:00:00,3.0204814814213767,0.0
2046-04-09 14:30:00,3.0204814814213767,0.0
2046-04-09 15:00:00,3.0204814814213767,0.0
2046-04-09 15:30:00,3.0204814814213767,0.0
2046-04-09 16:00:00,3.0204814814213767,0.0
2046-04-09 16:30:00,3.0204814814213767,0.0
2046-04-09 17:00:00,3.0204814814213767,0.0
2046-04-09 17:30:00,3.0204814814213767,0.0
2046-04-09 18:00:00,3.0204814814213767,0.0
2046-04-09 18:30:00,3.0204814814213767,0.0
2046-04-09 19:00:00,3.0204814814213767,0.0
2046-04-09 19:30:00,3.0204814814213767,0.0
2046-04-09 20:00:00,3.0204814814213767,0.014213486013661115
2046-04-09 20:30:00,3.0127567607617722,0.0
2046-04-09 21:00:00,3.0127567607617722,0.0
2046-04-09 21:30:00,3.0127567607617722,0.0
2046-04-09 22:00:00,3.0127567607617722,0.0
2046-04-09 22:30:00,3.0127567607617722,0.0
2046-04-09 23:00:00,3.0127567607617722,0.0
2046-04-09 23:30:00,3.0127567607617722,0.0
2046-04-10 00:00:00,3.0127567607617722,0.014213486013661115
2046-04-10 00:30:00,3.0050320401021677,0.0032975287551229382
2046-04-10 01:00:00,3.0032399049091647,0.0
2046-04-10 01:30:00,3.0032399049091647,0.0
2046-04-10 02:00:00,3.0032399049091647,0.014213486013661115
2046-04-10 02:30:00,2.99551518424956,0.0
2046-04-10 03:00:00,2.99551518424956,0.0
2046-04-10 03:30:00,2.99551518424956,0.0
2046-04-10 04:00:00,2.99551518424956,0.0
2046-04-10 04:30:00,2.99551518424956,0.0
2046-04-10 05:00:00,2.99551518424956,0.0
2046-04-10 05:30:00,2.99551518424956,0.0
2046-04-10 06:00:00,2.99551518424956,0.014213486013661115
2046-04-10 06:30:00,2.9877904635899557,0.0
2046-04-10 07:00:00,2.9877904635899557,0.0
2046-04-10 07:30:00,2.9877904635899557,0.0
2046-04-10 08:00:00,2.9877904635899557,0.0
2046-04-10 08:30:00,2.9877904635899557,-0.014213486013661115
2046-04-10 09:00:00,2.99432866715624,-0.014213486013661115
2046-04-10 09:30:00,3.000866870722524,-0.014213486013661115
2046-04-10 10:00:00,3.0074050742888083,-0.014213486013661115
2046-04-10 10:30:00,3.0139432778550925,-0.014213486013661115
2046-04-10 11:00:00,3.0204814814213767,0.0
2046-04-10 11:30:00,3.0204814814213767,0.0
2046-04-10 12:00:00,3.0204814814213767,0.0
2046-04-10 12:30:00,3.0204814814213767,0.0
2046-04-10 13:00:00,3.0204814814213767,0.0
2046-04-10 13:30:00,3.0204814814213767,0.0
2046-04-10 14:00:00,3.0204814814213767,0.0
2046-04-10 14:30:00,3.0204814814213767,0.0
2046-04-10 15:00:00,3.0204814814213767,0.0
2046-04-10 15:30:00,3.0204814814213767,0.0
2046-04-10 16:00:00,3.0204814814213767,0.0
2046-04-10 16:30:00,3.0204814814213767,0.0
2046-04-10 17:00:00,3.0204814814213767,0.0
2046-04-10 17:30:00,3.0204814814213767,0.0
2046-04-10 18:00:00,3.0204814814213767,0.0
2046-04-10 18:30:00,3.0204814814213767,0.0
2046-04-10 19:00:00,3.0204814814213767,0.0
2046-04-10 19:30:00,3.0204814814213767,0.0
2046-04-10 20:00:00,3.0204814814213767,0.0
2046-04-10 20:30:00,3.0204814814213767,0.0
2046-04-10 21:00:00,3.0204814814213767,0.0
2046-04-10 21:30:00,3.0204814814213767,0.0
2046-04-10 22:00:00,3.0204814814213767,0.0
2046-04-10 22:30:00,3.0204814814213767,0.0
2046-04-10 23:00:00,3.0204814814213767,0.0
2046-04-10 23:30:00,3.0204814814213767,0.0
2046-04-11 00:00:00,3.0204814814213767,0.0
2046-04-11 00:30:00,3.0204814814213767,0.0
2046-04-11 01:00:00,3.0204814814213767,0.0
2046-04-11 01:30:00,3.0204814814213767,0.0
2046-04-11 02:00:00,3.0204814814213767,0.009847103110245722
2046-04-11 02:30:00,3.015129794948413,0.014213486013661115
2046-04-11 03:00:00,3.0074050742888083,0.0
2046-04-11 03:30:00,3.0074050742888083,0.0
2046-04-11 04:00:00,3.0074050742888083,0.0
2046-04-11 04:30:00,3.0074050742888083,0.0
2046-04-11 05:00:00,3.0074050742888083,0.0
2046-04-11 05:30:00,3.0074050742888083,0.0
2046-04-11 06:00:00,3.0074050742888083,0.0
2046-04-11 06:30:00,3.0074050742888083,0.0
2046-04-11 07:00:00,3.0074050742888083,0.0
2046-04-11 07:30:00,3.0074050742888083,0.0
2046-04-11 08:00:00,3.0074050742888083,0.0
2046-04-11 08:30:00,3.0074050742888083,0.0
2046-04-11 09:00:00,3.0074050742888083,-0.014213486013661115
2046-04-11 09:30:00,3.0139432778550925,-0.014213486013661115
2046-04-11 10:00:00,3.0204814814213767,0.0
2046-04-11 10:30:00,3.0204814814213767,0.0
2046-04-11 11:00:00,3.0204814814213767,0.0
2046-04-11 11:30:00,3.0204814814213767,0.0
2046-04-11 12:00:00,3.0204814814213767,0.0
2046-04-11 12:30:00,3.0204814814213767,0.0
2046-04-11 13:00:00,3.0204814814213767,0.0
2046-04-11 13:30:00,3.0204814814213767,0.0
2046-04-11 14:00:00,3.0204814814213767,0.0
2046-04-11 14:30:00,3.0204814814213767,0.0
2046-04-11 15:00:00,3.0204814814213767,0.0
2046-04-11 15:30:00,3.0204814814213767,0.0
2046-04-11 16:00:00,3.0204814814213767,0.0
2046-04-11 16:30:00,3.0204814814213767,0.0
2046-04-11 17:00:00,3.0204814814213767,0.0
2046-04-11 17:30:00,3.0204814814213767,0.0
2046-04-11 18:00:00,3.0204814814213767,0.0
2046-04-11 18:30:00,3.0204814814213767,0.0
2046-04-11 19:00:00,3.0204814814213767,0.0
2046-04-11 19:30:00,3.0204814814213767,0.0
2046-04-11 20:00:00,3.0204814814213767,0.0
2046-04-11 20:30:00,3.0204814814213767,0.0
2046-04-11 21:00:00,3.0204814814213767,0.0
2046-04-11 21:30:00,3.0204814814213767,0.0
2046-04-11 22:00:00,3.0204814814213767,0.0
2046-04-11 22:30:00,3.0204814814213767,0.0
2046-04-11 23:00:00,3.0204814814213767,0.0
2046-04-11 23:30:00,3.0204814814213767,0.0
2046-04-12 00:00:00,3.0204814814213767,0.0
2046-04-12 00:30:00,3.0204814814213767,0.0
2046-04-12 01:00:00,3.0204814814213767,0.0
2046-04-12 01:30:00,3.0204814814213767,0.014213486013661115
2046-04-12 02:00:00,3.0127567607617722,0.0
2046-04-12 02:30:00,3.0127567607617722,0.0
2046-04-12 03:00:00,3.0127567607617722,0.014213486013661115
2046-04-12 03:30:00,3.0050320401021677,0.0
2046-04-12 04:00:00,3.0050320401021677,0.0
2046-04-12 04:30:00,3.0050320401021677,0.0
2046-04-12 05:00:00,3.0050320401021677,0.0
2046-04-12 05:30:00,3.0050320401021677,0.0
2046-04-12 06:00:00,3.0050320401021677,0.0
2046-04-12 06:30:00,3.0050320401021677,0.014213486013661115
2046-04-12 07:00:00,2.9973073194425632,0.0
2046-04-12 07:30:00,2.9973073194425632,0.0
2046-04-12 08:00:00,2.9973073194425632,-0.0077381549564366995
2046-04-12 08:30:00,3.000866870722524,-0.014213486013661115
2046-04-12 09:00:00,3.0074050742888083,-0.014213486013661115
2046-04-12 09:30:00,3.0139432778550925,-0.014213486013661115
2046-04-12 10:00:00,3.0204814814213767,0.0
2046-04-12 10:30:00,3.0204814814213767,0.0
2046-04-12 11:00:00,3.0204814814213767,0.0
2046-04-12 11:30:00,3.0204814814213767,0.0
2046-04-12 12:00:00,3.0204814814213767,0.0
2046-04-12 12:30:00,3.0204814814213767,0.0
2046-04-12 13:00:00,3.0204814814213767,0.0
2046-04-12 13:30:00,3.0204814814213767,0.0
2046-04-12 14:00:00,3.0204814814213767,0.0
2046-04-12 14:30:00,3.0204814814213767,0.0
2046-04-12 15:00:00,3.0204814814213767,0.0
2046-04-12 15:30:00,3.0204814814213767,0.0
2046-04-12 16:00:00,3.0204814814213767,0.0
2046-04-12 16:30:00,3.0204814814213767,0.0
2046-04-12 17:00:00,3.0204814814213767,0.0
2046-04-12 17:30:00,3.0204814814213767,0.0
2046-04-12 18:00:00,3.0204814814213767,0.0032975287551229382
2046-04-12 18:30:00,3.0186893462283737,0.0
2046-04-12 19:00:00,3.0186893462283737,0.0
2046-04-12 19:30:00,3.0186893462283737,0.0
2046-04-12 20:00:00,3.0186893462283737,0.0
2046-04-12 20:30:00,3.0186893462283737,0.0
2046-04-12 21:00:00,3.0186893462283737,0.0
2046-04-12 21:30:00,3.0186893462283737,0.0
2046-04-12 22:00:00,3.0186893462283737,0.0
2046-04-12 22:30:00,3.0186893462283737,0.0
2046-04-12 23:00:00,3.0186893462283737,0.0
2046-04-12 23:30:00,3.0186893462283737,0.0
2046-04-13 00:00:00,3.0186893462283737,0.014213486013661115
2046-04-13 00:30:00,3.010964625568769,0.014213486013661115
2046-04-13 01:00:00,3.0032399049091647,0.0
2046-04-13 01:30:00,3.0032399049091647,0.014213486013661115
2046-04-13 02:00:00,2.99551518424956,0.0
2046-04-13 02:30:00,2.99551518424956,0.0
2046-04-13 03:00:00,2.99551518424956,0.0
2046-04-13 03:30:00,2.99551518424956,0.0
2046-04-13 04:00:00,2.99551518424956,0.0
2046-04-13 04:30:00,2.99551518424956,0.0
2046-04-13 05:00:00,2.99551518424956,0.0
2046-04-13 05:30:00,2.99551518424956,0.0
2046-04-13 06:00:00,2.99551518424956,0.014213486013661115
2046-04-13 06:30:00,2.9877904635899557,0.0
2046-04-13 07:00:00,2.9877904635899557,0.0
2046-04-13 07:30:00,2.9877904635899557,0.0
2046-04-13 08:00:00,2.9877904635899557,0.0
2046-04-13 08:30:00,2.9877904635899557,-0.014213486013661115
2046-04-13 09:00:00,2.99432866715624,-0.014213486013661115
2046-04-13 09:30:00,3.000866870722524,-0.014213486013661115
2046-04-13 10:00:00,3.0074050742888083,-0.014213486013661115
2046-04-13 10:30:00,3.0139432778550925,-0.014213486013661115
2046-04-13 11:00:00,3.0204814814213767,0.0
2046-04-13 11:30:00,3.0204814814213767,0.0
2046-04-13 12:00:00,3.0204814814213767,0.0
2046-04-13 12:30:00,3.0204814814213767,0.0
2046-04-13 13:00:00,3.0204814814213767,0.0
2046-04-13 13:30:00,3.0204814814213767,0.0
2046-04-13 14:00:00,3.0204814814213767,0.0
2046-04-13 14:30:00,3.0204814814213767,0.0
2046-04-13 15:00:00,3.0204814814213767,0.0
2046-04-13 15:30:00,3.0204814814213767,0.0
2046-04-13 16:00:00,3.0204814814213767,0.0
2046-04-13 16:30:00,3.0204814814213767,0.0
2046-04-13 17:00:00,3.0204814814213767,0.0
2046-04-13 17:30:00,3.0204814814213767,0.0
2046-04-13 18:00:00,3.0204814814213767,0.0
2046-04-13 18:30:00,3.0204814814213767,0.0
2046-04-13 19:00:00,3.0204814814213767,0.0
2046-04-13 19:30:00,3.0204814814213767,0.0
2046-04-13 20:00:00,3.0204814814213767,0.0
2046-04-13 20:30:00,3.0204814814213767,0.0
2046-04-13 21:00:00,3.0204814814213767,0.0
2046-04-13 21:30:00,3.0204814814213767,0.0
2046-04-13 22:00:00,3.0204814814213767,0.014213486013661115
2046-04-13 22:30:00,3.0127567607617722,0.0011143373034153438
2046-04-13 23:00:00,3.0121511426620895,0.0
2046-04-13 23:30:00,3.0121511426620895,0.014213486013661115
2046-04-14 00:00:00,3.004426422002485,0.0
2046-04-14 00:30:00,3.004426422002485,0.0
2046-04-14 01:00:00,3.004426422002485,0.014213486013661115
2046-04-14 01:30:00,2.9967017013428805,0.0
2046-04-14 02:00:00,2.9967017013428805,0.0
2046-04-14 02:30:00,2.9967017013428805,0.0
2046-04-14 03:00:00,2.9967017013428805,0.014213486013661115
2046-04-14 03:30:00,2.988976980683276,0.014213486013661115
2046-04-14 04:00:00,2.9812522600236715,0.0
2046-04-14 04:30:00,2.9812522600236715,0.0
2046-04-14 05:00:00,2.9812522600236715,0.0
2046-04-14 05:30:00,2.9812522600236715,0.0
2046-04-14 06:00:00,2.9812522600236715,0.0
2046-04-14 06:30:00,2.9812522600236715,0.0
2046-04-14 07:00:00,2.9812522600236715,0.0
2046-04-14 07:30:00,2.9812522600236715,0.0
2046-04-14 08:00:00,2.9812522600236715,0.0
2046-04-14 08:30:00,2.9812522600236715,-0.014213486013661115
2046-04-14 09:00:00,2.9877904635899557,-0.014213486013661115
2046-04-14 09:30:00,2.99432866715624,-0.014213486013661115
2046-04-14 10:00:00,3.000866870722524,-0.014213486013661115
2046-04-14 10:30:00,3.0074050742888083,-0.014213486013661115
2046-04-14 11:00:00,3.0139432778550925,-0.014213486013661115
2046-04-14 11:30:00,3.0204814814213767,0.0
2046-04-14 12:00:00,3.0204814814213767,0.0
2046-04-14 12:30:00,3.0204814814213767,0.0
2046-04-14 13:00:00,3.0204814814213767,0.0
2046-04-14 13:30:00,3.0204814814213767,0.0
2046-04-14 14:00:00,3.0204814814213767,0.0
2046-04-14 14:30:00,3.0204814814213767,0.0
2046-04-14 15:00:00,3.0204814814213767,0.0
2046-04-14 15:30:00,3.0204814814213767,0.0
2046-04-14 16:00:00,3.0204814814213767,0.0
2046-04-14 16:30:00,3.0204814814213767,0.0
2046-04-14 17:00:00,3.0204814814213767,0.0
2046-04-14 17:30:00,3.0204814814213767,0.0
2046-04-14 18:00:00,3.0204814814213767,0.0
2046-04-14 18:30:00,3.0204814814213767,0.0
2046-04-14 19:00:00,3.0204814814213767,0.0
2046-04-14 19:30:00,3.0204814814213767,0.0
2046-04-14 20:00:00,3.0204814814213767,0.014213486013661115
2046-04-14 20:30:00,3.0127567607617722,0.014213486013661115
2046-04-14 21:00:00,3.0050320401021677,0.0
2046-04-14 21:30:00,3.0050320401021677,0.0
2046-04-14 22:00:00,3.0050320401021677,0.0
2046-04-14 22:30:00,3.0050320401021677,0.0011143373034153438
2046-04-14 23:00:00,3.004426422002485,0.0
2046-04-14 23:30:00,3.004426422002485,0.014213486013661115
2046-04-15 00:00:00,2.9967017013428805,0.0
2046-04-15 00:30:00,2.9967017013428805,0.0
2046-04-15 01:00:00,2.9967017013428805,0.014213486013661115
2046-04-15 01:30:00,2.988976980683276,0.0
2046-04-15 02:00:00,2.988976980683276,0.0
2046-04-15 02:30:00,2.988976980683276,0.0
2046-04-15 03:00:00,2.988976980683276,0.014213486013661115
2046-04-15 03:30:00,2.9812522600236715,0.0
2046-04-15 04:00:00,2.9812522600236715,0.0
2046-04-15 04:30:00,2.9812522600236715,0.0
2046-04-15 05:00:00,2.9812522600236715,0.0
2046-04-15 05:30:00,2.9812522600236715,0.0
2046-04-15 06:00:00,2.9812522600236715,0.0
2046-04-15 06:30:00,2.9812522600236715,0.0
2046-04-15 07:00:00,2.9812522600236715,0.0
2046-04-15 07:30:00,2.9812522600236715,0.0
2046-04-15 08:00:00,2.9812522600236715,0.0
2046-04-15 08:30:00,2.9812522600236715,0.0
2046-04-15 09:00:00,2.9812522600236715,0.0
2046-04-15 09:30:00,2.9812522600236715,-0.014213486013661115
2046-04-15 10:00:00,2.9877904635899557,-0.014213486013661115
2046-04-15 10:30:00,2.99432866715624,-0.014213486013661115
2046-04-15 11:00:00,3.000866870722524,-0.014213486013661115
2046-04-15 11:30:00,3.0074050742888083,-0.014213486013661115
2046-04-15 12:00:00,3.0139432778550925,-0.014213486013661115
2046-04-15 12:30:00,3.0204814814213767,0.0
2046-04-15 13:00:00,3.0204814814213767,0.0
2046-04-15 13:30:00,3.0204814814213767,0.0
2046-04-15 14:00:00,3.0204814814213767,0.0
2046-04-15 14:30:00,3.0204814814213767,0.0
2046-04-15 15:00:00,3.0204814814213767,0.0
2046-04-15 15:30:00,3.0204814814213767,0.0
2046-04-15 16:00:00,3.0204814814213767,0.0
2046-04-15 16:30:00,3.0204814814213767,0.0
2046-04-15 17:00:00,3.0204814814213767,0.0
2046-04-15 17:30:00,3.0204814814213767,0.0
2046-04-15 18:00:00,3.0204814814213767,0.0
2046-04-15 18:30:00,3.0204814814213767,0.0
2046-04-15 19:00:00,3.0204814814213767,0.014213486013661115
2046-04-15 19:30:00,3.0127567607617722,0.0
2046-04-15 20:00:00,3.0127567607617722,0.0
2046-04-15 20:30:00,3.0127567607617722,0.0
2046-04-15 21:00:00,3.0127567607617722,0.0
2046-04-15 21:30:00,3.0127567607617722,0.0
2046-04-15 22:00:00,3.0127567607617722,0.0
2046-04-15 22:30:00,3.0127567607617722,0.0
2046-04-15 23:00:00,3.0127567607617722,0.0
2046-04-15 23:30:00,3.0127567607617722,0.0
2046-04-16 00:00:00,3.0127567607617722,0.0
2046-04-16 00:30:00,3.0127567607617722,0.0
2046-04-16 01:00:00,3.0127567607617722,0.014213486013661115
2046-04-16 01:30:00,3.0050320401021677,0.014213486013661115
2046-04-16 02:00:00,2.9973073194425632,0.014213486013661115
2046-04-16 02:30:00,2.9895825987829587,0.014213486013661115
2046-04-16 03:00:00,2.9818578781233542,0.014213486013661115
2046-04-16 03:30:00,2.9741331574637497,0.0
2046-04-16 04:00:00,2.9741331574637497,0.0
2046-04-16 04:30:00,2.9741331574637497,0.014213486013661115
2046-04-16 05:00:00,2.9664084368041452,0.014213486013661115
2046-04-16 05:30:00,2.9586837161445407,0.0
2046-04-16 06:00:00,2.9586837161445407,0.014213486013661115
2046-04-16 06:30:00,2.9509589954849362,0.014213486013661115
2046-04-16 07:00:00,2.9432342748253317,0.0
2046-04-16 07:30:00,2.9432342748253317,0.014213486013661115
2046-04-16 08:00:00,2.9355095541657272,0.0
2046-04-16 08:30:00,2.9355095541657272,0.0
2046-04-16 09:00:00,2.9355095541657272,0.0
2046-04-16 09:30:00,2.9355095541657272,-0.014213486013661115
2046-04-16 10:00:00,2.9420477577320114,-0.014213486013661115
2046-04-16 10:30:00,2.9485859612982956,-0.014213486013661115
2046-04-16 11:00:00,2.95512416486458,-0.014213486013661115
2046-04-16 11:30:00,2.961662368430864,-0.014213486013661115
2046-04-16 12:00:00,2.9682005719971483,-0.014213486013661115
2046-04-16 12:30:00,2.9747387755634325,-0.014213486013661115
2046-04-16 13:00:00,2.9812769791297167,-0.014213486013661115
2046-04-16 13:30:00,2.987815182696001,-0.014213486013661115
2046-04-16 14:00:00,2.994353386262285,-0.014213486013661115
2046-04-16 14:30:00,3.0008915898285693,-0.014213486013661115
2046-04-16 15:00:00,3.0074297933948535,-0.014213486013661115
2046-04-16 15:30:00,3.0139679969611377,-0.01415974882660658
2046-04-16 16:00:00,3.0204814814213767,0.0
2046-04-16 16:30:00,3.0204814814213767,0.0
2046-04-16 17:00:00,3.0204814814213767,0.0
2046-04-16 17:30:00,3.0204814814213767,0.0
2046-04-16 18:00:00,3.0204814814213767,0.0
2046-04-16 18:30:00,3.0204814814213767,0.0
2046-04-16 19:00:00,3.0204814814213767,0.0
2046-04-16 19:30:00,3.0204814814213767,0.0
2046-04-16 20:00:00,3.0204814814213767,0.0
2046-04-16 20:30:00,3.0204814814213767,0.0
2046-04-16 21:00:00,3.0204814814213767,0.0
2046-04-16 21:30:00,3.0204814814213767,0.0
2046-04-16 22:00:00,3.0204814814213767,0.0
2046-04-16 22:30:00,3.0204814814213767,0.0
2046-04-16 23:00:00,3.0204814814213767,0.0
2046-04-16 23:30:00,3.0204814814213767,0.0
2046-04-17 00:00:00,3.0204814814213767,0.014213486013661115
2046-04-17 00:30:00,3.0127567607617722,0.0
2046-04-17 01:00:00,3.0127567607617722,0.0
2046-04-17 01:30:00,3.0127567607617722,0.014213486013661115
2046-04-17 02:00:00,3.0050320401021677,0.0
2046-04-17 02:30:00,3.0050320401021677,0.0
2046-04-17 03:00:00,3.0050320401021677,0.0
2046-04-17 03:30:00,3.0050320401021677,0.0
2046-04-17 04:00:00,3.0050320401021677,0.0
2046-04-17 04:30:00,3.0050320401021677,0.0
2046-04-17 05:00:00,3.0050320401021677,0.014213486013661115
2046-04-17 05:30:00,2.9973073194425632,0.014213486013661115
2046-04-17 06:00:00,2.9895825987829587,0.0
2046-04-17 06:30:00,2.9895825987829587,0.0
2046-04-17 07:00:00,2.9895825987829587,0.0
2046-04-17 07:30:00,2.9895825987829587,0.0
2046-04-17 08:00:00,2.9895825987829587,0.0
2046-04-17 08:30:00,2.9895825987829587,0.0
2046-04-17 09:00:00,2.9895825987829587,0.0
2046-04-17 09:30:00,2.9895825987829587,-0.0103175399419156
2046-04-17 10:00:00,2.99432866715624,-0.014213486013661115
2046-04-17 10:30:00,3.000866870722524,-0.014213486013661115
2046-04-17 11:00:00,3.0074050742888083,-0.014213486013661115
2046-04-17 11:30:00,3.0139432778550925,-0.014213486013661115
2046-04-17 12:00:00,3.0204814814213767,0.0
2046-04-17 12:30:00,3.0204814814213767,0.0
2046-04-17 13:00:00,3.0204814814213767,0.0
2046-04-17 13:30:00,3.0204814814213767,0.0
2046-04-17 14:00:00,3.0204814814213767,0.0
2046-04-17 14:30:00,3.0204814814213767,0.0
2046-04-17 15:00:00,3.0204814814213767,0.0
2046-04-17 15:30:00,3.0204814814213767,0.0
2046-04-17 16:00:00,3.0204814814213767,0.0
2046-04-17 16:30:00,3.0204814814213767,0.0
2046-04-17 17:00:00,3.0204814814213767,0.0
2046-04-17 17:30:00,3.0204814814213767,0.0
2046-04-17 18:00:00,3.0204814814213767,0.0
2046-04-17 18:30:00,3.0204814814213767,0.0
2046-04-17 19:00:00,3.0204814814213767,0.014213486013661115
2046-04-17 19:30:00,3.0127567607617722,0.0
2046-04-17 20:00:00,3.0127567607617722,0.0
2046-04-17 20:30:00,3.0127567607617722,0.0
2046-04-17 21:00:00,3.0127567607617722,0.014213486013661115
2046-04-17 21:30:00,3.0050320401021677,0.0
2046-04-17 22:00:00,3.0050320401021677,0.0
2046-04-17 22:30:00,3.0050320401021677,0.0
2046-04-17 23:00:00,3.0050320401021677,0.0
2046-04-17 23:30:00,3.0050320401021677,0.0
2046-04-18 00:00:00,3.0050320401021677,0.0
2046-04-18 00:30:00,3.0050320401021677,0.0
2046-04-18 01:00:00,3.0050320401021677,0.0
2046-04-18 01:30:00,3.0050320401021677,0.0
2046-04-18 02:00:00,3.0050320401021677,0.0
2046-04-18 02:30:00,3.0050320401021677,0.0
2046-04-18 03:00:00,3.0050320401021677,0.0
2046-04-18 03:30:00,3.0050320401021677,0.0
2046-04-18 04:00:00,3.0050320401021677,0.0
2046-04-18 04:30:00,3.0050320401021677,0.0
2046-04-18 05:00:00,3.0050320401021677,0.0
2046-04-18 05:30:00,3.0050320401021677,0.0
2046-04-18 06:00:00,3.0050320401021677,0.0
2046-04-18 06:30:00,3.0050320401021677,0.0
2046-04-18 07:00:00,3.0050320401021677,0.0
2046-04-18 07:30:00,3.0050320401021677,0.0
2046-04-18 08:00:00,3.0050320401021677,0.0
2046-04-18 08:30:00,3.0050320401021677,-0.0051587699709578
2046-04-18 09:00:00,3.0074050742888083,-0.014213486013661115
2046-04-18 09:30:00,3.0139432778550925,-0.014213486013661115
2046-04-18 10:00:00,3.0204814814213767,0.0
2046-04-18 10:30:00,3.0204814814213767,0.0
2046-04-18 11:00:00,3.0204814814213767,0.0
2046-04-18 11:30:00,3.0204814814213767,0.0
2046-04-18 12:00:00,3.0204814814213767,0.0
2046-04-18 12:30:00,3.0204814814213767,0.0
2046-04-18 13:00:00,3.0204814814213767,0.0
2046-04-18 13:30:00,3.0204814814213767,0.0
2046-04-18 14:00:00,3.0204814814213767,0.0
2046-04-18 14:30:00,3.0204814814213767,0.0
2046-04-18 15:00:00,3.0204814814213767,0.0
2046-04-18 15:30:00,3.0204814814213767,0.0
2046-04-18 16:00:00,3.0204814814213767,0.0
2046-04-18 16:30:00,3.0204814814213767,0.0
2046-04-18 17:00:00,3.0204814814213767,0.0
2046-04-18 17:30:00,3.0204814814213767,0.0
2046-04-18 18:00:00,3.0204814814213767,0.0
2046-04-18 18:30:00,3.0204814814213767,0.0
2046-04-18 19:00:00,3.0204814814213767,0.0
2046-04-18 19:30:00,3.0204814814213767,0.0
2046-04-18 20:00:00,3.0204814814213767,0.0
2046-04-18 20:30:00,3.0204814814213767,0.0
2046-04-18 21:00:00,3.0204814814213767,0.014213486013661115
2046-04-18 21:30:00,3.0127567607617722,0.009847103110245722
2046-04-18 22:00:00,3.0074050742888083,0.0
2046-04-18 22:30:00,3.0074050742888083,0.0
2046-04-18 23:00:00,3.0074050742888083,0.0
2046-04-18 23:30:00,3.0074050742888083,0.0
2046-04-19 00:00:00,3.0074050742888083,0.0
2046-04-19 00:30:00,3.0074050742888083,0.0
2046-04-19 01:00:00,3.0074050742888083,0.0
2046-04-19 01:30:00,3.0074050742888083,0.0
2046-04-19 02:00:00,3.0074050742888083,0.0
2046-04-19 02:30:00,3.0074050742888083,0.0
2046-04-19 03:00:00,3.0074050742888083,0.0
2046-04-19 03:30:00,3.0074050742888083,0.0
2046-04-19 04:00:00,3.0074050742888083,0.0
2046-04-19 04:30:00,3.0074050742888083,0.0
2046-04-19 05:00:00,3.0074050742888083,0.0
2046-04-19 05:30:00,3.0074050742888083,0.0
2046-04-19 06:00:00,3.0074050742888083,0.0
2046-04-19 06:30:00,3.0074050742888083,0.0
2046-04-19 07:00:00,3.0074050742888083,0.0
2046-04-19 07:30:00,3.0074050742888083,0.0
2046-04-19 08:00:00,3.0074050742888083,0.0
2046-04-19 08:30:00,3.0074050742888083,0.0
2046-04-19 09:00:00,3.0074050742888083,-0.014213486013661115
2046-04-19 09:30:00,3.0139432778550925,-0.014213486013661115
2046-04-19 10:00:00,3.0204814814213767,0.0
2046-04-19 10:30:00,3.0204814814213767,0.0
2046-04-19 11:00:00,3.0204814814213767,0.0
2046-04-19 11:30:00,3.0204814814213767,0.0
2046-04-19 12:00:00,3.0204814814213767,0.0
2046-04-19 12:30:00,3.0204814814213767,0.0
2046-04-19 13:00:00,3.0204814814213767,0.0
2046-04-19 13:30:00,3.0204814814213767,0.0
2046-04-19 14:00:00,3.0204814814213767,0.0
2046-04-19 14:30:00,3.0204814814213767,0.0
2046-04-19 15:00:00,3.0204814814213767,0.0
2046-04-19 15:30:00,3.0204814814213767,0.0
2046-04-19 16:00:00,3.0204814814213767,0.0
2046-04-19 16:30:00,3.0204814814213767,0.0
2046-04-19 17:00:00,3.0204814814213767,0.0
2046-04-19 17:30:00,3.0204814814213767,0.0
2046-04-19 18:00:00,3.0204814814213767,0.0
2046-04-19 18:30:00,3.0204814814213767,0.014213486013661115
2046-04-19 19:00:00,3.0127567607617722,0.0
2046-04-19 19:30:00,3.0127567607617722,0.014213486013661115
2046-04-19 20:00:00,3.0050320401021677,0.014213486013661115
2046-04-19 20:30:00,2.9973073194425632,0.014213486013661115
2046-04-19 21:00:00,2.9895825987829587,0.0
2046-04-19 21:30:00,2.9895825987829587,0.014213486013661115
2046-04-19 22:00:00,2.9818578781233542,0.014213486013661115
2046-04-19 22:30:00,2.9741331574637497,0.0
2046-04-19 23:00:00,2.9741331574637497,0.0
2046-04-19 23:30:00,2.9741331574637497,0.014213486013661115
2046-04-20 00:00:00,2.9664084368041452,0.0
2046-04-20 00:30:00,2.9664084368041452,9.096631024618602e-05
2046-04-20 01:00:00,2.966358998592055,0.0
2046-04-20 01:30:00,2.966358998592055,0.0
2046-04-20 02:00:00,2.966358998592055,0.0
2046-04-20 02:30:00,2.966358998592055,0.0
2046-04-20 03:00:00,2.966358998592055,0.0
2046-04-20 03:30:00,2.966358998592055,0.0
2046-04-20 04:00:00,2.966358998592055,0.0
2046-04-20 04:30:00,2.966358998592055,0.0
2046-04-20 05:00:00,2.966358998592055,0.0
2046-04-20 05:30:00,2.966358998592055,0.014213486013661115
2046-04-20 06:00:00,2.9586342779324504,0.0
2046-04-20 06:30:00,2.9586342779324504,0.0
2046-04-20 07:00:00,2.9586342779324504,0.014213486013661115
2046-04-20 07:30:00,2.950909557272846,0.014213486013661115
2046-04-20 08:00:00,2.9431848366132414,0.014213486013661115
2046-04-20 08:30:00,2.935460115953637,0.014213486013661115
2046-04-20 09:00:00,2.9277353952940324,0.0
2046-04-20 09:30:00,2.9277353952940324,0.0
2046-04-20 10:00:00,2.9277353952940324,0.0
2046-04-20 10:30:00,2.9277353952940324,0.0
2046-04-20 11:00:00,2.9277353952940324,0.0
2046-04-20 11:30:00,2.9277353952940324,-0.014213486013661115
2046-04-20 12:00:00,2.9342735988603166,0.0
2046-04-20 12:30:00,2.9342735988603166,0.0
2046-04-20 13:00:00,2.9342735988603166,0.0
2046-04-20 13:30:00,2.9342735988603166,0.0
2046-04-20 14:00:00,2.9342735988603166,0.0
2046-04-20 14:30:00,2.9342735988603166,0.0
2046-04-20 15:00:00,2.9342735988603166,0.0
2046-04-20 15:30:00,2.9342735988603166,0.0
2046-04-20 16:00:00,2.9342735988603166,0.0
2046-04-20 16:30:00,2.9342735988603166,0.0
2046-04-20 17:00:00,2.9342735988603166,0.0
2046-04-20 17:30:00,2.9342735988603166,0.0
2046-04-20 18:00:00,2.9342735988603166,0.0
2046-04-20 18:30:00,2.9342735988603166,0.0
2046-04-20 19:00:00,2.9342735988603166,0.014213486013661115
2046-04-20 19:30:00,2.926548878200712,0.0
2046-04-20 20:00:00,2.926548878200712,0.0
2046-04-20 20:30:00,2.926548878200712,0.0
2046-04-20 21:00:00,2.926548878200712,0.0
2046-04-20 21:30:00,2.926548878200712,0.0
2046-04-20 22:00:00,2.926548878200712,0.0
2046-04-20 22:30:00,2.926548878200712,0.0
2046-04-20 23:00:00,2.926548878200712,0.0
2046-04-20 23:30:00,2.926548878200712,0.0
2046-04-21 00:00:00,2.926548878200712,0.0
2046-04-21 00:30:00,2.926548878200712,0.0
2046-04-21 01:00:00,2.926548878200712,0.014213486013661115
2046-04-21 01:30:00,2.9188241575411076,0.0
2046-04-21 02:00:00,2.9188241575411076,0.0
2046-04-21 02:30:00,2.9188241575411076,0.0
2046-04-21 03:00:00,2.9188241575411076,0.0
2046-04-21 03:30:00,2.9188241575411076,0.014213486013661115
2046-04-21 04:00:00,2.911099436881503,0.014213486013661115
2046-04-21 04:30:00,2.9033747162218986,0.0
2046-04-21 05:00:00,2.9033747162218986,0.0
2046-04-21 05:30:00,2.9033747162218986,0.0
2046-04-21 06:00:00,2.9033747162218986,0.0
2046-04-21 06:30:00,2.9033747162218986,0.0
2046-04-21 07:00:00,2.9033747162218986,0.014213486013661115
2046-04-21 07:30:00,2.895649995562294,0.0
2046-04-21 08:00:00,2.895649995562294,0.0
2046-04-21 08:30:00,2.895649995562294,0.0
2046-04-21 09:00:00,2.895649995562294,0.0
2046-04-21 09:30:00,2.895649995562294,0.0
2046-04-21 10:00:00,2.895649995562294,0.0
2046-04-21 10:30:00,2.895649995562294,0.0
2046-04-21 11:00:00,2.895649995562294,0.0
2046-04-21 11:30:00,2.895649995562294,0.0
2046-04-21 12:00:00,2.895649995562294,0.0
2046-04-21 12:30:00,2.895649995562294,0.0
2046-04-21 13:00:00,2.895649995562294,0.0
2046-04-21 13:30:00,2.895649995562294,0.0
2046-04-21 14:00:00,2.895649995562294,0.0
2046-04-21 14:30:00,2.895649995562294,0.0
2046-04-21 15:00:00,2.895649995562294,0.0
2046-04-21 15:30:00,2.895649995562294,0.0
2046-04-21 16:00:00,2.895649995562294,0.0
2046-04-21 16:30:00,2.895649995562294,0.0
2046-04-21 17:00:00,2.895649995562294,0.0
2046-04-21 17:30:00,2.895649995562294,0.0
2046-04-21 18:00:00,2.895649995562294,0.014213486013661115
2046-04-21 18:30:00,2.8879252749026896,0.0
2046-04-21 19:00:00,2.8879252749026896,0.0
2046-04-21 19:30:00,2.8879252749026896,0.014213486013661115
2046-04-21 20:00:00,2.880200554243085,0.0
2046-04-21 20:30:00,2.880200554243085,0.014213486013661115
2046-04-21 21:00:00,2.8724758335834806,0.0
2046-04-21 21:30:00,2.8724758335834806,0.0
2046-04-21 22:00:00,2.8724758335834806,0.0
2046-04-21 22:30:00,2.8724758335834806,0.014213486013661115
2046-04-21 23:00:00,2.864751112923876,0.0
2046-04-21 23:30:00,2.864751112923876,0.014213486013661115
2046-04-22 00:00:00,2.8570263922642716,0.0
2046-04-22 00:30:00,2.8570263922642716,0.0
2046-04-22 01:00:00,2.8570263922642716,0.0
2046-04-22 01:30:00,2.8570263922642716,0.0
2046-04-22 02:00:00,2.8570263922642716,0.0
2046-04-22 02:30:00,2.8570263922642716,0.0
2046-04-22 03:00:00,2.8570263922642716,0.0
2046-04-22 03:30:00,2.8570263922642716,0.0
2046-04-22 04:00:00,2.8570263922642716,0.0
2046-04-22 04:30:00,2.8570263922642716,0.0
2046-04-22 05:00:00,2.8570263922642716,0.0
2046-04-22 05:30:00,2.8570263922642716,0.0
2046-04-22 06:00:00,2.8570263922642716,0.0
2046-04-22 06:30:00,2.8570263922642716,0.0
2046-04-22 07:00:00,2.8570263922642716,0.0
2046-04-22 07:30:00,2.8570263922642716,0.0
2046-04-22 08:00:00,2.8570263922642716,0.0
2046-04-22 08:30:00,2.8570263922642716,0.0
2046-04-22 09:00:00,2.8570263922642716,-0.014213486013661115
2046-04-22 09:30:00,2.863564595830556,-0.014213486013661115
2046-04-22 10:00:00,2.87010279939684,-0.014213486013661115
2046-04-22 10:30:00,2.876641002963124,-0.014213486013661115
2046-04-22 11:00:00,2.8831792065294084,-0.014213486013661115
2046-04-22 11:30:00,2.8897174100956926,-0.014213486013661115
2046-04-22 12:00:00,2.896255613661977,-0.014213486013661115
2046-04-22 12:30:00,2.902793817228261,-0.014213486013661115
2046-04-22 13:00:00,2.9093320207945452,-0.014213486013661115
2046-04-22 13:30:00,2.9158702243608294,-0.014213486013661115
2046-04-22 14:00:00,2.9224084279271136,-0.014213486013661115
2046-04-22 14:30:00,2.928946631493398,-0.014213486013661115
2046-04-22 15:00:00,2.935484835059682,-0.014213486013661115
2046-04-22 15:30:00,2.9420230386259663,-0.014213486013661115
2046-04-22 16:00:00,2.9485612421922505,-0.014213486013661115
2046-04-22 16:30:00,2.9550994457585347,-0.014213486013661115
2046-04-22 17:00:00,2.961637649324819,-0.014213486013661115
2046-04-22 17:30:00,2.968175852891103,0.0
2046-04-22 18:00:00,2.968175852891103,0.0
2046-04-22 18:30:00,2.968175852891103,0.0
2046-04-22 19:00:00,2.968175852891103,0.0
2046-04-22 19:30:00,2.968175852891103,0.0
2046-04-22 20:00:00,2.968175852891103,0.0
2046-04-22 20:30:00,2.968175852891103,0.0
2046-04-22 21:00:00,2.968175852891103,0.0
2046-04-22 21:30:00,2.968175852891103,0.0
2046-04-22 22:00:00,2.968175852891103,0.0
2046-04-22 22:30:00,2.968175852891103,0.0
2046-04-22 23:00:00,2.968175852891103,0.0
2046-04-22 23:30:00,2.968175852891103,0.0
2046-04-23 00:00:00,2.968175852891103,0.0
2046-04-23 00:30:00,2.968175852891103,0.0
2046-04-23 01:00:00,2.968175852891103,0.0
2046-04-23 01:30:00,2.968175852891103,0.0
2046-04-23 02:00:00,2.968175852891103,0.0
2046-04-23 02:30:00,2.968175852891103,0.0
2046-04-23 03:00:00,2.968175852891103,0.0
2046-04-23 03:30:00,2.968175852891103,0.0
2046-04-23 04:00:00,2.968175852891103,0.0
2046-04-23 04:30:00,2.968175852891103,0.0
2046-04-23 05:00:00,2.968175852891103,0.0
2046-04-23 05:30:00,2.968175852891103,0.0
2046-04-23 06:00:00,2.968175852891103,0.0
2046-04-23 06:30:00,2.968175852891103,0.0
2046-04-23 07:00:00,2.968175852891103,0.0
2046-04-23 07:30:00,2.968175852891103,-0.014213486013661115
2046-04-23 08:00:00,2.9747140564573873,-0.014213486013661115
2046-04-23 08:30:00,2.9812522600236715,-0.014213486013661115
2046-04-23 09:00:00,2.9877904635899557,-0.014213486013661115
2046-04-23 09:30:00,2.99432866715624,-0.014213486013661115
2046-04-23 10:00:00,3.000866870722524,-0.014213486013661115
2046-04-23 10:30:00,3.0074050742888083,-0.014213486013661115
2046-04-23 11:00:00,3.0139432778550925,-0.014213486013661115
2046-04-23 11:30:00,3.0204814814213767,0.0
2046-04-23 12:00:00,3.0204814814213767,0.0
2046-04-23 12:30:00,3.0204814814213767,0.0
2046-04-23 13:00:00,3.0204814814213767,0.0
2046-04-23 13:30:00,3.0204814814213767,0.0
2046-04-23 14:00:00,3.0204814814213767,0.0
2046-04-23 14:30:00,3.0204814814213767,0.0
2046-04-23 15:00:00,3.0204814814213767,0.0
2046-04-23 15:30:00,3.0204814814213767,0.0
2046-04-23 16:00:00,3.0204814814213767,0.0
2046-04-23 16:30:00,3.0204814814213767,0.0
2046-04-23 17:00:00,3.0204814814213767,0.0
2046-04-23 17:30:00,3.0204814814213767,0.0
2046-04-23 18:00:00,3.0204814814213767,0.0
2046-04-23 18:30:00,3.0204814814213767,0.0
2046-04-23 19:00:00,3.0204814814213767,0.0
2046-04-23 19:30:00,3.0204814814213767,0.0
2046-04-23 20:00:00,3.0204814814213767,0.0
2046-04-23 20:30:00,3.0204814814213767,0.0
2046-04-23 21:00:00,3.0204814814213767,0.0
2046-04-23 21:30:00,3.0204814814213767,0.0
2046-04-23 22:00:00,3.0204814814213767,0.0
2046-04-23 22:30:00,3.0204814814213767,0.0
2046-04-23 23:00:00,3.0204814814213767,0.0
2046-04-23 23:30:00,3.0204814814213767,0.0
2046-04-24 00:00:00,3.0204814814213767,0.0
2046-04-24 00:30:00,3.0204814814213767,0.0
2046-04-24 01:00:00,3.0204814814213767,0.0
2046-04-24 01:30:00,3.0204814814213767,0.0
2046-04-24 02:00:00,3.0204814814213767,0.014213486013661115
2046-04-24 02:30:00,3.0127567607617722,0.014213486013661115
2046-04-24 03:00:00,3.0050320401021677,0.014213486013661115
2046-04-24 03:30:00,2.9973073194425632,0.0
2046-04-24 04:00:00,2.9973073194425632,0.0
2046-04-24 04:30:00,2.9973073194425632,0.0
2046-04-24 05:00:00,2.9973073194425632,0.0
2046-04-24 05:30:00,2.9973073194425632,0.014213486013661115
2046-04-24 06:00:00,2.9895825987829583,0.0
2046-04-24 06:30:00,2.9895825987829583,0.0
2046-04-24 07:00:00,2.9895825987829583,0.0
2046-04-24 07:30:00,2.9895825987829583,0.0
2046-04-24 08:00:00,2.9895825987829583,0.0
2046-04-24 08:30:00,2.9895825987829583,0.0
2046-04-24 09:00:00,2.9895825987829583,0.0
2046-04-24 09:30:00,2.9895825987829583,-0.014213486013661115
2046-04-24 10:00:00,2.9961208023492425,-0.014213486013661115
2046-04-24 10:30:00,3.0026590059155267,-0.014213486013661115
2046-04-24 11:00:00,3.009197209481811,-0.010317539941917406
2046-04-24 11:30:00,3.0139432778550925,0.0
2046-04-24 12:00:00,3.0139432778550925,-0.014213486013661115
2046-04-24 12:30:00,3.0204814814213767,0.0
2046-04-24 13:00:00,3.0204814814213767,0.0
2046-04-24 13:30:00,3.0204814814213767,0.0
2046-04-24 14:00:00,3.0204814814213767,0.0
2046-04-24 14:30:00,3.0204814814213767,0.0
2046-04-24 15:00:00,3.0204814814213767,0.0
2046-04-24 15:30:00,3.0204814814213767,0.0
2046-04-24 16:00:00,3.0204814814213767,0.0
2046-04-24 16:30:00,3.0204814814213767,0.0
2046-04-24 17:00:00,3.0204814814213767,0.0
2046-04-24 17:30:00,3.0204814814213767,0.0
2046-04-24 18:00:00,3.0204814814213767,0.0
2046-04-24 18:30:00,3.0204814814213767,0.0
2046-04-24 19:00:00,3.0204814814213767,0.0
2046-04-24 19:30:00,3.0204814814213767,0.0
2046-04-24 20:00:00,3.0204814814213767,0.0
2046-04-24 20:30:00,3.0204814814213767,0.0
2046-04-24 21:00:00,3.0204814814213767,0.0
2046-04-24 21:30:00,3.0204814814213767,0.0
2046-04-24 22:00:00,3.0204814814213767,0.0
2046-04-24 22:30:00,3.0204814814213767,0.0
2046-04-24 23:00:00,3.0204814814213767,0.0
2046-04-24 23:30:00,3.0204814814213767,0.0
2046-04-25 00:00:00,3.0204814814213767,0.0
2046-04-25 00:30:00,3.0204814814213767,0.014213486013661115
2046-04-25 01:00:00,3.0127567607617722,0.0
2046-04-25 01:30:00,3.0127567607617722,0.014213486013661115
2046-04-25 02:00:00,3.0050320401021677,0.0
2046-04-25 02:30:00,3.0050320401021677,0.0
2046-04-25 03:00:00,3.0050320401021677,0.0
2046-04-25 03:30:00,3.0050320401021677,0.0
2046-04-25 04:00:00,3.0050320401021677,0.0
2046-04-25 04:30:00,3.0050320401021677,0.014213486013661115
2046-04-25 05:00:00,2.9973073194425632,0.014213486013661115
2046-04-25 05:30:00,2.9895825987829587,0.0
2046-04-25 06:00:00,2.9895825987829587,0.014213486013661115
2046-04-25 06:30:00,2.9818578781233542,0.0
2046-04-25 07:00:00,2.9818578781233542,0.0
2046-04-25 07:30:00,2.9818578781233542,0.0
2046-04-25 08:00:00,2.9818578781233542,0.0
2046-04-25 08:30:00,2.9818578781233542,0.0
2046-04-25 09:00:00,2.9818578781233542,-0.014213486013661115
2046-04-25 09:30:00,2.9883960816896384,0.0
2046-04-25 10:00:00,2.9883960816896384,-0.014213486013661115
2046-04-25 10:30:00,2.9949342852559226,-0.014213486013661115
2046-04-25 11:00:00,3.001472488822207,-0.014213486013661115
2046-04-25 11:30:00,3.008010692388491,-0.012896924927394499
2046-04-25 12:00:00,3.0139432778550925,0.0
2046-04-25 12:30:00,3.0139432778550925,0.0
2046-04-25 13:00:00,3.0139432778550925,-0.014213486013661115
2046-04-25 13:30:00,3.0204814814213767,0.0
2046-04-25 14:00:00,3.0204814814213767,0.0
2046-04-25 14:30:00,3.0204814814213767,0.0
2046-04-25 15:00:00,3.0204814814213767,0.0
2046-04-25 15:30:00,3.0204814814213767,0.0
2046-04-25 16:00:00,3.0204814814213767,0.0
2046-04-25 16:30:00,3.0204814814213767,0.0
2046-04-25 17:00:00,3.0204814814213767,0.0
2046-04-25 17:30:00,3.0204814814213767,0.0
2046-04-25 18:00:00,3.0204814814213767,0.0
2046-04-25 18:30:00,3.0204814814213767,0.0
2046-04-25 19:00:00,3.0204814814213767,0.0
2046-04-25 19:30:00,3.0204814814213767,0.0
2046-04-25 20:00:00,3.0204814814213767,0.0
2046-04-25 20:30:00,3.0204814814213767,0.0
2046-04-25 21:00:00,3.0204814814213767,0.0
2046-04-25 21:30:00,3.0204814814213767,0.0
2046-04-25 22:00:00,3.0204814814213767,0.0
2046-04-25 22:30:00,3.0204814814213767,0.0
2046-04-25 23:00:00,3.0204814814213767,0.0
2046-04-25 23:30:00,3.0204814814213767,0.014213486013661115
2046-04-26 00:00:00,3.0127567607617722,0.0
2046-04-26 00:30:00,3.0127567607617722,0.0
2046-04-26 01:00:00,3.0127567607617722,0.0
2046-04-26 01:30:00,3.0127567607617722,0.0
2046-04-26 02:00:00,3.0127567607617722,0.014213486013661115
2046-04-26 02:30:00,3.0050320401021677,0.0
2046-04-26 03:00:00,3.0050320401021677,0.0
2046-04-26 03:30:00,3.0050320401021677,0.014213486013661115
2046-04-26 04:00:00,2.9973073194425632,0.014213486013661115
2046-04-26 04:30:00,2.9895825987829587,0.014213486013661115
2046-04-26 05:00:00,2.9818578781233542,0.014213486013661115
2046-04-26 05:30:00,2.9741331574637497,0.014213486013661115
2046-04-26 06:00:00,2.9664084368041452,0.014213486013661115
2046-04-26 06:30:00,2.9586837161445407,0.014213486013661115
2046-04-26 07:00:00,2.9509589954849362,0.014213486013661115
2046-04-26 07:30:00,2.9432342748253317,0.014213486013661115
2046-04-26 08:00:00,2.9355095541657272,0.0
2046-04-26 08:30:00,2.9355095541657272,0.0
2046-04-26 09:00:00,2.9355095541657272,0.0
2046-04-26 09:30:00,2.9355095541657272,0.0
2046-04-26 10:00:00,2.9355095541657272,0.0
2046-04-26 10:30:00,2.9355095541657272,0.0
2046-04-26 11:00:00,2.9355095541657272,0.0
2046-04-26 11:30:00,2.9355095541657272,0.0
2046-04-26 12:00:00,2.9355095541657272,0.0
2046-04-26 12:30:00,2.9355095541657272,0.0
2046-04-26 13:00:00,2.9355095541657272,0.0
2046-04-26 13:30:00,2.9355095541657272,0.0
2046-04-26 14:00:00,2.9355095541657272,0.0
2046-04-26 14:30:00,2.9355095541657272,0.0
2046-04-26 15:00:00,2.9355095541657272,0.0
2046-04-26 15:30:00,2.9355095541657272,0.0
2046-04-26 16:00:00,2.9355095541657272,0.0
2046-04-26 16:30:00,2.9355095541657272,0.014213486013661115
2046-04-26 17:00:00,2.9277848335061227,0.0
2046-04-26 17:30:00,2.9277848335061227,0.014213486013661115
2046-04-26 18:00:00,2.9200601128465182,0.014213486013661115
2046-04-26 18:30:00,2.9123353921869137,0.014213486013661115
2046-04-26 19:00:00,2.9046106715273092,0.014213486013661115
2046-04-26 19:30:00,2.8968859508677047,0.014213486013661115
2046-04-26 20:00:00,2.8891612302081002,0.014213486013661115
2046-04-26 20:30:00,2.8814365095484957,0.014213486013661115
2046-04-26 21:00:00,2.8737117888888912,0.014213486013661115
2046-04-26 21:30:00,2.8659870682292867,0.014213486013661115
2046-04-26 22:00:00,2.8582623475696822,0.014213486013661115
2046-04-26 22:30:00,2.8505376269100777,0.014213486013661115
2046-04-26 23:00:00,2.8428129062504732,0.014213486013661115
2046-04-26 23:30:00,2.8350881855908687,0.014213486013661115
2046-04-27 00:00:00,2.8273634649312642,0.014213486013661115
2046-04-27 00:30:00,2.8196387442716597,0.014213486013661115
2046-04-27 01:00:00,2.8119140236120552,0.014213486013661115
2046-04-27 01:30:00,2.8041893029524507,0.014213486013661115
2046-04-27 02:00:00,2.7964645822928462,0.014213486013661115
2046-04-27 02:30:00,2.7887398616332417,0.014213486013661115
2046-04-27 03:00:00,2.7810151409736372,0.014213486013661115
2046-04-27 03:30:00,2.7732904203140327,0.014213486013661115
2046-04-27 04:00:00,2.7655656996544287,0.014213486013661115
2046-04-27 04:30:00,2.757840978994824,0.014213486013661115
2046-04-27 05:00:00,2.750116258335219,0.014213486013661115
2046-04-27 05:30:00,2.7423915376756147,0.014213486013661115
2046-04-27 06:00:00,2.73466681701601,0.014213486013661115
2046-04-27 06:30:00,2.7269420963564057,0.014213486013661115
2046-04-27 07:00:00,2.719217375696801,0.014213486013661115
2046-04-27 07:30:00,2.7114926550371967,0.014213486013661115
2046-04-27 08:00:00,2.703767934377592,0.0
2046-04-27 08:30:00,2.703767934377592,0.0
2046-04-27 09:00:00,2.703767934377592,0.0
2046-04-27 09:30:00,2.703767934377592,0.0
2046-04-27 10:00:00,2.703767934377592,0.0
2046-04-27 10:30:00,2.703767934377592,0.0
2046-04-27 11:00:00,2.703767934377592,0.0
2046-04-27 11:30:00,2.703767934377592,0.0
2046-04-27 12:00:00,2.703767934377592,0.0
2046-04-27 12:30:00,2.703767934377592,0.0
2046-04-27 13:00:00,2.703767934377592,0.0
2046-04-27 13:30:00,2.703767934377592,0.0
2046-04-27 14:00:00,2.703767934377592,0.0
2046-04-27 14:30:00,2.703767934377592,0.0
2046-04-27 15:00:00,2.703767934377592,0.0
2046-04-27 15:30:00,2.703767934377592,0.0
2046-04-27 16:00:00,2.703767934377592,0.0
2046-04-27 16:30:00,2.703767934377592,0.0
2046-04-27 17:00:00,2.703767934377592,0.0
2046-04-27 17:30:00,2.703767934377592,0.0
2046-04-27 18:00:00,2.703767934377592,0.0
2046-04-27 18:30:00,2.703767934377592,0.0
2046-04-27 19:00:00,2.703767934377592,0.014213486013661115
2046-04-27 19:30:00,2.6960432137179873,0.0
2046-04-27 20:00:00,2.6960432137179873,0.009873787432912156
2046-04-27 20:30:00,2.690677024895748,0.0
2046-04-27 21:00:00,2.690677024895748,0.014213486013661115
2046-04-27 21:30:00,2.6829523042361436,0.014213486013661115
2046-04-27 22:00:00,2.675227583576539,0.014213486013661115
2046-04-27 22:30:00,2.6675028629169346,0.014213486013661115
2046-04-27 23:00:00,2.65977814225733,0.014213486013661115
2046-04-27 23:30:00,2.6520534215977256,0.014213486013661115
2046-04-28 00:00:00,2.644328700938121,0.014213486013661115
2046-04-28 00:30:00,2.6366039802785166,0.014213486013661115
2046-04-28 01:00:00,2.628879259618912,0.014213486013661115
2046-04-28 01:30:00,2.6211545389593076,0.014213486013661115
2046-04-28 02:00:00,2.613429818299703,0.014213486013661115
2046-04-28 02:30:00,2.6057050976400986,0.014213486013661115
2046-04-28 03:00:00,2.597980376980494,0.014213486013661115
2046-04-28 03:30:00,2.5902556563208896,0.014213486013661115
2046-04-28 04:00:00,2.582530935661285,0.014213486013661115
2046-04-28 04:30:00,2.5748062150016806,0.014213486013661115
2046-04-28 05:00:00,2.567081494342076,0.0
2046-04-28 05:30:00,2.567081494342076,0.014213486013661115
2046-04-28 06:00:00,2.5593567736824716,0.014213486013661115
2046-04-28 06:30:00,2.551632053022867,0.014213486013661115
2046-04-28 07:00:00,2.5439073323632626,0.014213486013661115
2046-04-28 07:30:00,2.536182611703658,0.014213486013661115
2046-04-28 08:00:00,2.5284578910440536,0.0
2046-04-28 08:30:00,2.5284578910440536,0.0
2046-04-28 09:00:00,2.5284578910440536,-0.014213486013661115
2046-04-28 09:30:00,2.534996094610338,-0.014213486013661115
2046-04-28 10:00:00,2.541534298176622,-0.014213486013661115
2046-04-28 10:30:00,2.5480725017429062,-0.014213486013661115
2046-04-28 11:00:00,2.5546107053091904,-0.014213486013661115
2046-04-28 11:30:00,2.5611489088754746,-0.014213486013661115
2046-04-28 12:00:00,2.567687112441759,-0.014213486013661115
2046-04-28 12:30:00,2.574225316008043,-0.014213486013661115
2046-04-28 13:00:00,2.5807635195743273,-0.014213486013661115
2046-04-28 13:30:00,2.5873017231406115,-0.014213486013661115
2046-04-28 14:00:00,2.5938399267068957,-0.014213486013661115
2046-04-28 14:30:00,2.60037813027318,-0.014213486013661115
2046-04-28 15:00:00,2.606916333839464,-0.014213486013661115
2046-04-28 15:30:00,2.6134545374057483,-0.014213486013661115
2046-04-28 16:00:00,2.6199927409720325,-0.014213486013661115
2046-04-28 16:30:00,2.6265309445383167,0.0
2046-04-28 17:00:00,2.6265309445383167,0.0
2046-04-28 17:30:00,2.6265309445383167,0.0
2046-04-28 18:00:00,2.6265309445383167,0.0
2046-04-28 18:30:00,2.6265309445383167,0.0
2046-04-28 19:00:00,2.6265309445383167,0.0
2046-04-28 19:30:00,2.6265309445383167,0.0
2046-04-28 20:00:00,2.6265309445383167,0.0
2046-04-28 20:30:00,2.6265309445383167,0.0
2046-04-28 21:00:00,2.6265309445383167,0.0
2046-04-28 21:30:00,2.6265309445383167,0.0
2046-04-28 22:00:00,2.6265309445383167,0.0
2046-04-28 22:30:00,2.6265309445383167,0.0
2046-04-28 23:00:00,2.6265309445383167,0.0
2046-04-28 23:30:00,2.6265309445383167,0.0
2046-04-29 00:00:00,2.6265309445383167,0.0
2046-04-29 00:30:00,2.6265309445383167,0.0
2046-04-29 01:00:00,2.6265309445383167,0.0
2046-04-29 01:30:00,2.6265309445383167,0.0
2046-04-29 02:00:00,2.6265309445383167,0.0
2046-04-29 02:30:00,2.6265309445383167,0.0
2046-04-29 03:00:00,2.6265309445383167,0.0
2046-04-29 03:30:00,2.6265309445383167,0.0
2046-04-29 04:00:00,2.6265309445383167,0.0
2046-04-29 04:30:00,2.6265309445383167,0.0
2046-04-29 05:00:00,2.6265309445383167,0.0
2046-04-29 05:30:00,2.6265309445383167,0.0
2046-04-29 06:00:00,2.6265309445383167,0.0
2046-04-29 06:30:00,2.6265309445383167,0.0
2046-04-29 07:00:00,2.6265309445383167,0.0
2046-04-29 07:30:00,2.6265309445383167,0.0
2046-04-29 08:00:00,2.6265309445383167,0.0
2046-04-29 08:30:00,2.6265309445383167,0.0
2046-04-29 09:00:00,2.6265309445383167,0.0
2046-04-29 09:30:00,2.6265309445383167,-0.014213486013661115
2046-04-29 10:00:00,2.633069148104601,0.0
2046-04-29 10:30:00,2.633069148104601,-0.014213486013661115
2046-04-29 11:00:00,2.639607351670885,0.0
2046-04-29 11:30:00,2.639607351670885,0.0
2046-04-29 12:00:00,2.639607351670885,0.0
2046-04-29 12:30:00,2.639607351670885,0.0
2046-04-29 13:00:00,2.639607351670885,-0.014213486013661115
2046-04-29 13:30:00,2.6461455552371693,-0.014213486013661115
2046-04-29 14:00:00,2.6526837588034535,-0.014213486013661115
2046-04-29 14:30:00,2.6592219623697377,-0.014213486013661115
2046-04-29 15:00:00,2.665760165936022,-0.014213486013661115
2046-04-29 15:30:00,2.672298369502306,-0.014213486013661115
2046-04-29 16:00:00,2.6788365730685904,0.0
2046-04-29 16:30:00,2.6788365730685904,0.0
2046-04-29 17:00:00,2.6788365730685904,0.0
2046-04-29 17:30:00,2.6788365730685904,0.0
2046-04-29 18:00:00,2.6788365730685904,0.0
2046-04-29 18:30:00,2.6788365730685904,0.0
2046-04-29 19:00:00,2.6788365730685904,0.0
2046-04-29 19:30:00,2.6788365730685904,0.0
2046-04-29 20:00:00,2.6788365730685904,0.0
2046-04-29 20:30:00,2.6788365730685904,0.0
2046-04-29 21:00:00,2.6788365730685904,0.0
2046-04-29 21:30:00,2.6788365730685904,0.0
2046-04-29 22:00:00,2.6788365730685904,0.0
2046-04-29 22:30:00,2.6788365730685904,0.0
2046-04-29 23:00:00,2.6788365730685904,0.0
2046-04-29 23:30:00,2.6788365730685904,0.0
2046-04-30 00:00:00,2.6788365730685904,0.0
2046-04-30 00:30:00,2.6788365730685904,0.0
2046-04-30 01:00:00,2.6788365730685904,0.0
2046-04-30 01:30:00,2.6788365730685904,0.0
2046-04-30 02:00:00,2.6788365730685904,0.0
2046-04-30 02:30:00,2.6788365730685904,0.0
2046-04-30 03:00:00,2.6788365730685904,0.0
2046-04-30 03:30:00,2.6788365730685904,0.0
2046-04-30 04:00:00,2.6788365730685904,0.0
2046-04-30 04:30:00,2.6788365730685904,0.0
2046-04-30 05:00:00,2.6788365730685904,0.0
2046-04-30 05:30:00,2.6788365730685904,0.0
2046-04-30 06:00:00,2.6788365730685904,0.0
2046-04-30 06:30:00,2.6788365730685904,0.0
2046-04-30 07:00:00,2.6788365730685904,0.0
2046-04-30 07:30:00,2.6788365730685904,-0.014213486013661115
2046-04-30 08:00:00,2.685374776634874,-0.014213486013661115
2046-04-30 08:30:00,2.691912980201158,-0.014213486013661115
2046-04-30 09:00:00,2.698451183767442,-0.014213486013661115
2046-04-30 09:30:00,2.7049893873337263,-0.014213486013661115
2046-04-30 10:00:00,2.7115275909000105,-0.014213486013661115
2046-04-30 10:30:00,2.7180657944662947,-0.014213486013661115
2046-04-30 11:00:00,2.7246039980325785,-0.014213486013661115
2046-04-30 11:30:00,2.7311422015988627,-0.014213486013661115
2046-04-30 12:00:00,2.737680405165147,-0.014213486013661115
2046-04-30 12:30:00,2.744218608731431,-0.014213486013661115
2046-04-30 13:00:00,2.7507568122977153,-0.014213486013661115
2046-04-30 13:30:00,2.7572950158639995,-0.014213486013661115
2046-04-30 14:00:00,2.7638332194302837,-0.014213486013661115
2046-04-30 14:30:00,2.770371422996568,-0.014213486013661115
2046-04-30 15:00:00,2.776909626562852,-0.014213486013661115
2046-04-30 15:30:00,2.7834478301291363,-0.014213486013661115
2046-04-30 16:00:00,2.7899860336954205,-0.014213486013661115
2046-04-30 16:30:00,2.7965242372617047,-0.014213486013661115
2046-04-30 17:00:00,2.803062440827989,0.0
2046-04-30 17:30:00,2.803062440827989,0.0
2046-04-30 18:00:00,2.803062440827989,0.0
2046-04-30 18:30:00,2.803062440827989,0.0
2046-04-30 19:00:00,2.803062440827989,0.0
2046-04-30 19:30:00,2.803062440827989,0.0
2046-04-30 20:00:00,2.803062440827989,0.0
2046-04-30 20:30:00,2.803062440827989,0.0
2046-04-30 21:00:00,2.803062440827989,0.0
2046-04-30 21:30:00,2.803062440827989,0.0
2046-04-30 22:00:00,2.803062440827989,0.0
2046-04-30 22:30:00,2.803062440827989,0.0
2046-04-30 23:00:00,2.803062440827989,-0.014213486013661115
2046-04-30 23:30:00,2.809600644394273,0.0
2046-05-01 00:00:00,2.809600644394273,0.0
2046-05-01 00:30:00,2.809600644394273,-0.014213486013661115
2046-05-01 01:00:00,2.8161388479605574,0.0
2046-05-01 01:30:00,2.8161388479605574,0.0
2046-05-01 02:00:00,2.8161388479605574,-0.014213486013661115
2046-05-01 02:30:00,2.8226770515268416,0.0
2046-05-01 03:00:00,2.8226770515268416,0.0
2046-05-01 03:30:00,2.8226770515268416,0.0
2046-05-01 04:00:00,2.8226770515268416,0.0
2046-05-01 04:30:00,2.8226770515268416,-0.014213486013661115
2046-05-01 05:00:00,2.8292152550931258,0.0
2046-05-01 05:30:00,2.8292152550931258,-0.014213486013661115
2046-05-01 06:00:00,2.83575345865941,0.0
2046-05-01 06:30:00,2.83575345865941,0.0
2046-05-01 07:00:00,2.83575345865941,0.0
2046-05-01 07:30:00,2.83575345865941,-0.014213486013661115
2046-05-01 08:00:00,2.842291662225694,-0.014213486013661115
2046-05-01 08:30:00,2.8488298657919784,-0.014213486013661115
2046-05-01 09:00:00,2.8553680693582626,-0.014213486013661115
2046-05-01 09:30:00,2.861906272924547,-0.012693893257999966
2046-05-01 10:00:00,2.8677454638232267,-0.009704301636999979
2046-05-01 10:30:00,2.8722094425762466,-0.009633826927999967
2046-05-01 11:00:00,2.8766410029631264,-0.014213486013661115
2046-05-01 11:30:00,2.8831792065294106,-0.014213486013661115
2046-05-01 12:00:00,2.889717410095695,-0.014213486013661115
2046-05-01 12:30:00,2.896255613661979,-0.014213486013661115
2046-05-01 13:00:00,2.9027938172282632,0.0
2046-05-01 13:30:00,2.9027938172282632,-0.014213486013661115
2046-05-01 14:00:00,2.9093320207945474,0.0
2046-05-01 14:30:00,2.9093320207945474,-0.014213486013661115
2046-05-01 15:00:00,2.9158702243608308,0.0
2046-05-01 15:30:00,2.9158702243608308,-0.014213486013661115
2046-05-01 16:00:00,2.922408427927115,0.0
2046-05-01 16:30:00,2.922408427927115,0.0
2046-05-01 17:00:00,2.922408427927115,0.0
2046-05-01 17:30:00,2.922408427927115,0.0
2046-05-01 18:00:00,2.922408427927115,0.0
2046-05-01 18:30:00,2.922408427927115,0.0
2046-05-01 19:00:00,2.922408427927115,0.0
2046-05-01 19:30:00,2.922408427927115,0.0
2046-05-01 20:00:00,2.922408427927115,0.0
2046-05-01 20:30:00,2.922408427927115,0.0
2046-05-01 21:00:00,2.922408427927115,0.0
2046-05-01 21:30:00,2.922408427927115,0.0
2046-05-01 22:00:00,2.922408427927115,0.0
2046-05-01 22:30:00,2.922408427927115,0.0
2046-05-01 23:00:00,2.922408427927115,0.0
2046-05-01 23:30:00,2.922408427927115,0.0
2046-05-02 00:00:00,2.922408427927115,0.0
2046-05-02 00:30:00,2.922408427927115,0.0
2046-05-02 01:00:00,2.922408427927115,0.0
2046-05-02 01:30:00,2.922408427927115,0.0
2046-05-02 02:00:00,2.922408427927115,0.0
2046-05-02 02:30:00,2.922408427927115,0.0
2046-05-02 03:00:00,2.922408427927115,0.0
2046-05-02 03:30:00,2.922408427927115,0.0
2046-05-02 04:00:00,2.922408427927115,0.0
2046-05-02 04:30:00,2.922408427927115,0.0
2046-05-02 05:00:00,2.922408427927115,0.0
2046-05-02 05:30:00,2.922408427927115,0.0
2046-05-02 06:00:00,2.922408427927115,0.0
2046-05-02 06:30:00,2.922408427927115,0.0
2046-05-02 07:00:00,2.922408427927115,0.0
2046-05-02 07:30:00,2.922408427927115,0.0
2046-05-02 08:00:00,2.922408427927115,0.0
2046-05-02 08:30:00,2.922408427927115,-0.014213486013661115
2046-05-02 09:00:00,2.9289466314933987,-0.014213486013661115
2046-05-02 09:30:00,2.935484835059683,-0.014213486013661115
2046-05-02 10:00:00,2.942023038625967,-0.014213486013661115
2046-05-02 10:30:00,2.948561242192251,-0.014213486013661115
2046-05-02 11:00:00,2.955099445758535,-0.014213486013661115
2046-05-02 11:30:00,2.9616376493248193,-0.014213486013661115
2046-05-02 12:00:00,2.9681758528911035,-0.014213486013661115
2046-05-02 12:30:00,2.9747140564573877,-0.014213486013661115
2046-05-02 13:00:00,2.981252260023672,-0.014213486013661115
2046-05-02 13:30:00,2.987790463589956,-0.014213486013661115
2046-05-02 14:00:00,2.9943286671562404,-0.014213486013661115
2046-05-02 14:30:00,3.0008668707225246,-0.014213486013661115
2046-05-02 15:00:00,3.0074050742888088,-0.014213486013661115
2046-05-02 15:30:00,3.013943277855093,-0.014213486013661115
2046-05-02 16:00:00,3.0204814814213767,0.0
2046-05-02 16:30:00,3.0204814814213767,0.0
2046-05-02 17:00:00,3.0204814814213767,0.0
2046-05-02 17:30:00,3.0204814814213767,0.0
2046-05-02 18:00:00,3.0204814814213767,0.0
2046-05-02 18:30:00,3.0204814814213767,0.0
2046-05-02 19:00:00,3.0204814814213767,0.0
2046-05-02 19:30:00,3.0204814814213767,0.0
2046-05-02 20:00:00,3.0204814814213767,0.0
2046-05-02 20:30:00,3.0204814814213767,0.014213486013661115
2046-05-02 21:00:00,3.0127567607617722,0.0
2046-05-02 21:30:00,3.0127567607617722,0.0
2046-05-02 22:00:00,3.0127567607617722,0.0
2046-05-02 22:30:00,3.0127567607617722,0.0
2046-05-02 23:00:00,3.0127567607617722,0.0
2046-05-02 23:30:00,3.0127567607617722,0.0
2046-05-03 00:00:00,3.0127567607617722,0.0
2046-05-03 00:30:00,3.0127567607617722,0.0
2046-05-03 01:00:00,3.0127567607617722,0.0
2046-05-03 01:30:00,3.0127567607617722,0.0
2046-05-03 02:00:00,3.0127567607617722,0.0
2046-05-03 02:30:00,3.0127567607617722,0.014213486013661115
2046-05-03 03:00:00,3.0050320401021677,0.0
2046-05-03 03:30:00,3.0050320401021677,0.0
2046-05-03 04:00:00,3.0050320401021677,0.0
2046-05-03 04:30:00,3.0050320401021677,0.0
2046-05-03 05:00:00,3.0050320401021677,0.014213486013661115
2046-05-03 05:30:00,2.9973073194425632,0.0
2046-05-03 06:00:00,2.9973073194425632,0.014213486013661115
2046-05-03 06:30:00,2.9895825987829587,0.0
2046-05-03 07:00:00,2.9895825987829587,0.0
2046-05-03 07:30:00,2.9895825987829587,0.014213486013661115
2046-05-03 08:00:00,2.9818578781233542,0.014213486013661115
2046-05-03 08:30:00,2.9741331574637497,0.0
2046-05-03 09:00:00,2.9741331574637497,-0.0012628238992120815
2046-05-03 09:30:00,2.9747140564573873,0.0
2046-05-03 10:00:00,2.9747140564573873,-0.014213486013661115
2046-05-03 10:30:00,2.9812522600236715,-0.014213486013661115
2046-05-03 11:00:00,2.9877904635899557,-0.014213486013661115
2046-05-03 11:30:00,2.99432866715624,-0.014213486013661115
2046-05-03 12:00:00,3.000866870722524,-0.014213486013661115
2046-05-03 12:30:00,3.0074050742888083,-0.014213486013661115
2046-05-03 13:00:00,3.0139432778550925,-0.014213486013661115
2046-05-03 13:30:00,3.0204814814213767,0.0
2046-05-03 14:00:00,3.0204814814213767,0.0
2046-05-03 14:30:00,3.0204814814213767,0.0
2046-05-03 15:00:00,3.0204814814213767,0.0
2046-05-03 15:30:00,3.0204814814213767,0.0
2046-05-03 16:00:00,3.0204814814213767,0.0
2046-05-03 16:30:00,3.0204814814213767,0.0
2046-05-03 17:00:00,3.0204814814213767,0.0
2046-05-03 17:30:00,3.0204814814213767,0.0
2046-05-03 18:00:00,3.0204814814213767,0.014213486013661115
2046-05-03 18:30:00,3.0127567607617722,0.0
2046-05-03 19:00:00,3.0127567607617722,0.014213486013661115
2046-05-03 19:30:00,3.0050320401021677,0.0
2046-05-03 20:00:00,3.0050320401021677,0.0
2046-05-03 20:30:00,3.0050320401021677,0.0
2046-05-03 21:00:00,3.0050320401021677,0.0
2046-05-03 21:30:00,3.0050320401021677,0.0
2046-05-03 22:00:00,3.0050320401021677,0.0
2046-05-03 22:30:00,3.0050320401021677,0.0
2046-05-03 23:00:00,3.0050320401021677,0.014213486013661115
2046-05-03 23:30:00,2.9973073194425632,0.014213486013661115
2046-05-04 00:00:00,2.9895825987829587,0.0
2046-05-04 00:30:00,2.9895825987829587,0.0
2046-05-04 01:00:00,2.9895825987829587,0.0
2046-05-04 01:30:00,2.9895825987829587,0.0
2046-05-04 02:00:00,2.9895825987829587,0.0
2046-05-04 02:30:00,2.9895825987829587,0.014213486013661115
2046-05-04 03:00:00,2.9818578781233542,0.0
2046-05-04 03:30:00,2.9818578781233542,0.0
2046-05-04 04:00:00,2.9818578781233542,0.0
2046-05-04 04:30:00,2.9818578781233542,0.0
2046-05-04 05:00:00,2.9818578781233542,0.0
2046-05-04 05:30:00,2.9818578781233542,0.0
2046-05-04 06:00:00,2.9818578781233542,0.0
2046-05-04 06:30:00,2.9818578781233542,0.014213486013661115
2046-05-04 07:00:00,2.9741331574637497,0.0
2046-05-04 07:30:00,2.9741331574637497,0.0
2046-05-04 08:00:00,2.9741331574637497,0.0
2046-05-04 08:30:00,2.9741331574637497,0.0
2046-05-04 09:00:00,2.9741331574637497,0.0
2046-05-04 09:30:00,2.9741331574637497,0.0
2046-05-04 10:00:00,2.9741331574637497,0.0
2046-05-04 10:30:00,2.9741331574637497,0.0
2046-05-04 11:00:00,2.9741331574637497,0.0
2046-05-04 11:30:00,2.9741331574637497,0.0
2046-05-04 12:00:00,2.9741331574637497,0.0
2046-05-04 12:30:00,2.9741331574637497,0.0
2046-05-04 13:00:00,2.9741331574637497,0.0
2046-05-04 13:30:00,2.9741331574637497,0.0
2046-05-04 14:00:00,2.9741331574637497,0.0
2046-05-04 14:30:00,2.9741331574637497,-0.014213486013661115
2046-05-04 15:00:00,2.980671361030034,0.0
2046-05-04 15:30:00,2.980671361030034,0.0
2046-05-04 16:00:00,2.980671361030034,0.0
2046-05-04 16:30:00,2.980671361030034,0.0
2046-05-04 17:00:00,2.980671361030034,0.0
2046-05-04 17:30:00,2.980671361030034,0.0
2046-05-04 18:00:00,2.980671361030034,0.0
2046-05-04 18:30:00,2.980671361030034,0.0
2046-05-04 19:00:00,2.980671361030034,0.0
2046-05-04 19:30:00,2.980671361030034,0.0
2046-05-04 20:00:00,2.980671361030034,0.014213486013661115
2046-05-04 20:30:00,2.9729466403704294,0.0
2046-05-04 21:00:00,2.9729466403704294,0.0
2046-05-04 21:30:00,2.9729466403704294,0.0
2046-05-04 22:00:00,2.9729466403704294,0.0
2046-05-04 22:30:00,2.9729466403704294,0.0
2046-05-04 23:00:00,2.9729466403704294,0.0
2046-05-04 23:30:00,2.9729466403704294,0.014213486013661115
2046-05-05 00:00:00,2.965221919710825,0.014213486013661115
2046-05-05 00:30:00,2.9574971990512204,0.014213486013661115
2046-05-05 01:00:00,2.949772478391616,0.014213486013661115
2046-05-05 01:30:00,2.9420477577320114,0.009583003802013126
2046-05-05 02:00:00,2.9368396034917827,0.014213486013661115
2046-05-05 02:30:00,2.9291148828321782,0.014213486013661115
2046-05-05 03:00:00,2.9213901621725737,0.014213486013661115
2046-05-05 03:30:00,2.9136654415129692,0.014213486013661115
2046-05-05 04:00:00,2.9059407208533647,0.014213486013661115
2046-05-05 04:30:00,2.8982160001937602,0.014213486013661115
2046-05-05 05:00:00,2.8904912795341557,0.014213486013661115
2046-05-05 05:30:00,2.8827665588745512,0.014213486013661115
2046-05-05 06:00:00,2.8750418382149467,0.014213486013661115
2046-05-05 06:30:00,2.8673171175553422,0.014213486013661115
2046-05-05 07:00:00,2.8595923968957377,0.014213486013661115
2046-05-05 07:30:00,2.8518676762361332,0.014213486013661115
2046-05-05 08:00:00,2.8441429555765287,0.0
2046-05-05 08:30:00,2.8441429555765287,0.0
2046-05-05 09:00:00,2.8441429555765287,0.0
2046-05-05 09:30:00,2.8441429555765287,0.0
2046-05-05 10:00:00,2.8441429555765287,0.0
2046-05-05 10:30:00,2.8441429555765287,0.0
2046-05-05 11:00:00,2.8441429555765287,0.0
2046-05-05 11:30:00,2.8441429555765287,0.0
2046-05-05 12:00:00,2.8441429555765287,0.0
2046-05-05 12:30:00,2.8441429555765287,0.0
2046-05-05 13:00:00,2.8441429555765287,0.0
2046-05-05 13:30:00,2.8441429555765287,0.0
2046-05-05 14:00:00,2.8441429555765287,0.0
2046-05-05 14:30:00,2.8441429555765287,0.0
2046-05-05 15:00:00,2.8441429555765287,0.0
2046-05-05 15:30:00,2.8441429555765287,0.0
2046-05-05 16:00:00,2.8441429555765287,0.0
2046-05-05 16:30:00,2.8441429555765287,0.0
2046-05-05 17:00:00,2.8441429555765287,0.0
2046-05-05 17:30:00,2.8441429555765287,0.014213486013661115
2046-05-05 18:00:00,2.8364182349169242,0.014213486013661115
2046-05-05 18:30:00,2.8286935142573197,0.0
2046-05-05 19:00:00,2.8286935142573197,0.0
2046-05-05 19:30:00,2.8286935142573197,0.0
2046-05-05 20:00:00,2.8286935142573197,0.0
2046-05-05 20:30:00,2.8286935142573197,0.014213486013661115
2046-05-05 21:00:00,2.8209687935977152,0.0
2046-05-05 21:30:00,2.8209687935977152,0.014213486013661115
2046-05-05 22:00:00,2.8132440729381107,0.014213486013661115
2046-05-05 22:30:00,2.8055193522785062,0.014213486013661115
2046-05-05 23:00:00,2.7977946316189017,0.014213486013661115
2046-05-05 23:30:00,2.7900699109592972,0.014213486013661115
2046-05-06 00:00:00,2.7823451902996927,0.0
2046-05-06 00:30:00,2.7823451902996927,0.0
2046-05-06 01:00:00,2.7823451902996927,0.014213486013661115
2046-05-06 01:30:00,2.7746204696400882,0.0
2046-05-06 02:00:00,2.7746204696400882,0.0
2046-05-06 02:30:00,2.7746204696400882,0.0
2046-05-06 03:00:00,2.7746204696400882,0.014213486013661115
2046-05-06 03:30:00,2.7668957489804837,0.0
2046-05-06 04:00:00,2.7668957489804837,0.0
2046-05-06 04:30:00,2.7668957489804837,0.0
2046-05-06 05:00:00,2.7668957489804837,0.0
2046-05-06 05:30:00,2.7668957489804837,0.0
2046-05-06 06:00:00,2.7668957489804837,0.0
2046-05-06 06:30:00,2.7668957489804837,0.0
2046-05-06 07:00:00,2.7668957489804837,0.014213486013661115
2046-05-06 07:30:00,2.7591710283208792,0.0
2046-05-06 08:00:00,2.7591710283208792,0.0
2046-05-06 08:30:00,2.7591710283208792,0.0
2046-05-06 09:00:00,2.7591710283208792,0.0
2046-05-06 09:30:00,2.7591710283208792,0.0
2046-05-06 10:00:00,2.7591710283208792,0.0
2046-05-06 10:30:00,2.7591710283208792,0.0
2046-05-06 11:00:00,2.7591710283208792,0.0
2046-05-06 11:30:00,2.7591710283208792,0.0
2046-05-06 12:00:00,2.7591710283208792,0.0
2046-05-06 12:30:00,2.7591710283208792,0.0
2046-05-06 13:00:00,2.7591710283208792,0.0
2046-05-06 13:30:00,2.7591710283208792,0.0
2046-05-06 14:00:00,2.7591710283208792,0.0
2046-05-06 14:30:00,2.7591710283208792,0.0
2046-05-06 15:00:00,2.7591710283208792,-0.014213486013661115
2046-05-06 15:30:00,2.7657092318871634,0.0
2046-05-06 16:00:00,2.7657092318871634,0.0
2046-05-06 16:30:00,2.7657092318871634,0.0
2046-05-06 17:00:00,2.7657092318871634,0.0
2046-05-06 17:30:00,2.7657092318871634,0.0
2046-05-06 18:00:00,2.7657092318871634,0.0
2046-05-06 18:30:00,2.7657092318871634,0.0
2046-05-06 19:00:00,2.7657092318871634,0.0
2046-05-06 19:30:00,2.7657092318871634,0.0
2046-05-06 20:00:00,2.7657092318871634,0.0
2046-05-06 20:30:00,2.7657092318871634,0.0
2046-05-06 21:00:00,2.7657092318871634,0.0
2046-05-06 21:30:00,2.7657092318871634,0.0
2046-05-06 22:00:00,2.7657092318871634,0.0
2046-05-06 22:30:00,2.7657092318871634,0.0
2046-05-06 23:00:00,2.7657092318871634,0.0
2046-05-06 23:30:00,2.7657092318871634,0.0
2046-05-07 00:00:00,2.7657092318871634,0.0
2046-05-07 00:30:00,2.7657092318871634,0.0
2046-05-07 01:00:00,2.7657092318871634,0.0
2046-05-07 01:30:00,2.7657092318871634,-0.014213486013661115
2046-05-07 02:00:00,2.7722474354534477,0.0
2046-05-07 02:30:00,2.7722474354534477,-0.014213486013661115
2046-05-07 03:00:00,2.778785639019732,-0.014213486013661115
2046-05-07 03:30:00,2.785323842586016,0.0
2046-05-07 04:00:00,2.785323842586016,-0.014213486013661115
2046-05-07 04:30:00,2.7918620461523003,-0.014213486013661115
2046-05-07 05:00:00,2.7984002497185845,-0.013740247859594407
2046-05-07 05:30:00,2.804720763733998,-0.014213486013661115
2046-05-07 06:00:00,2.811258967300282,0.0
2046-05-07 06:30:00,2.811258967300282,0.0
2046-05-07 07:00:00,2.811258967300282,0.0
2046-05-07 07:30:00,2.811258967300282,-0.014213486013661115
2046-05-07 08:00:00,2.8177971708665663,-0.014213486013661115
2046-05-07 08:30:00,2.8243353744328505,-0.014213486013661115
2046-05-07 09:00:00,2.8308735779991347,-0.014213486013661115
2046-05-07 09:30:00,2.837411781565419,-0.014213486013661115
2046-05-07 10:00:00,2.843949985131703,-0.014213486013661115
2046-05-07 10:30:00,2.8504881886979874,-0.014213486013661115
2046-05-07 11:00:00,2.8570263922642716,-0.014213486013661115
2046-05-07 11:30:00,2.863564595830556,-0.014213486013661115
2046-05-07 12:00:00,2.87010279939684,-0.014213486013661115
2046-05-07 12:30:00,2.876641002963124,-0.014213486013661115
2046-05-07 13:00:00,2.8831792065294084,-0.014213486013661115
2046-05-07 13:30:00,2.8897174100956926,-0.014213486013661115
2046-05-07 14:00:00,2.896255613661977,-0.014213486013661115
2046-05-07 14:30:00,2.902793817228261,-0.014213486013661115
2046-05-07 15:00:00,2.9093320207945452,-0.014213486013661115
2046-05-07 15:30:00,2.9158702243608294,-0.014213486013661115
2046-05-07 16:00:00,2.9224084279271136,-0.014213486013661115
2046-05-07 16:30:00,2.928946631493398,0.0
2046-05-07 17:00:00,2.928946631493398,0.0
2046-05-07 17:30:00,2.928946631493398,0.0
2046-05-07 18:00:00,2.928946631493398,0.0
2046-05-07 18:30:00,2.928946631493398,0.0
2046-05-07 19:00:00,2.928946631493398,0.0
2046-05-07 19:30:00,2.928946631493398,0.0
2046-05-07 20:00:00,2.928946631493398,0.0
2046-05-07 20:30:00,2.928946631493398,0.0
2046-05-07 21:00:00,2.928946631493398,0.0
2046-05-07 21:30:00,2.928946631493398,0.0
2046-05-07 22:00:00,2.928946631493398,0.0
2046-05-07 22:30:00,2.928946631493398,0.0
2046-05-07 23:00:00,2.928946631493398,0.0
2046-05-07 23:30:00,2.928946631493398,0.0
2046-05-08 00:00:00,2.928946631493398,0.0
2046-05-08 00:30:00,2.928946631493398,0.0
2046-05-08 01:00:00,2.928946631493398,0.0
2046-05-08 01:30:00,2.928946631493398,0.0
2046-05-08 02:00:00,2.928946631493398,0.0
2046-05-08 02:30:00,2.928946631493398,0.0
2046-05-08 03:00:00,2.928946631493398,0.0
2046-05-08 03:30:00,2.928946631493398,0.0
2046-05-08 04:00:00,2.928946631493398,0.0
2046-05-08 04:30:00,2.928946631493398,0.0
2046-05-08 05:00:00,2.928946631493398,0.0
2046-05-08 05:30:00,2.928946631493398,-0.014213486013661115
2046-05-08 06:00:00,2.935484835059682,0.0
2046-05-08 06:30:00,2.935484835059682,-0.014213486013661115
2046-05-08 07:00:00,2.9420230386259663,0.0
2046-05-08 07:30:00,2.9420230386259663,0.0
2046-05-08 08:00:00,2.9420230386259663,-0.014213486013661115
2046-05-08 08:30:00,2.9485612421922505,-0.014213486013661115
2046-05-08 09:00:00,2.9550994457585347,-0.014213486013661115
2046-05-08 09:30:00,2.961637649324819,-0.014213486013661115
2046-05-08 10:00:00,2.968175852891103,-0.014213486013661115
2046-05-08 10:30:00,2.9747140564573873,-0.014213486013661115
2046-05-08 11:00:00,2.9812522600236715,-0.014213486013661115
2046-05-08 11:30:00,2.9877904635899557,-0.014213486013661115
2046-05-08 12:00:00,2.99432866715624,-0.014213486013661115
2046-05-08 12:30:00,3.000866870722524,-0.014213486013661115
2046-05-08 13:00:00,3.0074050742888083,-0.014213486013661115
2046-05-08 13:30:00,3.0139432778550925,-0.014213486013661115
2046-05-08 14:00:00,3.0204814814213767,0.0
2046-05-08 14:30:00,3.0204814814213767,0.0
2046-05-08 15:00:00,3.0204814814213767,0.0
2046-05-08 15:30:00,3.0204814814213767,0.0
2046-05-08 16:00:00,3.0204814814213767,0.0
2046-05-08 16:30:00,3.0204814814213767,0.0
2046-05-08 17:00:00,3.0204814814213767,0.0
2046-05-08 17:30:00,3.0204814814213767,0.0
2046-05-08 18:00:00,3.0204814814213767,0.0
2046-05-08 18:30:00,3.0204814814213767,0.0
2046-05-08 19:00:00,3.0204814814213767,0.0
2046-05-08 19:30:00,3.0204814814213767,0.0
2046-05-08 20:00:00,3.0204814814213767,0.0
2046-05-08 20:30:00,3.0204814814213767,0.0
2046-05-08 21:00:00,3.0204814814213767,0.0
2046-05-08 21:30:00,3.0204814814213767,0.0
2046-05-08 22:00:00,3.0204814814213767,0.0
2046-05-08 22:30:00,3.0204814814213767,0.0
2046-05-08 23:00:00,3.0204814814213767,0.0
2046-05-08 23:30:00,3.0204814814213767,0.0
2046-05-09 00:00:00,3.0204814814213767,0.0
2046-05-09 00:30:00,3.0204814814213767,0.0
2046-05-09 01:00:00,3.0204814814213767,0.0
2046-05-09 01:30:00,3.0204814814213767,0.0
2046-05-09 02:00:00,3.0204814814213767,0.0
2046-05-09 02:30:00,3.0204814814213767,0.0
2046-05-09 03:00:00,3.0204814814213767,0.0
2046-05-09 03:30:00,3.0204814814213767,0.0
2046-05-09 04:00:00,3.0204814814213767,0.0
2046-05-09 04:30:00,3.0204814814213767,0.0
2046-05-09 05:00:00,3.0204814814213767,0.0
2046-05-09 05:30:00,3.0204814814213767,0.014213486013661115
2046-05-09 06:00:00,3.0127567607617722,0.0
2046-05-09 06:30:00,3.0127567607617722,0.0
2046-05-09 07:00:00,3.0127567607617722,0.0
2046-05-09 07:30:00,3.0127567607617722,0.0
2046-05-09 08:00:00,3.0127567607617722,0.0
2046-05-09 08:30:00,3.0127567607617722,0.0
2046-05-09 09:00:00,3.0127567607617722,0.0
2046-05-09 09:30:00,3.0127567607617722,0.0
2046-05-09 10:00:00,3.0127567607617722,0.0
2046-05-09 10:30:00,3.0127567607617722,-0.0025793849854789
2046-05-09 11:00:00,3.0139432778550925,-0.014213486013661115
2046-05-09 11:30:00,3.0204814814213767,0.0
2046-05-09 12:00:00,3.0204814814213767,0.0
2046-05-09 12:30:00,3.0204814814213767,0.0
2046-05-09 13:00:00,3.0204814814213767,0.0
2046-05-09 13:30:00,3.0204814814213767,0.0
2046-05-09 14:00:00,3.0204814814213767,0.0
2046-05-09 14:30:00,3.0204814814213767,0.0
2046-05-09 15:00:00,3.0204814814213767,0.0
2046-05-09 15:30:00,3.0204814814213767,0.0
2046-05-09 16:00:00,3.0204814814213767,0.0
2046-05-09 16:30:00,3.0204814814213767,0.0
2046-05-09 17:00:00,3.0204814814213767,0.0
2046-05-09 17:30:00,3.0204814814213767,0.0
2046-05-09 18:00:00,3.0204814814213767,0.0
2046-05-09 18:30:00,3.0204814814213767,0.0
2046-05-09 19:00:00,3.0204814814213767,0.0
2046-05-09 19:30:00,3.0204814814213767,0.0
2046-05-09 20:00:00,3.0204814814213767,0.0
2046-05-09 20:30:00,3.0204814814213767,0.0
2046-05-09 21:00:00,3.0204814814213767,0.0
2046-05-09 21:30:00,3.0204814814213767,0.0
2046-05-09 22:00:00,3.0204814814213767,0.0
2046-05-09 22:30:00,3.0204814814213767,0.0
2046-05-09 23:00:00,3.0204814814213767,0.0
2046-05-09 23:30:00,3.0204814814213767,0.0
2046-05-10 00:00:00,3.0204814814213767,0.0
2046-05-10 00:30:00,3.0204814814213767,0.0
2046-05-10 01:00:00,3.0204814814213767,0.0
2046-05-10 01:30:00,3.0204814814213767,0.014213486013661115
2046-05-10 02:00:00,3.0127567607617722,0.014213486013661115
2046-05-10 02:30:00,3.0050320401021677,0.014213486013661115
2046-05-10 03:00:00,2.9973073194425632,0.014213486013661115
2046-05-10 03:30:00,2.9895825987829587,0.0
2046-05-10 04:00:00,2.9895825987829587,0.014213486013661115
2046-05-10 04:30:00,2.9818578781233542,0.014213486013661115
2046-05-10 05:00:00,2.9741331574637497,0.014213486013661115
2046-05-10 05:30:00,2.9664084368041452,0.014213486013661115
2046-05-10 06:00:00,2.9586837161445407,0.0
2046-05-10 06:30:00,2.9586837161445407,0.014213486013661115
2046-05-10 07:00:00,2.9509589954849362,0.014213486013661115
2046-05-10 07:30:00,2.9432342748253317,0.0
2046-05-10 08:00:00,2.9432342748253317,0.0
2046-05-10 08:30:00,2.9432342748253317,0.0
2046-05-10 09:00:00,2.9432342748253317,0.0
2046-05-10 09:30:00,2.9432342748253317,-0.014213486013661115
2046-05-10 10:00:00,2.949772478391616,-0.014213486013661115
2046-05-10 10:30:00,2.9563106819579,-0.014213486013661115
2046-05-10 11:00:00,2.9628488855241844,-0.014213486013661115
2046-05-10 11:30:00,2.9693870890904686,-0.014213486013661115
2046-05-10 12:00:00,2.9759252926567528,-0.014213486013661115
2046-05-10 12:30:00,2.982463496223037,-0.014213486013661115
2046-05-10 13:00:00,2.989001699789321,-0.014213486013661115
2046-05-10 13:30:00,2.9955399033556054,-0.011580363841127681
2046-05-10 14:00:00,3.000866870722524,-0.014213486013661115
2046-05-10 14:30:00,3.0074050742888083,-0.014213486013661115
2046-05-10 15:00:00,3.0139432778550925,-0.014213486013661115
2046-05-10 15:30:00,3.0204814814213767,0.0
2046-05-10 16:00:00,3.0204814814213767,0.0
2046-05-10 16:30:00,3.0204814814213767,0.0
2046-05-10 17:00:00,3.0204814814213767,0.0
2046-05-10 17:30:00,3.0204814814213767,0.0
2046-05-10 18:00:00,3.0204814814213767,0.0
2046-05-10 18:30:00,3.0204814814213767,0.0
2046-05-10 19:00:00,3.0204814814213767,0.014213486013661115
2046-05-10 19:30:00,3.0127567607617722,0.0
2046-05-10 20:00:00,3.0127567607617722,0.0
2046-05-10 20:30:00,3.0127567607617722,0.0
2046-05-10 21:00:00,3.0127567607617722,0.0
2046-05-10 21:30:00,3.0127567607617722,0.0
2046-05-10 22:00:00,3.0127567607617722,0.0
2046-05-10 22:30:00,3.0127567607617722,0.0
2046-05-10 23:00:00,3.0127567607617722,0.014213486013661115
2046-05-10 23:30:00,3.0050320401021677,0.0
2046-05-11 00:00:00,3.0050320401021677,0.0
2046-05-11 00:30:00,3.0050320401021677,0.0
2046-05-11 01:00:00,3.0050320401021677,0.0
2046-05-11 01:30:00,3.0050320401021677,0.014213486013661115
2046-05-11 02:00:00,2.9973073194425632,0.0
2046-05-11 02:30:00,2.9973073194425632,0.0
2046-05-11 03:00:00,2.9973073194425632,0.0
2046-05-11 03:30:00,2.9973073194425632,0.0
2046-05-11 04:00:00,2.9973073194425632,0.0
2046-05-11 04:30:00,2.9973073194425632,0.0
2046-05-11 05:00:00,2.9973073194425632,0.0
2046-05-11 05:30:00,2.9973073194425632,0.0
2046-05-11 06:00:00,2.9973073194425632,0.0
2046-05-11 06:30:00,2.9973073194425632,0.0
2046-05-11 07:00:00,2.9973073194425632,0.0
2046-05-11 07:30:00,2.9973073194425632,0.0
2046-05-11 08:00:00,2.9973073194425632,0.0
2046-05-11 08:30:00,2.9973073194425632,0.0
2046-05-11 09:00:00,2.9973073194425632,0.0
2046-05-11 09:30:00,2.9973073194425632,0.0
2046-05-11 10:00:00,2.9973073194425632,-0.0077381549564366995
2046-05-11 10:30:00,3.000866870722524,-0.014213486013661115
2046-05-11 11:00:00,3.0074050742888083,-0.014213486013661115
2046-05-11 11:30:00,3.0139432778550925,-0.014213486013661115
2046-05-11 12:00:00,3.0204814814213767,0.0
2046-05-11 12:30:00,3.0204814814213767,0.0
2046-05-11 13:00:00,3.0204814814213767,0.0
2046-05-11 13:30:00,3.0204814814213767,0.0
2046-05-11 14:00:00,3.0204814814213767,0.0
2046-05-11 14:30:00,3.0204814814213767,0.0
2046-05-11 15:00:00,3.0204814814213767,0.0
2046-05-11 15:30:00,3.0204814814213767,0.0
2046-05-11 16:00:00,3.0204814814213767,0.0
2046-05-11 16:30:00,3.0204814814213767,0.0
2046-05-11 17:00:00,3.0204814814213767,0.0
2046-05-11 17:30:00,3.0204814814213767,0.0
2046-05-11 18:00:00,3.0204814814213767,0.0
2046-05-11 18:30:00,3.0204814814213767,0.0
2046-05-11 19:00:00,3.0204814814213767,0.0
2046-05-11 19:30:00,3.0204814814213767,0.0
2046-05-11 20:00:00,3.0204814814213767,0.0
2046-05-11 20:30:00,3.0204814814213767,0.0
2046-05-11 21:00:00,3.0204814814213767,0.0
2046-05-11 21:30:00,3.0204814814213767,0.0
2046-05-11 22:00:00,3.0204814814213767,0.0
2046-05-11 22:30:00,3.0204814814213767,0.0
2046-05-11 23:00:00,3.0204814814213767,0.0
2046-05-11 23:30:00,3.0204814814213767,0.0
2046-05-12 00:00:00,3.0204814814213767,0.0
2046-05-12 00:30:00,3.0204814814213767,0.0
2046-05-12 01:00:00,3.0204814814213767,0.0
2046-05-12 01:30:00,3.0204814814213767,0.0
2046-05-12 02:00:00,3.0204814814213767,0.0
2046-05-12 02:30:00,3.0204814814213767,0.0
2046-05-12 03:00:00,3.0204814814213767,0.0
2046-05-12 03:30:00,3.0204814814213767,0.0
2046-05-12 04:00:00,3.0204814814213767,0.0
2046-05-12 04:30:00,3.0204814814213767,0.0
2046-05-12 05:00:00,3.0204814814213767,0.0
2046-05-12 05:30:00,3.0204814814213767,0.0
2046-05-12 06:00:00,3.0204814814213767,0.014213486013661115
2046-05-12 06:30:00,3.0127567607617722,0.0
2046-05-12 07:00:00,3.0127567607617722,0.014213486013661115
2046-05-12 07:30:00,3.0050320401021677,0.014213486013661115
2046-05-12 08:00:00,2.9973073194425632,0.0
2046-05-12 08:30:00,2.9973073194425632,0.0
2046-05-12 09:00:00,2.9973073194425632,0.0
2046-05-12 09:30:00,2.9973073194425632,0.0
2046-05-12 10:00:00,2.9973073194425632,0.0
2046-05-12 10:30:00,2.9973073194425632,0.0
2046-05-12 11:00:00,2.9973073194425632,0.0
2046-05-12 11:30:00,2.9973073194425632,0.0
2046-05-12 12:00:00,2.9973073194425632,0.0
2046-05-12 12:30:00,2.9973073194425632,0.0
2046-05-12 13:00:00,2.9973073194425632,-0.014213486013661115
2046-05-12 13:30:00,3.0038455230088474,0.0
2046-05-12 14:00:00,3.0038455230088474,-0.014213486013661115
2046-05-12 14:30:00,3.0103837265751316,-0.0077381549564366995
2046-05-12 15:00:00,3.0139432778550925,0.0
2046-05-12 15:30:00,3.0139432778550925,-0.014213486013661115
2046-05-12 16:00:00,3.0204814814213767,0.0
2046-05-12 16:30:00,3.0204814814213767,0.0
2046-05-12 17:00:00,3.0204814814213767,0.0
2046-05-12 17:30:00,3.0204814814213767,0.0
2046-05-12 18:00:00,3.0204814814213767,0.0
2046-05-12 18:30:00,3.0204814814213767,0.0
2046-05-12 19:00:00,3.0204814814213767,0.0
2046-05-12 19:30:00,3.0204814814213767,0.0
2046-05-12 20:00:00,3.0204814814213767,0.0
2046-05-12 20:30:00,3.0204814814213767,0.0034516499735970387
2046-05-12 21:00:00,3.0186055846965942,0.0
2046-05-12 21:30:00,3.0186055846965942,0.0
2046-05-12 22:00:00,3.0186055846965942,0.0
2046-05-12 22:30:00,3.0186055846965942,0.0
2046-05-12 23:00:00,3.0186055846965942,0.0
2046-05-12 23:30:00,3.0186055846965942,0.008578644588356645
2046-05-13 00:00:00,3.0139432778550925,0.0
2046-05-13 00:30:00,3.0139432778550925,0.0
2046-05-13 01:00:00,3.0139432778550925,0.0
2046-05-13 01:30:00,3.0139432778550925,0.0
2046-05-13 02:00:00,3.0139432778550925,0.0
2046-05-13 02:30:00,3.0139432778550925,0.0
2046-05-13 03:00:00,3.0139432778550925,0.0
2046-05-13 03:30:00,3.0139432778550925,0.0
2046-05-13 04:00:00,3.0139432778550925,0.0
2046-05-13 04:30:00,3.0139432778550925,0.0
2046-05-13 05:00:00,3.0139432778550925,0.0
2046-05-13 05:30:00,3.0139432778550925,0.0
2046-05-13 06:00:00,3.0139432778550925,0.0
2046-05-13 06:30:00,3.0139432778550925,0.0
2046-05-13 07:00:00,3.0139432778550925,0.0
2046-05-13 07:30:00,3.0139432778550925,0.0
2046-05-13 08:00:00,3.0139432778550925,0.0
2046-05-13 08:30:00,3.0139432778550925,0.0
2046-05-13 09:00:00,3.0139432778550925,0.0
2046-05-13 09:30:00,3.0139432778550925,0.0
2046-05-13 10:00:00,3.0139432778550925,0.0
2046-05-13 10:30:00,3.0139432778550925,0.0
2046-05-13 11:00:00,3.0139432778550925,0.0
2046-05-13 11:30:00,3.0139432778550925,-0.014213486013661115
2046-05-13 12:00:00,3.0204814814213767,0.0
2046-05-13 12:30:00,3.0204814814213767,0.0
2046-05-13 13:00:00,3.0204814814213767,0.0
2046-05-13 13:30:00,3.0204814814213767,0.0
2046-05-13 14:00:00,3.0204814814213767,0.0
2046-05-13 14:30:00,3.0204814814213767,0.0
2046-05-13 15:00:00,3.0204814814213767,0.0
2046-05-13 15:30:00,3.0204814814213767,0.0
2046-05-13 16:00:00,3.0204814814213767,0.0
2046-05-13 16:30:00,3.0204814814213767,0.0
2046-05-13 17:00:00,3.0204814814213767,0.0
2046-05-13 17:30:00,3.0204814814213767,0.0
2046-05-13 18:00:00,3.0204814814213767,0.0
2046-05-13 18:30:00,3.0204814814213767,0.0
2046-05-13 19:00:00,3.0204814814213767,0.0
2046-05-13 19:30:00,3.0204814814213767,0.0
2046-05-13 20:00:00,3.0204814814213767,0.0
2046-05-13 20:30:00,3.0204814814213767,0.0
2046-05-13 21:00:00,3.0204814814213767,0.0
2046-05-13 21:30:00,3.0204814814213767,0.0
2046-05-13 22:00:00,3.0204814814213767,0.0
2046-05-13 22:30:00,3.0204814814213767,0.0
2046-05-13 23:00:00,3.0204814814213767,0.0
2046-05-13 23:30:00,3.0204814814213767,0.0
2046-05-14 00:00:00,3.0204814814213767,0.0
2046-05-14 00:30:00,3.0204814814213767,0.0
2046-05-14 01:00:00,3.0204814814213767,0.0
2046-05-14 01:30:00,3.0204814814213767,0.0
2046-05-14 02:00:00,3.0204814814213767,0.0
2046-05-14 02:30:00,3.0204814814213767,0.0
2046-05-14 03:00:00,3.0204814814213767,0.0
2046-05-14 03:30:00,3.0204814814213767,0.0
2046-05-14 04:00:00,3.0204814814213767,0.0
2046-05-14 04:30:00,3.0204814814213767,0.0
2046-05-14 05:00:00,3.0204814814213767,0.0
2046-05-14 05:30:00,3.0204814814213767,0.0
2046-05-14 06:00:00,3.0204814814213767,0.0
2046-05-14 06:30:00,3.0204814814213767,0.0
2046-05-14 07:00:00,3.0204814814213767,0.0
2046-05-14 07:30:00,3.0204814814213767,0.0
2046-05-14 08:00:00,3.0204814814213767,0.0
2046-05-14 08:30:00,3.0204814814213767,0.0
2046-05-14 09:00:00,3.0204814814213767,0.0
2046-05-14 09:30:00,3.0204814814213767,0.0
2046-05-14 10:00:00,3.0204814814213767,0.0
2046-05-14 10:30:00,3.0204814814213767,0.0
2046-05-14 11:00:00,3.0204814814213767,0.0008137718139999972
2046-05-14 11:30:00,3.020039214131159,0.0004862814980000074
2046-05-14 12:00:00,3.019774930708333,0.0006914224560000681
2046-05-14 12:30:00,3.0193991576344197,0.0018282475035791257
2046-05-14 13:00:00,3.0184055448607348,0.0020999545720000734
2046-05-14 13:30:00,3.017264265202038,0.0
2046-05-14 14:00:00,3.017264265202038,0.0
2046-05-14 14:30:00,3.017264265202038,0.0
2046-05-14 15:00:00,3.017264265202038,0.0
2046-05-14 15:30:00,3.017264265202038,0.0
2046-05-14 16:00:00,3.017264265202038,0.0
2046-05-14 16:30:00,3.017264265202038,0.0
2046-05-14 17:00:00,3.017264265202038,0.0
2046-05-14 17:30:00,3.017264265202038,0.0
2046-05-14 18:00:00,3.017264265202038,0.014213486013661115
2046-05-14 18:30:00,3.0095395445424336,0.0
2046-05-14 19:00:00,3.0095395445424336,0.0
2046-05-14 19:30:00,3.0095395445424336,0.0
2046-05-14 20:00:00,3.0095395445424336,0.0
2046-05-14 20:30:00,3.0095395445424336,0.0
2046-05-14 21:00:00,3.0095395445424336,0.0
2046-05-14 21:30:00,3.0095395445424336,0.0
2046-05-14 22:00:00,3.0095395445424336,0.014213486013661115
2046-05-14 22:30:00,3.001814823882829,0.014213486013661115
2046-05-14 23:00:00,2.9940901032232246,0.0
2046-05-14 23:30:00,2.9940901032232246,0.0
2046-05-15 00:00:00,2.9940901032232246,0.014213486013661115
2046-05-15 00:30:00,2.986365382563619,0.014213486013661115
2046-05-15 01:00:00,2.9786406619040147,0.014213486013661115
2046-05-15 01:30:00,2.97091594124441,0.014213486013661115
2046-05-15 02:00:00,2.9631912205848057,0.0
2046-05-15 02:30:00,2.9631912205848057,0.0
2046-05-15 03:00:00,2.9631912205848057,0.014213486013661115
2046-05-15 03:30:00,2.955466499925201,0.014213486013661115
2046-05-15 04:00:00,2.9477417792655958,0.014213486013661115
2046-05-15 04:30:00,2.9400170586059913,0.014213486013661115
2046-05-15 05:00:00,2.9322923379463868,0.014213486013661115
2046-05-15 05:30:00,2.9245676172867823,0.014213486013661115
2046-05-15 06:00:00,2.9168428966271778,0.014213486013661115
2046-05-15 06:30:00,2.9091181759675733,0.014213486013661115
2046-05-15 07:00:00,2.9013934553079688,0.014213486013661115
2046-05-15 07:30:00,2.8936687346483643,0.014213486013661115
2046-05-15 08:00:00,2.8859440139887598,0.0
2046-05-15 08:30:00,2.8859440139887598,0.0
2046-05-15 09:00:00,2.8859440139887598,0.0
2046-05-15 09:30:00,2.8859440139887598,0.0
2046-05-15 10:00:00,2.8859440139887598,0.0
2046-05-15 10:30:00,2.8859440139887598,-0.014213486013661115
2046-05-15 11:00:00,2.892482217555044,0.0
2046-05-15 11:30:00,2.892482217555044,0.0
2046-05-15 12:00:00,2.892482217555044,0.0
2046-05-15 12:30:00,2.892482217555044,0.0
2046-05-15 13:00:00,2.892482217555044,0.0
2046-05-15 13:30:00,2.892482217555044,0.0
2046-05-15 14:00:00,2.892482217555044,0.0
2046-05-15 14:30:00,2.892482217555044,0.0
2046-05-15 15:00:00,2.892482217555044,0.0
2046-05-15 15:30:00,2.892482217555044,0.0
2046-05-15 16:00:00,2.892482217555044,0.0
2046-05-15 16:30:00,2.892482217555044,0.0
2046-05-15 17:00:00,2.892482217555044,0.0
2046-05-15 17:30:00,2.892482217555044,0.0
2046-05-15 18:00:00,2.892482217555044,0.013353669522808247
2046-05-15 18:30:00,2.8852247884665556,0.0
2046-05-15 19:00:00,2.8852247884665556,0.014213486013661115
2046-05-15 19:30:00,2.877500067806951,0.0
2046-05-15 20:00:00,2.877500067806951,0.014213486013661115
2046-05-15 20:30:00,2.869775347147346,0.014213486013661115
2046-05-15 21:00:00,2.8620506264877417,0.0
2046-05-15 21:30:00,2.8620506264877417,0.014213486013661115
2046-05-15 22:00:00,2.854325905828137,0.0076502668388515604
2046-05-15 22:30:00,2.8501681521113666,0.0
2046-05-15 23:00:00,2.8501681521113666,0.0
2046-05-15 23:30:00,2.8501681521113666,0.013988483935272696
2046-05-16 00:00:00,2.8425657151900166,0.0
2046-05-16 00:30:00,2.8425657151900166,0.0
2046-05-16 01:00:00,2.8425657151900166,0.014213486013661115
2046-05-16 01:30:00,2.834840994530412,0.014213486013661115
2046-05-16 02:00:00,2.8271162738708076,0.014213486013661115
2046-05-16 02:30:00,2.819391553211203,0.0
2046-05-16 03:00:00,2.819391553211203,0.014213486013661115
2046-05-16 03:30:00,2.8116668325515985,0.014213486013661115
2046-05-16 04:00:00,2.803942111891994,0.014213486013661115
2046-05-16 04:30:00,2.7962173912323895,0.0
2046-05-16 05:00:00,2.7962173912323895,0.014213486013661115
2046-05-16 05:30:00,2.788492670572785,0.014213486013661115
2046-05-16 06:00:00,2.7807679499131805,0.014213486013661115
2046-05-16 06:30:00,2.773043229253576,0.0
2046-05-16 07:00:00,2.773043229253576,0.014213486013661115
2046-05-16 07:30:00,2.7653185085939715,0.014213486013661115
2046-05-16 08:00:00,2.757593787934367,0.0
2046-05-16 08:30:00,2.757593787934367,0.0
2046-05-16 09:00:00,2.757593787934367,0.0
2046-05-16 09:30:00,2.757593787934367,-0.014213486013661115
2046-05-16 10:00:00,2.7641319915006513,0.0
2046-05-16 10:30:00,2.7641319915006513,-0.014213486013661115
2046-05-16 11:00:00,2.7706701950669355,0.0
2046-05-16 11:30:00,2.7706701950669355,0.0
2046-05-16 12:00:00,2.7706701950669355,0.0
2046-05-16 12:30:00,2.7706701950669355,0.0
2046-05-16 13:00:00,2.7706701950669355,0.0
2046-05-16 13:30:00,2.7706701950669355,-0.014213486013661115
2046-05-16 14:00:00,2.7772083986332197,0.0
2046-05-16 14:30:00,2.7772083986332197,0.0
2046-05-16 15:00:00,2.7772083986332197,0.0
2046-05-16 15:30:00,2.7772083986332197,-0.014213486013661115
2046-05-16 16:00:00,2.783746602199504,0.0
2046-05-16 16:30:00,2.783746602199504,0.0
2046-05-16 17:00:00,2.783746602199504,0.0
2046-05-16 17:30:00,2.783746602199504,0.0
2046-05-16 18:00:00,2.783746602199504,0.014213486013661115
2046-05-16 18:30:00,2.7760218815398994,0.0
2046-05-16 19:00:00,2.7760218815398994,0.0
2046-05-16 19:30:00,2.7760218815398994,0.0
2046-05-16 20:00:00,2.7760218815398994,0.0
2046-05-16 20:30:00,2.7760218815398994,0.0
2046-05-16 21:00:00,2.7760218815398994,0.0
2046-05-16 21:30:00,2.7760218815398994,0.0
2046-05-16 22:00:00,2.7760218815398994,0.0
2046-05-16 22:30:00,2.7760218815398994,0.0
2046-05-16 23:00:00,2.7760218815398994,0.0
2046-05-16 23:30:00,2.7760218815398994,0.0
2046-05-17 00:00:00,2.7760218815398994,0.0
2046-05-17 00:30:00,2.7760218815398994,0.014213486013661115
2046-05-17 01:00:00,2.768297160880295,0.0
2046-05-17 01:30:00,2.768297160880295,0.0
2046-05-17 02:00:00,2.768297160880295,0.0
2046-05-17 02:30:00,2.768297160880295,0.014213486013661115
2046-05-17 03:00:00,2.7605724402206904,0.0
2046-05-17 03:30:00,2.7605724402206904,0.014213486013661115
2046-05-17 04:00:00,2.752847719561086,0.0
2046-05-17 04:30:00,2.752847719561086,0.014213486013661115
2046-05-17 05:00:00,2.7451229989014814,0.0
2046-05-17 05:30:00,2.7451229989014814,0.014213486013661115
2046-05-17 06:00:00,2.737398278241877,0.0
2046-05-17 06:30:00,2.737398278241877,0.014213486013661115
2046-05-17 07:00:00,2.7296735575822724,0.0
2046-05-17 07:30:00,2.7296735575822724,0.014213486013661115
2046-05-17 08:00:00,2.721948836922668,0.0
2046-05-17 08:30:00,2.721948836922668,0.0
2046-05-17 09:00:00,2.721948836922668,-0.014213486013661115
2046-05-17 09:30:00,2.728487040488952,0.0
2046-05-17 10:00:00,2.728487040488952,-0.014213486013661115
2046-05-17 10:30:00,2.7350252440552523,-0.014213486013661115
2046-05-17 11:00:00,2.7415634476215365,-0.014213486013661115
2046-05-17 11:30:00,2.7481016511878207,-0.014213486013661115
2046-05-17 12:00:00,2.754639854754105,-0.014213486013661115
2046-05-17 12:30:00,2.761178058320389,-0.014213486013661115
2046-05-17 13:00:00,2.7677162618866733,-0.014213486013661115
2046-05-17 13:30:00,2.7742544654529575,-0.014213486013661115
2046-05-17 14:00:00,2.7807926690192417,-0.014213486013661115
2046-05-17 14:30:00,2.787330872585526,-0.014213486013661115
2046-05-17 15:00:00,2.79386907615181,-0.014213486013661115
2046-05-17 15:30:00,2.8004072797180943,0.0
2046-05-17 16:00:00,2.8004072797180943,0.0
2046-05-17 16:30:00,2.8004072797180943,0.0
2046-05-17 17:00:00,2.8004072797180943,0.0
2046-05-17 17:30:00,2.8004072797180943,0.0
2046-05-17 18:00:00,2.8004072797180943,0.0
2046-05-17 18:30:00,2.8004072797180943,0.0
2046-05-17 19:00:00,2.8004072797180943,0.0
2046-05-17 19:30:00,2.8004072797180943,0.0
2046-05-17 20:00:00,2.8004072797180943,0.0
2046-05-17 20:30:00,2.8004072797180943,0.0
2046-05-17 21:00:00,2.8004072797180943,0.0
2046-05-17 21:30:00,2.8004072797180943,0.0
2046-05-17 22:00:00,2.8004072797180943,0.0
2046-05-17 22:30:00,2.8004072797180943,0.0
2046-05-17 23:00:00,2.8004072797180943,0.0
2046-05-17 23:30:00,2.8004072797180943,0.0
2046-05-18 00:00:00,2.8004072797180943,0.0
2046-05-18 00:30:00,2.8004072797180943,0.0
2046-05-18 01:00:00,2.8004072797180943,0.0
2046-05-18 01:30:00,2.8004072797180943,0.0
2046-05-18 02:00:00,2.8004072797180943,0.0
2046-05-18 02:30:00,2.8004072797180943,0.0
2046-05-18 03:00:00,2.8004072797180943,0.0
2046-05-18 03:30:00,2.8004072797180943,0.0
2046-05-18 04:00:00,2.8004072797180943,0.0
2046-05-18 04:30:00,2.8004072797180943,0.0
2046-05-18 05:00:00,2.8004072797180943,0.0
2046-05-18 05:30:00,2.8004072797180943,0.0
2046-05-18 06:00:00,2.8004072797180943,0.0
2046-05-18 06:30:00,2.8004072797180943,0.0
2046-05-18 07:00:00,2.8004072797180943,0.0
2046-05-18 07:30:00,2.8004072797180943,0.0
2046-05-18 08:00:00,2.8004072797180943,0.0
2046-05-18 08:30:00,2.8004072797180943,0.0
2046-05-18 09:00:00,2.8004072797180943,0.0
2046-05-18 09:30:00,2.8004072797180943,0.0
2046-05-18 10:00:00,2.8004072797180943,0.0
2046-05-18 10:30:00,2.8004072797180943,0.0
2046-05-18 11:00:00,2.8004072797180943,0.0
2046-05-18 11:30:00,2.8004072797180943,0.0
2046-05-18 12:00:00,2.8004072797180943,0.0
2046-05-18 12:30:00,2.8004072797180943,-0.014213486013661115
2046-05-18 13:00:00,2.806945483284378,-0.014213486013661115
2046-05-18 13:30:00,2.8134836868506623,0.0
2046-05-18 14:00:00,2.8134836868506623,0.0
2046-05-18 14:30:00,2.8134836868506623,0.0
2046-05-18 15:00:00,2.8134836868506623,-0.014213486013661115
2046-05-18 15:30:00,2.8200218904169465,0.0
2046-05-18 16:00:00,2.8200218904169465,0.0
2046-05-18 16:30:00,2.8200218904169465,0.0
2046-05-18 17:00:00,2.8200218904169465,0.0
2046-05-18 17:30:00,2.8200218904169465,0.0
2046-05-18 18:00:00,2.8200218904169465,0.0
2046-05-18 18:30:00,2.8200218904169465,0.0
2046-05-18 19:00:00,2.8200218904169465,0.0
2046-05-18 19:30:00,2.8200218904169465,0.0
2046-05-18 20:00:00,2.8200218904169465,0.0
2046-05-18 20:30:00,2.8200218904169465,0.014213486013661115
2046-05-18 21:00:00,2.812297169757342,0.014213486013661115
2046-05-18 21:30:00,2.8045724490977366,0.014213486013661115
2046-05-18 22:00:00,2.796847728438132,0.014213486013661115
2046-05-18 22:30:00,2.7891230077785276,0.014213486013661115
2046-05-18 23:00:00,2.781398287118923,0.014213486013661115
2046-05-18 23:30:00,2.7736735664593186,0.014213486013661115
2046-05-19 00:00:00,2.765948845799714,0.014213486013661115
2046-05-19 00:30:00,2.7582241251401096,0.014213486013661115
2046-05-19 01:00:00,2.750499404480505,0.014213486013661115
2046-05-19 01:30:00,2.7427746838209006,0.014213486013661115
2046-05-19 02:00:00,2.735049963161296,0.014213486013661115
2046-05-19 02:30:00,2.7273252425016916,0.014213486013661115
2046-05-19 03:00:00,2.719600521842087,0.014213486013661115
2046-05-19 03:30:00,2.7118758011824826,0.014213486013661115
2046-05-19 04:00:00,2.704151080522878,0.014213486013661115
2046-05-19 04:30:00,2.6964263598632736,0.014213486013661115
2046-05-19 05:00:00,2.6887016392036687,0.014213486013661115
2046-05-19 05:30:00,2.680976918544064,0.014213486013661115
2046-05-19 06:00:00,2.6732521978844597,0.014213486013661115
2046-05-19 06:30:00,2.665527477224855,0.014213486013661115
2046-05-19 07:00:00,2.6578027565652502,0.014213486013661115
2046-05-19 07:30:00,2.6500780359056457,0.014213486013661115
2046-05-19 08:00:00,2.642353315246041,0.0
2046-05-19 08:30:00,2.642353315246041,0.0
2046-05-19 09:00:00,2.642353315246041,0.0
2046-05-19 09:30:00,2.642353315246041,0.0
2046-05-19 10:00:00,2.642353315246041,0.0
2046-05-19 10:30:00,2.642353315246041,0.0
2046-05-19 11:00:00,2.642353315246041,0.0
2046-05-19 11:30:00,2.642353315246041,0.0
2046-05-19 12:00:00,2.642353315246041,0.0
2046-05-19 12:30:00,2.642353315246041,0.0
2046-05-19 13:00:00,2.642353315246041,0.0
2046-05-19 13:30:00,2.642353315246041,0.0
2046-05-19 14:00:00,2.642353315246041,0.0
2046-05-19 14:30:00,2.642353315246041,0.0
2046-05-19 15:00:00,2.642353315246041,0.0
2046-05-19 15:30:00,2.642353315246041,0.0
2046-05-19 16:00:00,2.642353315246041,0.0
2046-05-19 16:30:00,2.642353315246041,0.0
2046-05-19 17:00:00,2.642353315246041,0.0
2046-05-19 17:30:00,2.642353315246041,0.0
2046-05-19 18:00:00,2.642353315246041,0.0
2046-05-19 18:30:00,2.642353315246041,0.0
2046-05-19 19:00:00,2.642353315246041,0.0
2046-05-19 19:30:00,2.642353315246041,0.0
2046-05-19 20:00:00,2.642353315246041,0.0
2046-05-19 20:30:00,2.642353315246041,0.0
2046-05-19 21:00:00,2.642353315246041,0.0
2046-05-19 21:30:00,2.642353315246041,0.0
2046-05-19 22:00:00,2.642353315246041,0.0
2046-05-19 22:30:00,2.642353315246041,0.014213486013661115
2046-05-19 23:00:00,2.6346285945864363,0.014213486013661115
2046-05-19 23:30:00,2.626903873926832,0.014213486013661115
2046-05-20 00:00:00,2.6191791532672273,0.014213486013661115
2046-05-20 00:30:00,2.6114544326076228,0.014213486013661115
2046-05-20 01:00:00,2.6037297119480183,0.014213486013661115
2046-05-20 01:30:00,2.5960049912884138,0.014213486013661115
2046-05-20 02:00:00,2.5882802706288093,0.014213486013661115
2046-05-20 02:30:00,2.5805555499692048,0.014213486013661115
2046-05-20 03:00:00,2.5728308293096003,0.014213486013661115
2046-05-20 03:30:00,2.5651061086499953,0.014213486013661115
2046-05-20 04:00:00,2.557381387990391,0.014213486013661115
2046-05-20 04:30:00,2.549656667330786,0.014213486013661115
2046-05-20 05:00:00,2.5419319466711814,0.014213486013661115
2046-05-20 05:30:00,2.5342072260115764,0.014213486013661115
2046-05-20 06:00:00,2.526482505351972,0.014213486013661115
2046-05-20 06:30:00,2.518757784692367,0.014213486013661115
2046-05-20 07:00:00,2.5110330640327625,0.014213486013661115
2046-05-20 07:30:00,2.503308343373158,0.014213486013661115
2046-05-20 08:00:00,2.4955836227135535,0.0
2046-05-20 08:30:00,2.4955836227135535,0.0
2046-05-20 09:00:00,2.4955836227135535,0.0
2046-05-20 09:30:00,2.4955836227135535,0.0
2046-05-20 10:00:00,2.4955836227135535,-0.014213486013661115
2046-05-20 10:30:00,2.5021218262798373,0.0
2046-05-20 11:00:00,2.5021218262798373,-0.014213486013661115
2046-05-20 11:30:00,2.5086600298461215,0.0
2046-05-20 12:00:00,2.5086600298461215,-0.014213486013661115
2046-05-20 12:30:00,2.5151982334124057,0.0
2046-05-20 13:00:00,2.5151982334124057,-0.014213486013661115
2046-05-20 13:30:00,2.52173643697869,0.0
2046-05-20 14:00:00,2.52173643697869,-0.014213486013661115
2046-05-20 14:30:00,2.528274640544974,0.0
2046-05-20 15:00:00,2.528274640544974,-0.014213486013661115
2046-05-20 15:30:00,2.5348128441112583,0.0
2046-05-20 16:00:00,2.5348128441112583,0.0
2046-05-20 16:30:00,2.5348128441112583,0.0
2046-05-20 17:00:00,2.5348128441112583,0.0
2046-05-20 17:30:00,2.5348128441112583,0.014213486013661115
2046-05-20 18:00:00,2.5270881234516533,0.014213486013661115
2046-05-20 18:30:00,2.519363402792049,0.0
2046-05-20 19:00:00,2.519363402792049,0.0
2046-05-20 19:30:00,2.519363402792049,0.0
2046-05-20 20:00:00,2.519363402792049,0.014213486013661115
2046-05-20 20:30:00,2.5116386821324443,0.0
2046-05-20 21:00:00,2.5116386821324443,0.014213486013661115
2046-05-20 21:30:00,2.5039139614728394,0.014213486013661115
2046-05-20 22:00:00,2.496189240813235,0.014213486013661115
2046-05-20 22:30:00,2.4884645201536304,0.014213486013661115
2046-05-20 23:00:00,2.480739799494026,0.014213486013661115
2046-05-20 23:30:00,2.4730150788344214,0.014213486013661115
2046-05-21 00:00:00,2.465290358174817,0.014213486013661115
2046-05-21 00:30:00,2.4575656375152124,0.014213486013661115
2046-05-21 01:00:00,2.449840916855608,0.014213486013661115
2046-05-21 01:30:00,2.4421161961960034,0.014213486013661115
2046-05-21 02:00:00,2.434391475536399,0.014213486013661115
2046-05-21 02:30:00,2.4266667548767944,0.014213486013661115
2046-05-21 03:00:00,2.41894203421719,0.014213486013661115
2046-05-21 03:30:00,2.4112173135575854,0.014213486013661115
2046-05-21 04:00:00,2.403492592897981,0.014213486013661115
2046-05-21 04:30:00,2.3957678722383764,0.014213486013661115
2046-05-21 05:00:00,2.388043151578772,0.014213486013661115
2046-05-21 05:30:00,2.3803184309191674,0.014213486013661115
2046-05-21 06:00:00,2.372593710259563,0.014213486013661115
2046-05-21 06:30:00,2.3648689895999584,0.014213486013661115
2046-05-21 07:00:00,2.357144268940354,0.014213486013661115
2046-05-21 07:30:00,2.3494195482807494,0.014213486013661115
2046-05-21 08:00:00,2.341694827621145,0.014213486013661115
2046-05-21 08:30:00,2.3339701069615404,-0.014213486013661115
2046-05-21 09:00:00,2.3405083105278246,-0.014213486013661115
2046-05-21 09:30:00,2.347046514094109,-0.014213486013661115
2046-05-21 10:00:00,2.353584717660393,-0.014213486013661115
2046-05-21 10:30:00,2.360122921226677,-0.014213486013661115
2046-05-21 11:00:00,2.3666611247929614,-0.014213486013661115
2046-05-21 11:30:00,2.3731993283592456,-0.014213486013661115
2046-05-21 12:00:00,2.37973753192553,-0.014213486013661115
2046-05-21 12:30:00,2.386275735491814,-0.014213486013661115
2046-05-21 13:00:00,2.3928139390580982,-0.014213486013661115
2046-05-21 13:30:00,2.3993521426243825,-0.014213486013661115
2046-05-21 14:00:00,2.4058903461906667,-0.014213486013661115
2046-05-21 14:30:00,2.412428549756951,-0.014213486013661115
2046-05-21 15:00:00,2.418966753323235,-0.014213486013661115
2046-05-21 15:30:00,2.4255049568895193,-0.014213486013661115
2046-05-21 16:00:00,2.4320431604558035,-0.014213486013661115
2046-05-21 16:30:00,2.4385813640220877,0.0
2046-05-21 17:00:00,2.4385813640220877,0.0
2046-05-21 17:30:00,2.4385813640220877,0.0
2046-05-21 18:00:00,2.4385813640220877,0.0
2046-05-21 18:30:00,2.4385813640220877,0.0
2046-05-21 19:00:00,2.4385813640220877,0.0
2046-05-21 19:30:00,2.4385813640220877,0.0
2046-05-21 20:00:00,2.4385813640220877,0.0
2046-05-21 20:30:00,2.4385813640220877,0.0
2046-05-21 21:00:00,2.4385813640220877,0.0
2046-05-21 21:30:00,2.4385813640220877,0.0
2046-05-21 22:00:00,2.4385813640220877,0.0
2046-05-21 22:30:00,2.4385813640220877,0.0
2046-05-21 23:00:00,2.4385813640220877,0.0
2046-05-21 23:30:00,2.4385813640220877,0.0
2046-05-22 00:00:00,2.4385813640220877,0.0
2046-05-22 00:30:00,2.4385813640220877,0.0
2046-05-22 01:00:00,2.4385813640220877,0.0
2046-05-22 01:30:00,2.4385813640220877,-0.014213486013661115
2046-05-22 02:00:00,2.4451195675883737,0.0
2046-05-22 02:30:00,2.4451195675883737,-0.014213486013661115
2046-05-22 03:00:00,2.451657771154658,0.0
2046-05-22 03:30:00,2.451657771154658,0.0
2046-05-22 04:00:00,2.451657771154658,-0.014213486013661115
2046-05-22 04:30:00,2.458195974720942,-0.014213486013661115
2046-05-22 05:00:00,2.4647341782872263,-0.014213486013661115
2046-05-22 05:30:00,2.4712723818535105,-0.014213486013661115
2046-05-22 06:00:00,2.4778105854197947,0.0
2046-05-22 06:30:00,2.4778105854197947,-0.014213486013661115
2046-05-22 07:00:00,2.484348788986079,0.0
2046-05-22 07:30:00,2.484348788986079,-0.014213486013661115
2046-05-22 08:00:00,2.4908869925523622,-0.014213486013661115
2046-05-22 08:30:00,2.4974251961186464,-0.014213486013661115
2046-05-22 09:00:00,2.5039633996849306,-0.014213486013661115
2046-05-22 09:30:00,2.510501603251215,-0.014213486013661115
2046-05-22 10:00:00,2.517039806817499,-0.014213486013661115
2046-05-22 10:30:00,2.5235780103837833,-0.014213486013661115
2046-05-22 11:00:00,2.5301162139500675,-0.014213486013661115
2046-05-22 11:30:00,2.5366544175163517,-0.014213486013661115
2046-05-22 12:00:00,2.543192621082636,-0.014213486013661115
2046-05-22 12:30:00,2.54973082464892,-0.014213486013661115
2046-05-22 13:00:00,2.5562690282152043,-0.014213486013661115
2046-05-22 13:30:00,2.5628072317814885,-0.014213486013661115
2046-05-22 14:00:00,2.5693454353477727,-0.014213486013661115
2046-05-22 14:30:00,2.575883638914057,-0.014213486013661115
2046-05-22 15:00:00,2.582421842480341,-0.014213486013661115
2046-05-22 15:30:00,2.5889600460466253,-0.014213486013661115
2046-05-22 16:00:00,2.5954982496129095,-0.014213486013661115
2046-05-22 16:30:00,2.6020364531791937,-0.014213486013661115
2046-05-22 17:00:00,2.608574656745478,-0.014213486013661115
2046-05-22 17:30:00,2.615112860311762,-0.014213486013661115
2046-05-22 18:00:00,2.6216510638780464,-0.014213486013661115
2046-05-22 18:30:00,2.6281892674443283,-0.014213486013661115
2046-05-22 19:00:00,2.6347274710106126,-0.014213486013661115
2046-05-22 19:30:00,2.6412656745768968,-0.014213486013661115
2046-05-22 20:00:00,2.647803878143181,-0.014213486013661115
2046-05-22 20:30:00,2.654342081709465,-0.014213486013661115
2046-05-22 21:00:00,2.6608802852757494,-0.014213486013661115
2046-05-22 21:30:00,2.6674184888420323,-0.014213486013661115
2046-05-22 22:00:00,2.6739566924083165,-0.014213486013661115
2046-05-22 22:30:00,2.6804948959746007,-0.014213486013661115
2046-05-22 23:00:00,2.687033099540885,-0.014213486013661115
2046-05-22 23:30:00,2.693571303107169,-0.014213486013661115
2046-05-23 00:00:00,2.7001095066734533,-0.014213486013661115
2046-05-23 00:30:00,2.7066477102397375,-0.014213486013661115
2046-05-23 01:00:00,2.7131859138060217,-0.014213486013661115
2046-05-23 01:30:00,2.719724117372306,-0.014213486013661115
2046-05-23 02:00:00,2.72626232093859,-0.014213486013661115
2046-05-23 02:30:00,2.7328005245048743,-0.014213486013661115
2046-05-23 03:00:00,2.7393387280711585,-0.014213486013661115
2046-05-23 03:30:00,2.7458769316374427,-0.014213486013661115
2046-05-23 04:00:00,2.752415135203727,-0.014213486013661115
2046-05-23 04:30:00,2.75895333877001,-0.014213486013661115
2046-05-23 05:00:00,2.765491542336294,-0.014213486013661115
2046-05-23 05:30:00,2.7720297459025782,-0.014213486013661115
2046-05-23 06:00:00,2.7785679494688624,-0.014213486013661115
2046-05-23 06:30:00,2.7851061530351466,-0.014213486013661115
2046-05-23 07:00:00,2.791644356601431,-0.014213486013661115
2046-05-23 07:30:00,2.798182560167715,-0.014213486013661115
2046-05-23 08:00:00,2.8047207637339993,-0.014213486013661115
2046-05-23 08:30:00,2.8112589673002835,-0.014213486013661115
2046-05-23 09:00:00,2.8177971708665677,-0.014213486013661115
2046-05-23 09:30:00,2.824335374432852,-0.014213486013661115
2046-05-23 10:00:00,2.830873577999136,-0.014213486013661115
2046-05-23 10:30:00,2.8374117815654203,-0.014213486013661115
2046-05-23 11:00:00,2.8439499851317045,-0.014213486013661115
2046-05-23 11:30:00,2.8504881886979887,-0.014213486013661115
2046-05-23 12:00:00,2.857026392264273,-0.014213486013661115
2046-05-23 12:30:00,2.863564595830557,-0.014213486013661115
2046-05-23 13:00:00,2.8701027993968413,-0.014213486013661115
2046-05-23 13:30:00,2.8766410029631255,-0.014213486013661115
2046-05-23 14:00:00,2.8831792065294097,-0.014213486013661115
2046-05-23 14:30:00,2.889717410095694,-0.014213486013661115
2046-05-23 15:00:00,2.896255613661977,-0.014213486013661115
2046-05-23 15:30:00,2.902793817228261,-0.014213486013661115
2046-05-23 16:00:00,2.9093320207945452,-0.014213486013661115
2046-05-23 16:30:00,2.9158702243608294,-0.014213486013661115
2046-05-23 17:00:00,2.9224084279271136,-0.014213486013661115
2046-05-23 17:30:00,2.928946631493398,0.0
2046-05-23 18:00:00,2.928946631493398,-0.014213486013661115
2046-05-23 18:30:00,2.935484835059682,0.0
2046-05-23 19:00:00,2.935484835059682,0.0
2046-05-23 19:30:00,2.935484835059682,0.0
2046-05-23 20:00:00,2.935484835059682,-0.014213486013661115
2046-05-23 20:30:00,2.9420230386259663,0.0
2046-05-23 21:00:00,2.9420230386259663,-0.014213486013661115
2046-05-23 21:30:00,2.9485612421922505,0.0
2046-05-23 22:00:00,2.9485612421922505,0.0
2046-05-23 22:30:00,2.9485612421922505,0.0
2046-05-23 23:00:00,2.9485612421922505,0.0
2046-05-23 23:30:00,2.9485612421922505,0.0
2046-05-24 00:00:00,2.9485612421922505,0.0
2046-05-24 00:30:00,2.9485612421922505,0.0
2046-05-24 01:00:00,2.9485612421922505,0.0
2046-05-24 01:30:00,2.9485612421922505,0.0
2046-05-24 02:00:00,2.9485612421922505,0.0
2046-05-24 02:30:00,2.9485612421922505,0.0
2046-05-24 03:00:00,2.9485612421922505,0.0
2046-05-24 03:30:00,2.9485612421922505,0.0
2046-05-24 04:00:00,2.9485612421922505,0.0
2046-05-24 04:30:00,2.9485612421922505,0.0
2046-05-24 05:00:00,2.9485612421922505,0.0
2046-05-24 05:30:00,2.9485612421922505,0.0
2046-05-24 06:00:00,2.9485612421922505,0.0
2046-05-24 06:30:00,2.9485612421922505,0.0
2046-05-24 07:00:00,2.9485612421922505,0.0
2046-05-24 07:30:00,2.9485612421922505,0.0
2046-05-24 08:00:00,2.9485612421922505,0.0
2046-05-24 08:30:00,2.9485612421922505,0.0
2046-05-24 09:00:00,2.9485612421922505,0.0
2046-05-24 09:30:00,2.9485612421922505,0.0
2046-05-24 10:00:00,2.9485612421922505,0.0
2046-05-24 10:30:00,2.9485612421922505,0.0
2046-05-24 11:00:00,2.9485612421922505,0.0
2046-05-24 11:30:00,2.9485612421922505,0.0
2046-05-24 12:00:00,2.9485612421922505,0.0
2046-05-24 12:30:00,2.9485612421922505,0.0
2046-05-24 13:00:00,2.9485612421922505,0.0
2046-05-24 13:30:00,2.9485612421922505,0.0
2046-05-24 14:00:00,2.9485612421922505,0.0
2046-05-24 14:30:00,2.9485612421922505,0.0
2046-05-24 15:00:00,2.9485612421922505,0.0
2046-05-24 15:30:00,2.9485612421922505,0.0
2046-05-24 16:00:00,2.9485612421922505,0.0
2046-05-24 16:30:00,2.9485612421922505,0.0
2046-05-24 17:00:00,2.9485612421922505,0.0
2046-05-24 17:30:00,2.9485612421922505,0.0
2046-05-24 18:00:00,2.9485612421922505,0.0
2046-05-24 18:30:00,2.9485612421922505,0.0
2046-05-24 19:00:00,2.9485612421922505,0.0
2046-05-24 19:30:00,2.9485612421922505,0.0
2046-05-24 20:00:00,2.9485612421922505,0.0
2046-05-24 20:30:00,2.9485612421922505,0.0
2046-05-24 21:00:00,2.9485612421922505,0.0
2046-05-24 21:30:00,2.9485612421922505,0.0
2046-05-24 22:00:00,2.9485612421922505,0.0
2046-05-24 22:30:00,2.9485612421922505,0.0
2046-05-24 23:00:00,2.9485612421922505,0.0
2046-05-24 23:30:00,2.9485612421922505,0.0
2046-05-25 00:00:00,2.9485612421922505,0.0
2046-05-25 00:30:00,2.9485612421922505,0.0
2046-05-25 01:00:00,2.9485612421922505,0.0
2046-05-25 01:30:00,2.9485612421922505,0.0
2046-05-25 02:00:00,2.9485612421922505,0.0
2046-05-25 02:30:00,2.9485612421922505,0.0
2046-05-25 03:00:00,2.9485612421922505,0.0
2046-05-25 03:30:00,2.9485612421922505,0.0
2046-05-25 04:00:00,2.9485612421922505,0.0
2046-05-25 04:30:00,2.9485612421922505,0.0
2046-05-25 05:00:00,2.9485612421922505,0.0
2046-05-25 05:30:00,2.9485612421922505,0.0
2046-05-25 06:00:00,2.9485612421922505,0.0
2046-05-25 06:30:00,2.9485612421922505,0.0
2046-05-25 07:00:00,2.9485612421922505,0.0
2046-05-25 07:30:00,2.9485612421922505,0.0
2046-05-25 08:00:00,2.9485612421922505,-0.014213486013661115
2046-05-25 08:30:00,2.9550994457585347,-0.014213486013661115
2046-05-25 09:00:00,2.961637649324819,-0.014213486013661115
2046-05-25 09:30:00,2.968175852891103,-0.014213486013661115
2046-05-25 10:00:00,2.9747140564573873,-0.014213486013661115
2046-05-25 10:30:00,2.9812522600236715,-0.014213486013661115
2046-05-25 11:00:00,2.9877904635899557,-0.014213486013661115
2046-05-25 11:30:00,2.99432866715624,-0.014213486013661115
2046-05-25 12:00:00,3.000866870722524,-0.014213486013661115
2046-05-25 12:30:00,3.0074050742888083,-0.014213486013661115
2046-05-25 13:00:00,3.0139432778550925,-0.014213486013661115
2046-05-25 13:30:00,3.0204814814213767,0.0
2046-05-25 14:00:00,3.0204814814213767,0.0
2046-05-25 14:30:00,3.0204814814213767,0.0
2046-05-25 15:00:00,3.0204814814213767,0.0
2046-05-25 15:30:00,3.0204814814213767,0.0
2046-05-25 16:00:00,3.0204814814213767,0.0
2046-05-25 16:30:00,3.0204814814213767,0.0
2046-05-25 17:00:00,3.0204814814213767,0.0
2046-05-25 17:30:00,3.0204814814213767,0.0
2046-05-25 18:00:00,3.0204814814213767,0.0
2046-05-25 18:30:00,3.0204814814213767,0.0
2046-05-25 19:00:00,3.0204814814213767,0.0
2046-05-25 19:30:00,3.0204814814213767,0.0
2046-05-25 20:00:00,3.0204814814213767,0.0
2046-05-25 20:30:00,3.0204814814213767,0.0
2046-05-25 21:00:00,3.0204814814213767,0.0
2046-05-25 21:30:00,3.0204814814213767,0.0
2046-05-25 22:00:00,3.0204814814213767,0.0
2046-05-25 22:30:00,3.0204814814213767,0.0
2046-05-25 23:00:00,3.0204814814213767,0.0
2046-05-25 23:30:00,3.0204814814213767,0.0
2046-05-26 00:00:00,3.0204814814213767,0.0
2046-05-26 00:30:00,3.0204814814213767,0.0
2046-05-26 01:00:00,3.0204814814213767,0.0
2046-05-26 01:30:00,3.0204814814213767,0.0
2046-05-26 02:00:00,3.0204814814213767,0.0
2046-05-26 02:30:00,3.0204814814213767,0.0
2046-05-26 03:00:00,3.0204814814213767,0.0
2046-05-26 03:30:00,3.0204814814213767,0.0
2046-05-26 04:00:00,3.0204814814213767,0.0
2046-05-26 04:30:00,3.0204814814213767,0.0
2046-05-26 05:00:00,3.0204814814213767,0.0
2046-05-26 05:30:00,3.0204814814213767,0.0
2046-05-26 06:00:00,3.0204814814213767,0.0
2046-05-26 06:30:00,3.0204814814213767,0.0
2046-05-26 07:00:00,3.0204814814213767,0.0
2046-05-26 07:30:00,3.0204814814213767,0.0
2046-05-26 08:00:00,3.0204814814213767,0.0
2046-05-26 08:30:00,3.0204814814213767,0.0
2046-05-26 09:00:00,3.0204814814213767,0.0
2046-05-26 09:30:00,3.0204814814213767,0.0
2046-05-26 10:00:00,3.0204814814213767,0.0
2046-05-26 10:30:00,3.0204814814213767,0.0
2046-05-26 11:00:00,3.0204814814213767,0.0
2046-05-26 11:30:00,3.0204814814213767,0.0
2046-05-26 12:00:00,3.0204814814213767,0.0
2046-05-26 12:30:00,3.0204814814213767,0.0
2046-05-26 13:00:00,3.0204814814213767,0.0
2046-05-26 13:30:00,3.0204814814213767,0.0
2046-05-26 14:00:00,3.0204814814213767,0.0
2046-05-26 14:30:00,3.0204814814213767,0.0
2046-05-26 15:00:00,3.0204814814213767,0.0
2046-05-26 15:30:00,3.0204814814213767,0.0
2046-05-26 16:00:00,3.0204814814213767,0.0
2046-05-26 16:30:00,3.0204814814213767,0.0
2046-05-26 17:00:00,3.0204814814213767,0.00031615409708551706
2046-05-26 17:30:00,3.020309658542526,0.0
2046-05-26 18:00:00,3.020309658542526,0.002416410905681341
2046-05-26 18:30:00,3.018996391745959,0.0
2046-05-26 19:00:00,3.018996391745959,0.0
2046-05-26 19:30:00,3.018996391745959,0.0
2046-05-26 20:00:00,3.018996391745959,0.0
2046-05-26 20:30:00,3.018996391745959,0.0
2046-05-26 21:00:00,3.018996391745959,0.0
2046-05-26 21:30:00,3.018996391745959,0.0
2046-05-26 22:00:00,3.018996391745959,0.0
2046-05-26 22:30:00,3.018996391745959,0.0
2046-05-26 23:00:00,3.018996391745959,0.0
2046-05-26 23:30:00,3.018996391745959,0.014213486013661115
2046-05-27 00:00:00,3.0112716710863543,0.0
2046-05-27 00:30:00,3.0112716710863543,0.014213486013661115
2046-05-27 01:00:00,3.00354695042675,0.014213486013661115
2046-05-27 01:30:00,2.9958222297671453,0.0
2046-05-27 02:00:00,2.9958222297671453,0.014213486013661115
2046-05-27 02:30:00,2.988097509107541,0.0
2046-05-27 03:00:00,2.988097509107541,0.014213486013661115
2046-05-27 03:30:00,2.9803727884479363,0.0
2046-05-27 04:00:00,2.9803727884479363,0.0
2046-05-27 04:30:00,2.9803727884479363,0.0
2046-05-27 05:00:00,2.9803727884479363,0.0
2046-05-27 05:30:00,2.9803727884479363,0.0
2046-05-27 06:00:00,2.9803727884479363,0.0
2046-05-27 06:30:00,2.9803727884479363,0.0
2046-05-27 07:00:00,2.9803727884479363,0.0
2046-05-27 07:30:00,2.9803727884479363,0.0
2046-05-27 08:00:00,2.9803727884479363,0.0
2046-05-27 08:30:00,2.9803727884479363,0.0
2046-05-27 09:00:00,2.9803727884479363,0.0
2046-05-27 09:30:00,2.9803727884479363,0.0
2046-05-27 10:00:00,2.9803727884479363,-0.014213486013661115
2046-05-27 10:30:00,2.9869109920142205,-0.014213486013661115
2046-05-27 11:00:00,2.9934491955805047,-0.014213486013661115
2046-05-27 11:30:00,2.999987399146789,-0.0019118947298591353
2046-05-27 12:00:00,3.000866870722524,-0.014213486013661115
2046-05-27 12:30:00,3.0074050742888083,0.0
2046-05-27 13:00:00,3.0074050742888083,-0.014213486013661115
2046-05-27 13:30:00,3.0139432778550925,-0.014213486013661115
2046-05-27 14:00:00,3.0204814814213767,0.0
2046-05-27 14:30:00,3.0204814814213767,0.0
2046-05-27 15:00:00,3.0204814814213767,0.0
2046-05-27 15:30:00,3.0204814814213767,0.0
2046-05-27 16:00:00,3.0204814814213767,0.0
2046-05-27 16:30:00,3.0204814814213767,0.0
2046-05-27 17:00:00,3.0204814814213767,0.0
2046-05-27 17:30:00,3.0204814814213767,0.0
2046-05-27 18:00:00,3.0204814814213767,0.0
2046-05-27 18:30:00,3.0204814814213767,0.0
2046-05-27 19:00:00,3.0204814814213767,0.0
2046-05-27 19:30:00,3.0204814814213767,0.0
2046-05-27 20:00:00,3.0204814814213767,0.0
2046-05-27 20:30:00,3.0204814814213767,0.0
2046-05-27 21:00:00,3.0204814814213767,0.0
2046-05-27 21:30:00,3.0204814814213767,0.0
2046-05-27 22:00:00,3.0204814814213767,0.0
2046-05-27 22:30:00,3.0204814814213767,0.0
2046-05-27 23:00:00,3.0204814814213767,0.0
2046-05-27 23:30:00,3.0204814814213767,0.0
2046-05-28 00:00:00,3.0204814814213767,0.0
2046-05-28 00:30:00,3.0204814814213767,0.0
2046-05-28 01:00:00,3.0204814814213767,0.0
2046-05-28 01:30:00,3.0204814814213767,0.0
2046-05-28 02:00:00,3.0204814814213767,0.0
2046-05-28 02:30:00,3.0204814814213767,0.0
2046-05-28 03:00:00,3.0204814814213767,0.0
2046-05-28 03:30:00,3.0204814814213767,0.0
2046-05-28 04:00:00,3.0204814814213767,0.0
2046-05-28 04:30:00,3.0204814814213767,0.0
2046-05-28 05:00:00,3.0204814814213767,0.0
2046-05-28 05:30:00,3.0204814814213767,0.0
2046-05-28 06:00:00,3.0204814814213767,0.0
2046-05-28 06:30:00,3.0204814814213767,0.0
2046-05-28 07:00:00,3.0204814814213767,0.0
2046-05-28 07:30:00,3.0204814814213767,0.0
2046-05-28 08:00:00,3.0204814814213767,0.0
2046-05-28 08:30:00,3.0204814814213767,0.0
2046-05-28 09:00:00,3.0204814814213767,0.0
2046-05-28 09:30:00,3.0204814814213767,0.0
2046-05-28 10:00:00,3.0204814814213767,0.0
2046-05-28 10:30:00,3.0204814814213767,0.0
2046-05-28 11:00:00,3.0204814814213767,0.0
2046-05-28 11:30:00,3.0204814814213767,0.0
2046-05-28 12:00:00,3.0204814814213767,0.0
2046-05-28 12:30:00,3.0204814814213767,0.0
2046-05-28 13:00:00,3.0204814814213767,0.0
2046-05-28 13:30:00,3.0204814814213767,0.0
2046-05-28 14:00:00,3.0204814814213767,0.0
2046-05-28 14:30:00,3.0204814814213767,0.0
2046-05-28 15:00:00,3.0204814814213767,0.0
2046-05-28 15:30:00,3.0204814814213767,0.0
2046-05-28 16:00:00,3.0204814814213767,0.014213486013661115
2046-05-28 16:30:00,3.0127567607617722,0.014213486013661115
2046-05-28 17:00:00,3.0050320401021677,0.014213486013661115
2046-05-28 17:30:00,2.9973073194425632,0.014213486013661115
2046-05-28 18:00:00,2.9895825987829587,0.014213486013661115
2046-05-28 18:30:00,2.9818578781233542,0.014213486013661115
2046-05-28 19:00:00,2.9741331574637497,0.014213486013661115
2046-05-28 19:30:00,2.9664084368041452,0.014213486013661115
2046-05-28 20:00:00,2.9586837161445407,0.014213486013661115
2046-05-28 20:30:00,2.9509589954849362,0.014213486013661115
2046-05-28 21:00:00,2.9432342748253317,0.014213486013661115
2046-05-28 21:30:00,2.9355095541657272,0.014213486013661115
2046-05-28 22:00:00,2.9277848335061227,0.014213486013661115
2046-05-28 22:30:00,2.9200601128465182,0.014213486013661115
2046-05-28 23:00:00,2.9123353921869137,0.014213486013661115
2046-05-28 23:30:00,2.9046106715273092,0.014213486013661115
2046-05-29 00:00:00,2.8968859508677047,0.014213486013661115
2046-05-29 00:30:00,2.8891612302081002,0.014213486013661115
2046-05-29 01:00:00,2.8814365095484957,0.014213486013661115
2046-05-29 01:30:00,2.8737117888888912,0.014213486013661115
2046-05-29 02:00:00,2.8659870682292867,0.014213486013661115
2046-05-29 02:30:00,2.8582623475696822,0.014213486013661115
2046-05-29 03:00:00,2.8505376269100777,0.014213486013661115
2046-05-29 03:30:00,2.8428129062504732,0.014213486013661115
2046-05-29 04:00:00,2.8350881855908687,0.014213486013661115
2046-05-29 04:30:00,2.8273634649312642,0.014213486013661115
2046-05-29 05:00:00,2.8196387442716597,0.014213486013661115
2046-05-29 05:30:00,2.8119140236120552,0.014213486013661115
2046-05-29 06:00:00,2.8041893029524507,0.014213486013661115
2046-05-29 06:30:00,2.7964645822928462,0.014213486013661115
2046-05-29 07:00:00,2.7887398616332417,0.014213486013661115
2046-05-29 07:30:00,2.7810151409736372,0.014213486013661115
2046-05-29 08:00:00,2.7732904203140327,0.014213486013661115
2046-05-29 08:30:00,2.7655656996544282,0.0
2046-05-29 09:00:00,2.7655656996544282,0.0
2046-05-29 09:30:00,2.7655656996544282,0.0
2046-05-29 10:00:00,2.7655656996544282,0.0
2046-05-29 10:30:00,2.7655656996544282,0.0
2046-05-29 11:00:00,2.7655656996544282,0.0
2046-05-29 11:30:00,2.7655656996544282,0.0
2046-05-29 12:00:00,2.7655656996544282,0.0
2046-05-29 12:30:00,2.7655656996544282,0.0
2046-05-29 13:00:00,2.7655656996544282,0.0
2046-05-29 13:30:00,2.7655656996544282,0.0
2046-05-29 14:00:00,2.7655656996544282,0.0
2046-05-29 14:30:00,2.7655656996544282,0.0
2046-05-29 15:00:00,2.7655656996544282,0.0
2046-05-29 15:30:00,2.7655656996544282,0.0
2046-05-29 16:00:00,2.7655656996544282,0.0
2046-05-29 16:30:00,2.7655656996544282,0.0
2046-05-29 17:00:00,2.7655656996544282,0.0
2046-05-29 17:30:00,2.7655656996544282,0.0
2046-05-29 18:00:00,2.7655656996544282,0.0
2046-05-29 18:30:00,2.7655656996544282,0.0
2046-05-29 19:00:00,2.7655656996544282,0.0
2046-05-29 19:30:00,2.7655656996544282,0.0
2046-05-29 20:00:00,2.7655656996544282,0.0
2046-05-29 20:30:00,2.7655656996544282,0.014213486013661115
2046-05-29 21:00:00,2.7578409789948237,0.014213486013661115
2046-05-29 21:30:00,2.750116258335219,0.014213486013661115
2046-05-29 22:00:00,2.7423915376756147,0.0
2046-05-29 22:30:00,2.7423915376756147,0.014213486013661115
2046-05-29 23:00:00,2.73466681701601,0.0
2046-05-29 23:30:00,2.73466681701601,0.014213486013661115
2046-05-30 00:00:00,2.7269420963564057,0.0
2046-05-30 00:30:00,2.7269420963564057,0.014213486013661115
2046-05-30 01:00:00,2.719217375696801,0.014213486013661115
2046-05-30 01:30:00,2.7114926550371967,0.014213486013661115
2046-05-30 02:00:00,2.703767934377592,0.014213486013661115
2046-05-30 02:30:00,2.6960432137179877,0.014213486013661115
2046-05-30 03:00:00,2.688318493058383,0.013520919591316571
2046-05-30 03:30:00,2.6809701671935313,0.014213486013661115
2046-05-30 04:00:00,2.673245446533927,0.014213486013661115
2046-05-30 04:30:00,2.6655207258743223,0.014213486013661115
2046-05-30 05:00:00,2.657796005214718,0.0
2046-05-30 05:30:00,2.657796005214718,0.014213486013661115
2046-05-30 06:00:00,2.6500712845551133,0.014213486013661115
2046-05-30 06:30:00,2.642346563895509,0.014213486013661115
2046-05-30 07:00:00,2.6346218432359043,0.014213486013661115
2046-05-30 07:30:00,2.6268971225763,0.0
2046-05-30 08:00:00,2.6268971225763,0.0
2046-05-30 08:30:00,2.6268971225763,0.0
2046-05-30 09:00:00,2.6268971225763,0.0
2046-05-30 09:30:00,2.6268971225763,-0.014213486013661115
2046-05-30 10:00:00,2.633435326142584,-0.014213486013661115
2046-05-30 10:30:00,2.6399735297088682,-0.014213486013661115
2046-05-30 11:00:00,2.6465117332751524,-0.014213486013661115
2046-05-30 11:30:00,2.6530499368414366,-0.014213486013661115
2046-05-30 12:00:00,2.659588140407721,-0.014213486013661115
2046-05-30 12:30:00,2.666126343974005,-0.014213486013661115
2046-05-30 13:00:00,2.6726645475402893,-0.014213486013661115
2046-05-30 13:30:00,2.6792027511065735,-0.014213486013661115
2046-05-30 14:00:00,2.6857409546728577,-0.014213486013661115
2046-05-30 14:30:00,2.692279158239142,-0.014213486013661115
2046-05-30 15:00:00,2.698817361805426,-0.014213486013661115
2046-05-30 15:30:00,2.7053555653717103,0.0
2046-05-30 16:00:00,2.7053555653717103,0.0
2046-05-30 16:30:00,2.7053555653717103,0.0
2046-05-30 17:00:00,2.7053555653717103,0.0
2046-05-30 17:30:00,2.7053555653717103,0.0
2046-05-30 18:00:00,2.7053555653717103,0.0
2046-05-30 18:30:00,2.7053555653717103,0.0
2046-05-30 19:00:00,2.7053555653717103,0.0
2046-05-30 19:30:00,2.7053555653717103,0.0
2046-05-30 20:00:00,2.7053555653717103,0.0
2046-05-30 20:30:00,2.7053555653717103,0.0
2046-05-30 21:00:00,2.7053555653717103,0.0
2046-05-30 21:30:00,2.7053555653717103,0.0
2046-05-30 22:00:00,2.7053555653717103,0.0
2046-05-30 22:30:00,2.7053555653717103,0.0
2046-05-30 23:00:00,2.7053555653717103,0.0
2046-05-30 23:30:00,2.7053555653717103,0.0
2046-05-31 00:00:00,2.7053555653717103,0.0
2046-05-31 00:30:00,2.7053555653717103,0.0
2046-05-31 01:00:00,2.7053555653717103,0.0
2046-05-31 01:30:00,2.7053555653717103,0.0
2046-05-31 02:00:00,2.7053555653717103,0.0
2046-05-31 02:30:00,2.7053555653717103,0.0
2046-05-31 03:00:00,2.7053555653717103,0.0
2046-05-31 03:30:00,2.7053555653717103,0.0
2046-05-31 04:00:00,2.7053555653717103,0.0
2046-05-31 04:30:00,2.7053555653717103,0.0
2046-05-31 05:00:00,2.7053555653717103,0.0
2046-05-31 05:30:00,2.7053555653717103,0.0
2046-05-31 06:00:00,2.7053555653717103,0.0
2046-05-31 06:30:00,2.7053555653717103,0.0
2046-05-31 07:00:00,2.7053555653717103,0.0
2046-05-31 07:30:00,2.7053555653717103,0.0
2046-05-31 08:00:00,2.7053555653717103,0.0
2046-05-31 08:30:00,2.7053555653717103,0.0
2046-05-31 09:00:00,2.7053555653717103,0.0
2046-05-31 09:30:00,2.7053555653717103,0.0
2046-05-31 10:00:00,2.7053555653717103,0.0
2046-05-31 10:30:00,2.7053555653717103,0.0
2046-05-31 11:00:00,2.7053555653717103,0.0
2046-05-31 11:30:00,2.7053555653717103,0.0
2046-05-31 12:00:00,2.7053555653717103,-0.014213486013661115
2046-05-31 12:30:00,2.7118937689379945,0.0
2046-05-31 13:00:00,2.7118937689379945,0.0
2046-05-31 13:30:00,2.7118937689379945,-0.014213486013661115
2046-05-31 14:00:00,2.7184319725042787,0.0
2046-05-31 14:30:00,2.7184319725042787,0.0
2046-05-31 15:00:00,2.7184319725042787,0.0
2046-05-31 15:30:00,2.7184319725042787,0.0
2046-05-31 16:00:00,2.7184319725042787,0.0
2046-05-31 16:30:00,2.7184319725042787,0.0
2046-05-31 17:00:00,2.7184319725042787,0.0
2046-05-31 17:30:00,2.7184319725042787,0.0
2046-05-31 18:00:00,2.7184319725042787,0.0
2046-05-31 18:30:00,2.7184319725042787,0.0
2046-05-31 19:00:00,2.7184319725042787,0.0
2046-05-31 19:30:00,2.7184319725042787,0.0
2046-05-31 20:00:00,2.7184319725042787,0.0
2046-05-31 20:30:00,2.7184319725042787,0.0
2046-05-31 21:00:00,2.7184319725042787,0.0
2046-05-31 21:30:00,2.7184319725042787,0.0
2046-05-31 22:00:00,2.7184319725042787,0.0
2046-05-31 22:30:00,2.7184319725042787,0.0
2046-05-31 23:00:00,2.7184319725042787,0.0
2046-05-31 23:30:00,2.7184319725042787,0.0
2046-06-01 00:00:00,2.7184319725042787,0.0
2046-06-01 00:30:00,2.7184319725042787,0.0
2046-06-01 01:00:00,2.7184319725042787,0.0
2046-06-01 01:30:00,2.7184319725042787,0.014213486013661115
2046-06-01 02:00:00,2.710707251844674,0.0
2046-06-01 02:30:00,2.710707251844674,0.0
2046-06-01 03:00:00,2.710707251844674,0.0
2046-06-01 03:30:00,2.710707251844674,0.0
2046-06-01 04:00:00,2.710707251844674,0.0
2046-06-01 04:30:00,2.710707251844674,0.0
2046-06-01 05:00:00,2.710707251844674,0.0
2046-06-01 05:30:00,2.710707251844674,0.014213486013661115
2046-06-01 06:00:00,2.7029825311850697,0.014213486013661115
2046-06-01 06:30:00,2.695257810525465,0.014213486013661115
2046-06-01 07:00:00,2.6875330898658607,0.0
2046-06-01 07:30:00,2.6875330898658607,0.0
2046-06-01 08:00:00,2.6875330898658607,0.0
2046-06-01 08:30:00,2.6875330898658607,0.0
2046-06-01 09:00:00,2.6875330898658607,0.014213486013661115
2046-06-01 09:30:00,2.679808369206256,0.0
2046-06-01 10:00:00,2.679808369206256,0.0
2046-06-01 10:30:00,2.679808369206256,0.014213486013661115
2046-06-01 11:00:00,2.6720836485466517,0.014213486013661115
2046-06-01 11:30:00,2.664358927887047,0.014213486013661115
2046-06-01 12:00:00,2.6566342072274427,0.0
2046-06-01 12:30:00,2.6566342072274427,0.0
2046-06-01 13:00:00,2.6566342072274427,0.014213486013661115
2046-06-01 13:30:00,2.648909486567838,0.0
2046-06-01 14:00:00,2.648909486567838,0.0
2046-06-01 14:30:00,2.648909486567838,0.0
2046-06-01 15:00:00,2.648909486567838,0.0
2046-06-01 15:30:00,2.648909486567838,0.0
2046-06-01 16:00:00,2.648909486567838,0.0
2046-06-01 16:30:00,2.648909486567838,0.0
2046-06-01 17:00:00,2.648909486567838,0.014213486013661115
2046-06-01 17:30:00,2.6411847659082337,0.014213486013661115
2046-06-01 18:00:00,2.633460045248629,0.014213486013661115
2046-06-01 18:30:00,2.6257353245890247,0.014213486013661115
2046-06-01 19:00:00,2.61801060392942,0.014213486013661115
2046-06-01 19:30:00,2.6102858832698157,0.014213486013661115
2046-06-01 20:00:00,2.602561162610211,0.014213486013661115
2046-06-01 20:30:00,2.5948364419506067,0.014213486013661115
2046-06-01 21:00:00,2.587111721291002,0.014213486013661115
2046-06-01 21:30:00,2.5793870006313977,0.014213486013661115
2046-06-01 22:00:00,2.571662279971793,0.014213486013661115
2046-06-01 22:30:00,2.5639375593121887,0.014213486013661115
2046-06-01 23:00:00,2.556212838652584,0.0
2046-06-01 23:30:00,2.556212838652584,0.014213486013661115
2046-06-02 00:00:00,2.5484881179929797,0.014213486013661115
2046-06-02 00:30:00,2.540763397333375,0.014213486013661115
2046-06-02 01:00:00,2.5330386766737707,0.014213486013661115
2046-06-02 01:30:00,2.525313956014166,0.014213486013661115
2046-06-02 02:00:00,2.5175892353545617,0.0
2046-06-02 02:30:00,2.5175892353545617,0.0
2046-06-02 03:00:00,2.5175892353545617,0.0
2046-06-02 03:30:00,2.5175892353545617,0.0
2046-06-02 04:00:00,2.5175892353545617,0.0
2046-06-02 04:30:00,2.5175892353545617,0.0
2046-06-02 05:00:00,2.5175892353545617,0.0
2046-06-02 05:30:00,2.5175892353545617,0.0
2046-06-02 06:00:00,2.5175892353545617,0.0
2046-06-02 06:30:00,2.5175892353545617,0.0
2046-06-02 07:00:00,2.5175892353545617,0.0
2046-06-02 07:30:00,2.5175892353545617,0.0
2046-06-02 08:00:00,2.5175892353545617,0.0
2046-06-02 08:30:00,2.5175892353545617,0.014213486013661115
2046-06-02 09:00:00,2.509864514694957,0.0
2046-06-02 09:30:00,2.509864514694957,0.0
2046-06-02 10:00:00,2.509864514694957,0.0
2046-06-02 10:30:00,2.509864514694957,0.0
2046-06-02 11:00:00,2.509864514694957,0.0
2046-06-02 11:30:00,2.509864514694957,0.0
2046-06-02 12:00:00,2.509864514694957,0.0
2046-06-02 12:30:00,2.509864514694957,0.0
2046-06-02 13:00:00,2.509864514694957,0.0
2046-06-02 13:30:00,2.509864514694957,0.0
2046-06-02 14:00:00,2.509864514694957,0.0
2046-06-02 14:30:00,2.509864514694957,-0.014213486013661115
2046-06-02 15:00:00,2.5164027182612414,0.0
2046-06-02 15:30:00,2.5164027182612414,-0.014213486013661115
2046-06-02 16:00:00,2.5229409218275256,0.0
2046-06-02 16:30:00,2.5229409218275256,0.0
2046-06-02 17:00:00,2.5229409218275256,0.0
2046-06-02 17:30:00,2.5229409218275256,0.0
2046-06-02 18:00:00,2.5229409218275256,0.0
2046-06-02 18:30:00,2.5229409218275256,0.0
2046-06-02 19:00:00,2.5229409218275256,0.0
2046-06-02 19:30:00,2.5229409218275256,0.0
2046-06-02 20:00:00,2.5229409218275256,0.0
2046-06-02 20:30:00,2.5229409218275256,0.0
2046-06-02 21:00:00,2.5229409218275256,0.0
2046-06-02 21:30:00,2.5229409218275256,0.0
2046-06-02 22:00:00,2.5229409218275256,0.0
2046-06-02 22:30:00,2.5229409218275256,0.0
2046-06-02 23:00:00,2.5229409218275256,0.0
2046-06-02 23:30:00,2.5229409218275256,0.0
2046-06-03 00:00:00,2.5229409218275256,0.0
2046-06-03 00:30:00,2.5229409218275256,0.0
2046-06-03 01:00:00,2.5229409218275256,0.0
2046-06-03 01:30:00,2.5229409218275256,0.0
2046-06-03 02:00:00,2.5229409218275256,0.0
2046-06-03 02:30:00,2.5229409218275256,0.0
2046-06-03 03:00:00,2.5229409218275256,0.0
2046-06-03 03:30:00,2.5229409218275256,0.0
2046-06-03 04:00:00,2.5229409218275256,0.0
2046-06-03 04:30:00,2.5229409218275256,0.0
2046-06-03 05:00:00,2.5229409218275256,0.0
2046-06-03 05:30:00,2.5229409218275256,0.0
2046-06-03 06:00:00,2.5229409218275256,0.0
2046-06-03 06:30:00,2.5229409218275256,0.0
2046-06-03 07:00:00,2.5229409218275256,0.014213486013661115
2046-06-03 07:30:00,2.515216201167921,0.0
2046-06-03 08:00:00,2.515216201167921,0.0
2046-06-03 08:30:00,2.515216201167921,0.014213486013661115
2046-06-03 09:00:00,2.5074914805083166,0.0
2046-06-03 09:30:00,2.5074914805083166,0.0
2046-06-03 10:00:00,2.5074914805083166,0.0
2046-06-03 10:30:00,2.5074914805083166,0.0
2046-06-03 11:00:00,2.5074914805083166,0.0
2046-06-03 11:30:00,2.5074914805083166,0.0
2046-06-03 12:00:00,2.5074914805083166,0.0
2046-06-03 12:30:00,2.5074914805083166,0.0
2046-06-03 13:00:00,2.5074914805083166,-0.014213486013661115
2046-06-03 13:30:00,2.514029684074601,0.0
2046-06-03 14:00:00,2.514029684074601,0.0
2046-06-03 14:30:00,2.514029684074601,0.0
2046-06-03 15:00:00,2.514029684074601,0.0
2046-06-03 15:30:00,2.514029684074601,0.0
2046-06-03 16:00:00,2.514029684074601,0.0
2046-06-03 16:30:00,2.514029684074601,0.0
2046-06-03 17:00:00,2.514029684074601,0.0
2046-06-03 17:30:00,2.514029684074601,0.0
2046-06-03 18:00:00,2.514029684074601,0.0
2046-06-03 18:30:00,2.514029684074601,0.0
2046-06-03 19:00:00,2.514029684074601,0.0
2046-06-03 19:30:00,2.514029684074601,0.0
2046-06-03 20:00:00,2.514029684074601,0.0
2046-06-03 20:30:00,2.514029684074601,0.0
2046-06-03 21:00:00,2.514029684074601,0.014213486013661115
2046-06-03 21:30:00,2.5063049634149963,0.0
2046-06-03 22:00:00,2.5063049634149963,0.0
2046-06-03 22:30:00,2.5063049634149963,0.0
2046-06-03 23:00:00,2.5063049634149963,0.014213486013661115
2046-06-03 23:30:00,2.498580242755392,0.0
2046-06-04 00:00:00,2.498580242755392,0.014213486013661115
2046-06-04 00:30:00,2.4908555220957873,0.014213486013661115
2046-06-04 01:00:00,2.483130801436183,0.014213486013661115
2046-06-04 01:30:00,2.4754060807765783,0.014213486013661115
2046-06-04 02:00:00,2.467681360116974,0.0
2046-06-04 02:30:00,2.467681360116974,0.0
2046-06-04 03:00:00,2.467681360116974,0.014213486013661115
2046-06-04 03:30:00,2.4599566394573693,0.0
2046-06-04 04:00:00,2.4599566394573693,0.0
2046-06-04 04:30:00,2.4599566394573693,-0.014213486013661115
2046-06-04 05:00:00,2.4664948430236535,-0.014213486013661115
2046-06-04 05:30:00,2.4730330465899377,0.0
2046-06-04 06:00:00,2.4730330465899377,0.0
2046-06-04 06:30:00,2.4730330465899377,-0.014213486013661115
2046-06-04 07:00:00,2.479571250156222,0.0
2046-06-04 07:30:00,2.479571250156222,-0.014213486013661115
2046-06-04 08:00:00,2.486109453722506,-0.014213486013661115
2046-06-04 08:30:00,2.4926476572887903,-0.014213486013661115
2046-06-04 09:00:00,2.4991858608550745,-0.014213486013661115
2046-06-04 09:30:00,2.5057240644213588,-0.014213486013661115
2046-06-04 10:00:00,2.512262267987643,-0.014213486013661115
2046-06-04 10:30:00,2.518800471553927,-0.014213486013661115
2046-06-04 11:00:00,2.5253386751202114,-0.014213486013661115
2046-06-04 11:30:00,2.5318768786864956,-0.014213486013661115
2046-06-04 12:00:00,2.53841508225278,-0.014213486013661115
2046-06-04 12:30:00,2.544953285819064,-0.014213486013661115
2046-06-04 13:00:00,2.551491489385348,-0.014213486013661115
2046-06-04 13:30:00,2.5580296929516324,-0.014213486013661115
2046-06-04 14:00:00,2.5645678965179166,-0.014213486013661115
2046-06-04 14:30:00,2.571106100084201,-0.014213486013661115
2046-06-04 15:00:00,2.577644303650485,-0.014213486013661115
2046-06-04 15:30:00,2.5841825072167692,-0.014213486013661115
2046-06-04 16:00:00,2.5907207107830534,-0.014213486013661115
2046-06-04 16:30:00,2.5972589143493376,-0.014213486013661115
2046-06-04 17:00:00,2.603797117915622,-0.014213486013661115
2046-06-04 17:30:00,2.610335321481906,-0.014213486013661115
2046-06-04 18:00:00,2.6168735250481903,-0.014213486013661115
2046-06-04 18:30:00,2.6234117286144745,-0.014213486013661115
2046-06-04 19:00:00,2.6299499321807587,-0.014213486013661115
2046-06-04 19:30:00,2.636488135747043,-0.014213486013661115
2046-06-04 20:00:00,2.643026339313327,-0.014213486013661115
2046-06-04 20:30:00,2.6495645428796113,-0.014213486013661115
2046-06-04 21:00:00,2.6561027464458955,-0.014213486013661115
2046-06-04 21:30:00,2.6626409500121797,-0.014213486013661115
2046-06-04 22:00:00,2.669179153578464,-0.014213486013661115
2046-06-04 22:30:00,2.675717357144748,-0.014213486013661115
2046-06-04 23:00:00,2.6822555607110323,-0.014213486013661115
2046-06-04 23:30:00,2.6887937642773165,-0.014213486013661115
2046-06-05 00:00:00,2.6953319678436007,-0.014213486013661115
2046-06-05 00:30:00,2.701870171409885,-0.014213486013661115
2046-06-05 01:00:00,2.708408374976169,-0.014213486013661115
2046-06-05 01:30:00,2.7149465785424534,-0.014213486013661115
2046-06-05 02:00:00,2.7214847821087376,-0.014213486013661115
2046-06-05 02:30:00,2.7280229856750218,-0.014213486013661115
2046-06-05 03:00:00,2.734561189241306,-0.014213486013661115
2046-06-05 03:30:00,2.74109939280759,-0.014213486013661115
2046-06-05 04:00:00,2.7476375963738744,-0.014213486013661115
2046-06-05 04:30:00,2.7541757999401586,-0.014213486013661115
2046-06-05 05:00:00,2.760714003506443,-0.014213486013661115
2046-06-05 05:30:00,2.767252207072727,-0.014213486013661115
2046-06-05 06:00:00,2.773790410639011,-0.014213486013661115
2046-06-05 06:30:00,2.7803286142052954,-0.014213486013661115
2046-06-05 07:00:00,2.7868668177715796,-0.014213486013661115
2046-06-05 07:30:00,2.793405021337864,-0.014213486013661115
2046-06-05 08:00:00,2.799943224904148,-0.014213486013661115
2046-06-05 08:30:00,2.8064814284704322,-0.014213486013661115
2046-06-05 09:00:00,2.8130196320367165,-0.014213486013661115
2046-06-05 09:30:00,2.8195578356030007,-0.014213486013661115
2046-06-05 10:00:00,2.826096039169285,-0.014213486013661115
2046-06-05 10:30:00,2.832634242735569,-0.014213486013661115
2046-06-05 11:00:00,2.8391724463018533,-0.014213486013661115
2046-06-05 11:30:00,2.8457106498681375,-0.014213486013661115
2046-06-05 12:00:00,2.8522488534344217,-0.014213486013661115
2046-06-05 12:30:00,2.858787057000706,-0.014213486013661115
2046-06-05 13:00:00,2.86532526056699,-0.014213486013661115
2046-06-05 13:30:00,2.8718634641332743,-0.014213486013661115
2046-06-05 14:00:00,2.8784016676995585,-0.014213486013661115
2046-06-05 14:30:00,2.8849398712658427,-0.014213486013661115
2046-06-05 15:00:00,2.891478074832127,-0.014213486013661115
2046-06-05 15:30:00,2.898016278398411,-0.014213486013661115
2046-06-05 16:00:00,2.9045544819646953,-0.014213486013661115
2046-06-05 16:30:00,2.9110926855309796,-0.014213486013661115
2046-06-05 17:00:00,2.9176308890972638,0.0
2046-06-05 17:30:00,2.9176308890972638,0.0
2046-06-05 18:00:00,2.9176308890972638,0.0
2046-06-05 18:30:00,2.9176308890972638,0.0
2046-06-05 19:00:00,2.9176308890972638,0.0
2046-06-05 19:30:00,2.9176308890972638,0.0
2046-06-05 20:00:00,2.9176308890972638,0.0
2046-06-05 20:30:00,2.9176308890972638,0.0
2046-06-05 21:00:00,2.9176308890972638,0.0
2046-06-05 21:30:00,2.9176308890972638,0.0
2046-06-05 22:00:00,2.9176308890972638,0.0
2046-06-05 22:30:00,2.9176308890972638,0.0
2046-06-05 23:00:00,2.9176308890972638,0.0
2046-06-05 23:30:00,2.9176308890972638,0.0
2046-06-06 00:00:00,2.9176308890972638,0.0
2046-06-06 00:30:00,2.9176308890972638,0.0
2046-06-06 01:00:00,2.9176308890972638,0.0
2046-06-06 01:30:00,2.9176308890972638,0.0
2046-06-06 02:00:00,2.9176308890972638,0.0
2046-06-06 02:30:00,2.9176308890972638,0.0
2046-06-06 03:00:00,2.9176308890972638,0.0
2046-06-06 03:30:00,2.9176308890972638,0.0
2046-06-06 04:00:00,2.9176308890972638,0.0
2046-06-06 04:30:00,2.9176308890972638,0.0
2046-06-06 05:00:00,2.9176308890972638,0.0
2046-06-06 05:30:00,2.9176308890972638,0.0
2046-06-06 06:00:00,2.9176308890972638,0.0
2046-06-06 06:30:00,2.9176308890972638,0.0
2046-06-06 07:00:00,2.9176308890972638,0.0
2046-06-06 07:30:00,2.9176308890972638,0.0
2046-06-06 08:00:00,2.9176308890972638,0.0
2046-06-06 08:30:00,2.9176308890972638,0.0
2046-06-06 09:00:00,2.9176308890972638,0.0
2046-06-06 09:30:00,2.9176308890972638,0.0
2046-06-06 10:00:00,2.9176308890972638,0.0
2046-06-06 10:30:00,2.9176308890972638,0.0
2046-06-06 11:00:00,2.9176308890972638,0.0
2046-06-06 11:30:00,2.9176308890972638,-0.014213486013661115
2046-06-06 12:00:00,2.924169092663548,0.0
2046-06-06 12:30:00,2.924169092663548,-0.014213486013661115
2046-06-06 13:00:00,2.930707296229832,0.0
2046-06-06 13:30:00,2.930707296229832,0.0
2046-06-06 14:00:00,2.930707296229832,-0.014213486013661115
2046-06-06 14:30:00,2.9372454997961164,-0.014213486013661115
2046-06-06 15:00:00,2.9437837033624006,-0.014213486013661115
2046-06-06 15:30:00,2.950321906928685,0.0
2046-06-06 16:00:00,2.950321906928685,-0.014213486013661115
2046-06-06 16:30:00,2.956860110494969,0.0
2046-06-06 17:00:00,2.956860110494969,0.0
2046-06-06 17:30:00,2.956860110494969,0.0
2046-06-06 18:00:00,2.956860110494969,0.0
2046-06-06 18:30:00,2.956860110494969,0.0
2046-06-06 19:00:00,2.956860110494969,0.0
2046-06-06 19:30:00,2.956860110494969,0.0
2046-06-06 20:00:00,2.956860110494969,0.0
2046-06-06 20:30:00,2.956860110494969,0.0
2046-06-06 21:00:00,2.956860110494969,0.0
2046-06-06 21:30:00,2.956860110494969,0.0
2046-06-06 22:00:00,2.956860110494969,0.0
2046-06-06 22:30:00,2.956860110494969,0.0
2046-06-06 23:00:00,2.956860110494969,0.0
2046-06-06 23:30:00,2.956860110494969,0.0
2046-06-07 00:00:00,2.956860110494969,0.0
2046-06-07 00:30:00,2.956860110494969,0.0
2046-06-07 01:00:00,2.956860110494969,0.0
2046-06-07 01:30:00,2.956860110494969,0.0
2046-06-07 02:00:00,2.956860110494969,0.0
2046-06-07 02:30:00,2.956860110494969,0.0
2046-06-07 03:00:00,2.956860110494969,0.0
2046-06-07 03:30:00,2.956860110494969,0.0
2046-06-07 04:00:00,2.956860110494969,0.0
2046-06-07 04:30:00,2.956860110494969,0.0
2046-06-07 05:00:00,2.956860110494969,0.0
2046-06-07 05:30:00,2.956860110494969,0.0
2046-06-07 06:00:00,2.956860110494969,0.0
2046-06-07 06:30:00,2.956860110494969,0.0
2046-06-07 07:00:00,2.956860110494969,0.0
2046-06-07 07:30:00,2.956860110494969,0.0
2046-06-07 08:00:00,2.956860110494969,0.0
2046-06-07 08:30:00,2.956860110494969,0.0
2046-06-07 09:00:00,2.956860110494969,0.0
2046-06-07 09:30:00,2.956860110494969,0.0
2046-06-07 10:00:00,2.956860110494969,-0.007062498664953
2046-06-07 10:30:00,2.9601088598808474,-0.014213486013661115
2046-06-07 11:00:00,2.9666470634471316,-0.014213486013661115
2046-06-07 11:30:00,2.973185267013416,-0.014213486013661115
2046-06-07 12:00:00,2.9797234705797,-0.003323455312981727
2046-06-07 12:30:00,2.9812522600236715,-0.014213486013661115
2046-06-07 13:00:00,2.9877904635899557,-0.014213486013661115
2046-06-07 13:30:00,2.99432866715624,-0.014213486013661115
2046-06-07 14:00:00,3.000866870722524,-0.014213486013661115
2046-06-07 14:30:00,3.0074050742888083,0.0
2046-06-07 15:00:00,3.0074050742888083,-0.014213486013661115
2046-06-07 15:30:00,3.0139432778550925,-0.014213486013661115
2046-06-07 16:00:00,3.0204814814213767,0.0
2046-06-07 16:30:00,3.0204814814213767,0.0
2046-06-07 17:00:00,3.0204814814213767,0.0
2046-06-07 17:30:00,3.0204814814213767,0.0
2046-06-07 18:00:00,3.0204814814213767,0.0
2046-06-07 18:30:00,3.0204814814213767,0.0
2046-06-07 19:00:00,3.0204814814213767,0.014213486013661115
2046-06-07 19:30:00,3.0127567607617722,0.014213486013661115
2046-06-07 20:00:00,3.0050320401021677,0.014213486013661115
2046-06-07 20:30:00,2.9973073194425632,0.0
2046-06-07 21:00:00,2.9973073194425632,0.0
2046-06-07 21:30:00,2.9973073194425632,0.0
2046-06-07 22:00:00,2.9973073194425632,0.0
2046-06-07 22:30:00,2.9973073194425632,0.0
2046-06-07 23:00:00,2.9973073194425632,0.0
2046-06-07 23:30:00,2.9973073194425632,0.0
2046-06-08 00:00:00,2.9973073194425632,0.0
2046-06-08 00:30:00,2.9973073194425632,0.0
2046-06-08 01:00:00,2.9973073194425632,0.0
2046-06-08 01:30:00,2.9973073194425632,0.0
2046-06-08 02:00:00,2.9973073194425632,0.0
2046-06-08 02:30:00,2.9973073194425632,0.0
2046-06-08 03:00:00,2.9973073194425632,0.014213486013661115
2046-06-08 03:30:00,2.9895825987829587,0.0
2046-06-08 04:00:00,2.9895825987829587,0.0
2046-06-08 04:30:00,2.9895825987829587,0.014213486013661115
2046-06-08 05:00:00,2.9818578781233542,0.0
2046-06-08 05:30:00,2.9818578781233542,0.0
2046-06-08 06:00:00,2.9818578781233542,0.0
2046-06-08 06:30:00,2.9818578781233542,0.014213486013661115
2046-06-08 07:00:00,2.9741331574637497,0.0
2046-06-08 07:30:00,2.9741331574637497,0.011984419219205981
2046-06-08 08:00:00,2.9676198861489587,0.014213486013661115
2046-06-08 08:30:00,2.959895165489354,0.0
2046-06-08 09:00:00,2.959895165489354,0.0
2046-06-08 09:30:00,2.959895165489354,-0.014213486013661115
2046-06-08 10:00:00,2.9664333690556384,-0.014213486013661115
2046-06-08 10:30:00,2.9729715726219226,-0.003788008337967219
2046-06-08 11:00:00,2.9747140564573873,-0.014213486013661115
2046-06-08 11:30:00,2.9812522600236715,0.0
2046-06-08 12:00:00,2.9812522600236715,0.0
2046-06-08 12:30:00,2.9812522600236715,-0.014213486013661115
2046-06-08 13:00:00,2.9877904635899557,-0.014213486013661115
2046-06-08 13:30:00,2.99432866715624,0.0
2046-06-08 14:00:00,2.99432866715624,-0.014213486013661115
2046-06-08 14:30:00,3.000866870722524,-0.014213486013661115
2046-06-08 15:00:00,3.0074050742888083,-0.014213486013661115
2046-06-08 15:30:00,3.0139432778550925,-0.014213486013661115
2046-06-08 16:00:00,3.0204814814213767,0.0
2046-06-08 16:30:00,3.0204814814213767,0.0
2046-06-08 17:00:00,3.0204814814213767,0.0
2046-06-08 17:30:00,3.0204814814213767,0.014213486013661115
2046-06-08 18:00:00,3.0127567607617722,0.014213486013661115
2046-06-08 18:30:00,3.0050320401021677,0.014213486013661115
2046-06-08 19:00:00,2.9973073194425632,0.014213486013661115
2046-06-08 19:30:00,2.9895825987829587,0.014213486013661115
2046-06-08 20:00:00,2.9818578781233542,0.014213486013661115
2046-06-08 20:30:00,2.9741331574637497,0.0
2046-06-08 21:00:00,2.9741331574637497,0.0
2046-06-08 21:30:00,2.9741331574637497,0.0
2046-06-08 22:00:00,2.9741331574637497,0.0
2046-06-08 22:30:00,2.9741331574637497,0.0
2046-06-08 23:00:00,2.9741331574637497,0.0
2046-06-08 23:30:00,2.9741331574637497,0.0
2046-06-09 00:00:00,2.9741331574637497,0.0
2046-06-09 00:30:00,2.9741331574637497,0.014213486013661115
2046-06-09 01:00:00,2.9664084368041452,0.014213486013661115
2046-06-09 01:30:00,2.9586837161445407,0.014213486013661115
2046-06-09 02:00:00,2.9509589954849362,0.014213486013661115
2046-06-09 02:30:00,2.9432342748253317,0.014213486013661115
2046-06-09 03:00:00,2.9355095541657272,0.014213486013661115
2046-06-09 03:30:00,2.9277848335061227,0.014213486013661115
2046-06-09 04:00:00,2.9200601128465182,0.014213486013661115
2046-06-09 04:30:00,2.9123353921869137,0.014213486013661115
2046-06-09 05:00:00,2.9046106715273092,0.014213486013661115
2046-06-09 05:30:00,2.8968859508677047,0.014213486013661115
2046-06-09 06:00:00,2.8891612302081002,0.014213486013661115
2046-06-09 06:30:00,2.8814365095484957,0.014213486013661115
2046-06-09 07:00:00,2.8737117888888912,0.014213486013661115
2046-06-09 07:30:00,2.8659870682292867,0.014213486013661115
2046-06-09 08:00:00,2.8582623475696822,0.014213486013661115
2046-06-09 08:30:00,2.8505376269100777,0.0
2046-06-09 09:00:00,2.8505376269100777,0.0
2046-06-09 09:30:00,2.8505376269100777,0.0
2046-06-09 10:00:00,2.8505376269100777,0.0
2046-06-09 10:30:00,2.8505376269100777,0.0
2046-06-09 11:00:00,2.8505376269100777,0.0
2046-06-09 11:30:00,2.8505376269100777,0.0
2046-06-09 12:00:00,2.8505376269100777,0.0
2046-06-09 12:30:00,2.8505376269100777,0.0
2046-06-09 13:00:00,2.8505376269100777,0.0
2046-06-09 13:30:00,2.8505376269100777,0.0
2046-06-09 14:00:00,2.8505376269100777,0.0
2046-06-09 14:30:00,2.8505376269100777,0.0
2046-06-09 15:00:00,2.8505376269100777,0.0
2046-06-09 15:30:00,2.8505376269100777,0.014213486013661115
2046-06-09 16:00:00,2.8428129062504732,0.014213486013661115
2046-06-09 16:30:00,2.8350881855908687,0.0
2046-06-09 17:00:00,2.8350881855908687,0.014213486013661115
2046-06-09 17:30:00,2.8273634649312642,0.014213486013661115
2046-06-09 18:00:00,2.8196387442716597,0.014213486013661115
2046-06-09 18:30:00,2.8119140236120552,0.014213486013661115
2046-06-09 19:00:00,2.8041893029524507,0.014213486013661115
2046-06-09 19:30:00,2.7964645822928462,0.014213486013661115
2046-06-09 20:00:00,2.7887398616332417,0.014213486013661115
2046-06-09 20:30:00,2.7810151409736372,0.014213486013661115
2046-06-09 21:00:00,2.7732904203140327,0.014213486013661115
2046-06-09 21:30:00,2.7655656996544282,0.014213486013661115
2046-06-09 22:00:00,2.7578409789948237,0.014213486013661115
2046-06-09 22:30:00,2.750116258335219,0.014213486013661115
2046-06-09 23:00:00,2.7423915376756147,0.014213486013661115
2046-06-09 23:30:00,2.73466681701601,0.014213486013661115
2046-06-10 00:00:00,2.7269420963564057,0.014213486013661115
2046-06-10 00:30:00,2.719217375696801,0.014213486013661115
2046-06-10 01:00:00,2.7114926550371967,0.014213486013661115
2046-06-10 01:30:00,2.703767934377592,0.014213486013661115
2046-06-10 02:00:00,2.6960432137179877,0.014213486013661115
2046-06-10 02:30:00,2.688318493058383,0.014213486013661115
2046-06-10 03:00:00,2.6805937723987787,0.014213486013661115
2046-06-10 03:30:00,2.672869051739174,0.014213486013661115
2046-06-10 04:00:00,2.6651443310795697,0.014213486013661115
2046-06-10 04:30:00,2.657419610419965,0.014213486013661115
2046-06-10 05:00:00,2.6496948897603607,0.014213486013661115
2046-06-10 05:30:00,2.641970169100756,0.014213486013661115
2046-06-10 06:00:00,2.6342454484411517,0.014213486013661115
2046-06-10 06:30:00,2.626520727781547,0.014213486013661115
2046-06-10 07:00:00,2.6187960071219427,0.014213486013661115
2046-06-10 07:30:00,2.611071286462338,0.014213486013661115
2046-06-10 08:00:00,2.6033465658027337,0.014213486013661115
2046-06-10 08:30:00,2.595621845143129,0.0
2046-06-10 09:00:00,2.595621845143129,0.0
2046-06-10 09:30:00,2.595621845143129,-0.014213486013661115
2046-06-10 10:00:00,2.6021600487094134,0.0
2046-06-10 10:30:00,2.6021600487094134,-0.014213486013661115
2046-06-10 11:00:00,2.6086982522756976,0.0
2046-06-10 11:30:00,2.6086982522756976,-0.014213486013661115
2046-06-10 12:00:00,2.615236455841982,0.0
2046-06-10 12:30:00,2.615236455841982,0.0
2046-06-10 13:00:00,2.615236455841982,0.0
2046-06-10 13:30:00,2.615236455841982,0.0
2046-06-10 14:00:00,2.615236455841982,0.0
2046-06-10 14:30:00,2.615236455841982,0.0
2046-06-10 15:00:00,2.615236455841982,0.0
2046-06-10 15:30:00,2.615236455841982,0.0
2046-06-10 16:00:00,2.615236455841982,0.0
2046-06-10 16:30:00,2.615236455841982,0.0
2046-06-10 17:00:00,2.615236455841982,0.0
2046-06-10 17:30:00,2.615236455841982,0.0
2046-06-10 18:00:00,2.615236455841982,0.0
2046-06-10 18:30:00,2.615236455841982,0.0
2046-06-10 19:00:00,2.615236455841982,0.0
2046-06-10 19:30:00,2.615236455841982,0.0
2046-06-10 20:00:00,2.615236455841982,0.0
2046-06-10 20:30:00,2.615236455841982,0.0
2046-06-10 21:00:00,2.615236455841982,0.0
2046-06-10 21:30:00,2.615236455841982,0.0
2046-06-10 22:00:00,2.615236455841982,0.0
2046-06-10 22:30:00,2.615236455841982,0.0
2046-06-10 23:00:00,2.615236455841982,0.0
2046-06-10 23:30:00,2.615236455841982,0.0
2046-06-11 00:00:00,2.615236455841982,0.0013417530790308088
2046-06-11 00:30:00,2.614507242212073,0.0
2046-06-11 01:00:00,2.614507242212073,0.014213486013661115
2046-06-11 01:30:00,2.6067825215524687,0.0
2046-06-11 02:00:00,2.6067825215524687,0.0
2046-06-11 02:30:00,2.6067825215524687,0.0
2046-06-11 03:00:00,2.6067825215524687,0.014213486013661115
2046-06-11 03:30:00,2.599057800892864,0.0
2046-06-11 04:00:00,2.599057800892864,0.0
2046-06-11 04:30:00,2.599057800892864,0.0
2046-06-11 05:00:00,2.599057800892864,0.0
2046-06-11 05:30:00,2.599057800892864,0.0
2046-06-11 06:00:00,2.599057800892864,0.014213486013661115
2046-06-11 06:30:00,2.5913330802332597,0.0
2046-06-11 07:00:00,2.5913330802332597,0.014213486013661115
2046-06-11 07:30:00,2.583608359573655,0.0
2046-06-11 08:00:00,2.583608359573655,0.014213486013661115
2046-06-11 08:30:00,2.5758836389140507,0.0
2046-06-11 09:00:00,2.5758836389140507,-0.014213486013661115
2046-06-11 09:30:00,2.582421842480335,-0.014213486013661115
2046-06-11 10:00:00,2.588960046046619,-0.014213486013661115
2046-06-11 10:30:00,2.5954982496129033,-0.014213486013661115
2046-06-11 11:00:00,2.6020364531791875,-0.014213486013661115
2046-06-11 11:30:00,2.6085746567454717,-0.014213486013661115
2046-06-11 12:00:00,2.615112860311756,-0.014213486013661115
2046-06-11 12:30:00,2.62165106387804,-0.014213486013661115
2046-06-11 13:00:00,2.6281892674443244,-0.014213486013661115
2046-06-11 13:30:00,2.6347274710106086,-0.014213486013661115
2046-06-11 14:00:00,2.6412656745768928,-0.014213486013661115
2046-06-11 14:30:00,2.647803878143177,-0.014213486013661115
2046-06-11 15:00:00,2.654342081709461,-0.014213486013661115
2046-06-11 15:30:00,2.6608802852757454,-0.014213486013661115
2046-06-11 16:00:00,2.6674184888420296,-0.014213486013661115
2046-06-11 16:30:00,2.673956692408314,0.0
2046-06-11 17:00:00,2.673956692408314,0.0
2046-06-11 17:30:00,2.673956692408314,0.0
2046-06-11 18:00:00,2.673956692408314,0.0
2046-06-11 18:30:00,2.673956692408314,0.0
2046-06-11 19:00:00,2.673956692408314,0.0
2046-06-11 19:30:00,2.673956692408314,0.0
2046-06-11 20:00:00,2.673956692408314,0.0
2046-06-11 20:30:00,2.673956692408314,0.0
2046-06-11 21:00:00,2.673956692408314,0.0
2046-06-11 21:30:00,2.673956692408314,0.0
2046-06-11 22:00:00,2.673956692408314,0.0
2046-06-11 22:30:00,2.673956692408314,0.0
2046-06-11 23:00:00,2.673956692408314,0.0
2046-06-11 23:30:00,2.673956692408314,0.0
2046-06-12 00:00:00,2.673956692408314,0.0
2046-06-12 00:30:00,2.673956692408314,0.0
2046-06-12 01:00:00,2.673956692408314,-0.014213486013661115
2046-06-12 01:30:00,2.680494895974598,-0.014213486013661115
2046-06-12 02:00:00,2.687033099540882,-0.014213486013661115
2046-06-12 02:30:00,2.6935713031071664,0.0
2046-06-12 03:00:00,2.6935713031071664,0.0
2046-06-12 03:30:00,2.6935713031071664,0.0
2046-06-12 04:00:00,2.6935713031071664,0.0
2046-06-12 04:30:00,2.6935713031071664,0.0
2046-06-12 05:00:00,2.6935713031071664,0.0
2046-06-12 05:30:00,2.6935713031071664,-0.014213486013661115
2046-06-12 06:00:00,2.7001095066734506,-0.014213486013661115
2046-06-12 06:30:00,2.706647710239735,0.0
2046-06-12 07:00:00,2.706647710239735,0.0
2046-06-12 07:30:00,2.706647710239735,0.0
2046-06-12 08:00:00,2.706647710239735,-0.014213486013661115
2046-06-12 08:30:00,2.713185913806019,-0.014213486013661115
2046-06-12 09:00:00,2.7197241173723032,-0.014213486013661115
2046-06-12 09:30:00,2.7262623209385874,-0.014213486013661115
2046-06-12 10:00:00,2.7328005245048717,-0.014213486013661115
2046-06-12 10:30:00,2.739338728071156,-0.014213486013661115
2046-06-12 11:00:00,2.74587693163744,-0.014213486013661115
2046-06-12 11:30:00,2.7524151352037243,-0.014213486013661115
2046-06-12 12:00:00,2.7589533387700085,-0.014213486013661115
2046-06-12 12:30:00,2.7654915423362927,-0.014213486013661115
2046-06-12 13:00:00,2.772029745902577,-0.014213486013661115
2046-06-12 13:30:00,2.778567949468861,-0.014213486013661115
2046-06-12 14:00:00,2.7851061530351453,-0.014213486013661115
2046-06-12 14:30:00,2.7916443566014295,-0.014213486013661115
2046-06-12 15:00:00,2.7981825601677137,-0.014213486013661115
2046-06-12 15:30:00,2.804720763733998,-0.014213486013661115
2046-06-12 16:00:00,2.811258967300282,-0.014213486013661115
2046-06-12 16:30:00,2.8177971708665663,-0.014213486013661115
2046-06-12 17:00:00,2.8243353744328505,0.0
2046-06-12 17:30:00,2.8243353744328505,0.0
2046-06-12 18:00:00,2.8243353744328505,0.0
2046-06-12 18:30:00,2.8243353744328505,0.0
2046-06-12 19:00:00,2.8243353744328505,0.0
2046-06-12 19:30:00,2.8243353744328505,0.0
2046-06-12 20:00:00,2.8243353744328505,0.0
2046-06-12 20:30:00,2.8243353744328505,0.0
2046-06-12 21:00:00,2.8243353744328505,0.0
2046-06-12 21:30:00,2.8243353744328505,-0.014213486013661115
2046-06-12 22:00:00,2.8308735779991347,-0.014213486013661115
2046-06-12 22:30:00,2.837411781565419,-0.014213486013661115
2046-06-12 23:00:00,2.843949985131703,0.0
2046-06-12 23:30:00,2.843949985131703,-0.014213486013661115
2046-06-13 00:00:00,2.8504881886979874,0.0
2046-06-13 00:30:00,2.8504881886979874,0.0
2046-06-13 01:00:00,2.8504881886979874,0.0
2046-06-13 01:30:00,2.8504881886979874,0.0
2046-06-13 02:00:00,2.8504881886979874,0.0
2046-06-13 02:30:00,2.8504881886979874,-0.014213486013661115
2046-06-13 03:00:00,2.8570263922642716,0.0
2046-06-13 03:30:00,2.8570263922642716,0.0
2046-06-13 04:00:00,2.8570263922642716,-0.014213486013661115
2046-06-13 04:30:00,2.863564595830556,0.0
2046-06-13 05:00:00,2.863564595830556,-0.014213486013661115
2046-06-13 05:30:00,2.87010279939684,-0.014213486013661115
2046-06-13 06:00:00,2.876641002963124,0.0
2046-06-13 06:30:00,2.876641002963124,-0.014213486013661115
2046-06-13 07:00:00,2.8831792065294084,0.0
2046-06-13 07:30:00,2.8831792065294084,0.0
2046-06-13 08:00:00,2.8831792065294084,-0.014213486013661115
2046-06-13 08:30:00,2.8897174100956926,-0.014213486013661115
2046-06-13 09:00:00,2.896255613661977,-0.014213486013661115
2046-06-13 09:30:00,2.902793817228261,-0.014213486013661115
2046-06-13 10:00:00,2.9093320207945452,-0.014213486013661115
2046-06-13 10:30:00,2.9158702243608294,-0.014213486013661115
2046-06-13 11:00:00,2.9224084279271136,-0.014213486013661115
2046-06-13 11:30:00,2.928946631493398,-0.014213486013661115
2046-06-13 12:00:00,2.935484835059682,-0.014213486013661115
2046-06-13 12:30:00,2.9420230386259663,-0.014213486013661115
2046-06-13 13:00:00,2.9485612421922505,-0.014213486013661115
2046-06-13 13:30:00,2.9550994457585347,-0.014213486013661115
2046-06-13 14:00:00,2.961637649324819,-0.014213486013661115
2046-06-13 14:30:00,2.968175852891103,-0.014213486013661115
2046-06-13 15:00:00,2.9747140564573873,-0.014213486013661115
2046-06-13 15:30:00,2.9812522600236715,-0.014213486013661115
2046-06-13 16:00:00,2.9877904635899557,-0.014213486013661115
2046-06-13 16:30:00,2.99432866715624,-0.014213486013661115
2046-06-13 17:00:00,3.000866870722524,-0.014213486013661115
2046-06-13 17:30:00,3.0074050742888083,0.0
2046-06-13 18:00:00,3.0074050742888083,0.0
2046-06-13 18:30:00,3.0074050742888083,-0.014213486013661115
2046-06-13 19:00:00,3.0139432778550925,-0.014213486013661115
2046-06-13 19:30:00,3.0204814814213767,0.0
2046-06-13 20:00:00,3.0204814814213767,0.0
2046-06-13 20:30:00,3.0204814814213767,0.0
2046-06-13 21:00:00,3.0204814814213767,0.0
2046-06-13 21:30:00,3.0204814814213767,0.0
2046-06-13 22:00:00,3.0204814814213767,0.0
2046-06-13 22:30:00,3.0204814814213767,0.0
2046-06-13 23:00:00,3.0204814814213767,0.0
2046-06-13 23:30:00,3.0204814814213767,0.0
2046-06-14 00:00:00,3.0204814814213767,0.0
2046-06-14 00:30:00,3.0204814814213767,0.0
2046-06-14 01:00:00,3.0204814814213767,0.0
2046-06-14 01:30:00,3.0204814814213767,0.0
2046-06-14 02:00:00,3.0204814814213767,0.0
2046-06-14 02:30:00,3.0204814814213767,0.0
2046-06-14 03:00:00,3.0204814814213767,0.0
2046-06-14 03:30:00,3.0204814814213767,0.0
2046-06-14 04:00:00,3.0204814814213767,0.0
2046-06-14 04:30:00,3.0204814814213767,0.0
2046-06-14 05:00:00,3.0204814814213767,0.0
2046-06-14 05:30:00,3.0204814814213767,0.0
2046-06-14 06:00:00,3.0204814814213767,0.0
2046-06-14 06:30:00,3.0204814814213767,0.0
2046-06-14 07:00:00,3.0204814814213767,0.0
2046-06-14 07:30:00,3.0204814814213767,0.0
2046-06-14 08:00:00,3.0204814814213767,0.0
2046-06-14 08:30:00,3.0204814814213767,0.0
2046-06-14 09:00:00,3.0204814814213767,0.0
2046-06-14 09:30:00,3.0204814814213767,0.0
2046-06-14 10:00:00,3.0204814814213767,0.0
2046-06-14 10:30:00,3.0204814814213767,0.0
2046-06-14 11:00:00,3.0204814814213767,0.0
2046-06-14 11:30:00,3.0204814814213767,0.0
2046-06-14 12:00:00,3.0204814814213767,0.0
2046-06-14 12:30:00,3.0204814814213767,0.0
2046-06-14 13:00:00,3.0204814814213767,0.0
2046-06-14 13:30:00,3.0204814814213767,0.0
2046-06-14 14:00:00,3.0204814814213767,0.0
2046-06-14 14:30:00,3.0204814814213767,0.0
2046-06-14 15:00:00,3.0204814814213767,0.0
2046-06-14 15:30:00,3.0204814814213767,0.0
2046-06-14 16:00:00,3.0204814814213767,0.0
2046-06-14 16:30:00,3.0204814814213767,0.0
2046-06-14 17:00:00,3.0204814814213767,0.0
2046-06-14 17:30:00,3.0204814814213767,0.0
2046-06-14 18:00:00,3.0204814814213767,0.0
2046-06-14 18:30:00,3.0204814814213767,0.0
2046-06-14 19:00:00,3.0204814814213767,0.0
2046-06-14 19:30:00,3.0204814814213767,0.0
2046-06-14 20:00:00,3.0204814814213767,0.0
2046-06-14 20:30:00,3.0204814814213767,0.0
2046-06-14 21:00:00,3.0204814814213767,0.0
2046-06-14 21:30:00,3.0204814814213767,0.0
2046-06-14 22:00:00,3.0204814814213767,0.0
2046-06-14 22:30:00,3.0204814814213767,0.0
2046-06-14 23:00:00,3.0204814814213767,0.0
2046-06-14 23:30:00,3.0204814814213767,0.0
2046-06-15 00:00:00,3.0204814814213767,0.0
2046-06-15 00:30:00,3.0204814814213767,0.0
2046-06-15 01:00:00,3.0204814814213767,0.0
2046-06-15 01:30:00,3.0204814814213767,0.0
2046-06-15 02:00:00,3.0204814814213767,0.014213486013661115
2046-06-15 02:30:00,3.0127567607617722,0.014213486013661115
2046-06-15 03:00:00,3.0050320401021677,0.0
2046-06-15 03:30:00,3.0050320401021677,0.0
2046-06-15 04:00:00,3.0050320401021677,0.0
2046-06-15 04:30:00,3.0050320401021677,0.0
2046-06-15 05:00:00,3.0050320401021677,0.0
2046-06-15 05:30:00,3.0050320401021677,0.0
2046-06-15 06:00:00,3.0050320401021677,0.0
2046-06-15 06:30:00,3.0050320401021677,0.0
2046-06-15 07:00:00,3.0050320401021677,0.0
2046-06-15 07:30:00,3.0050320401021677,0.0
2046-06-15 08:00:00,3.0050320401021677,0.014213486013661115
2046-06-15 08:30:00,2.9973073194425632,0.0
2046-06-15 09:00:00,2.9973073194425632,0.0
2046-06-15 09:30:00,2.9973073194425632,-0.014213486013661115
2046-06-15 10:00:00,3.0038455230088474,0.0
2046-06-15 10:30:00,3.0038455230088474,-0.014213486013661115
2046-06-15 11:00:00,3.0103837265751316,0.0
2046-06-15 11:30:00,3.0103837265751316,0.0
2046-06-15 12:00:00,3.0103837265751316,-0.0077381549564366995
2046-06-15 12:30:00,3.0139432778550925,-0.014213486013661115
2046-06-15 13:00:00,3.0204814814213767,0.0
2046-06-15 13:30:00,3.0204814814213767,0.0
2046-06-15 14:00:00,3.0204814814213767,0.0
2046-06-15 14:30:00,3.0204814814213767,0.0
2046-06-15 15:00:00,3.0204814814213767,0.0
2046-06-15 15:30:00,3.0204814814213767,0.0
2046-06-15 16:00:00,3.0204814814213767,0.0
2046-06-15 16:30:00,3.0204814814213767,0.0
2046-06-15 17:00:00,3.0204814814213767,0.0
2046-06-15 17:30:00,3.0204814814213767,0.0
2046-06-15 18:00:00,3.0204814814213767,0.0
2046-06-15 18:30:00,3.0204814814213767,0.014213486013661115
2046-06-15 19:00:00,3.0127567607617722,0.0
2046-06-15 19:30:00,3.0127567607617722,0.0
2046-06-15 20:00:00,3.0127567607617722,0.0
2046-06-15 20:30:00,3.0127567607617722,0.0
2046-06-15 21:00:00,3.0127567607617722,0.0
2046-06-15 21:30:00,3.0127567607617722,0.0
2046-06-15 22:00:00,3.0127567607617722,0.0
2046-06-15 22:30:00,3.0127567607617722,0.0
2046-06-15 23:00:00,3.0127567607617722,0.0
2046-06-15 23:30:00,3.0127567607617722,0.014213486013661115
2046-06-16 00:00:00,3.0050320401021677,0.0
2046-06-16 00:30:00,3.0050320401021677,0.014213486013661115
2046-06-16 01:00:00,2.9973073194425632,0.0
2046-06-16 01:30:00,2.9973073194425632,0.0
2046-06-16 02:00:00,2.9973073194425632,0.0
2046-06-16 02:30:00,2.9973073194425632,0.0
2046-06-16 03:00:00,2.9973073194425632,0.014213486013661115
2046-06-16 03:30:00,2.9895825987829587,0.0
2046-06-16 04:00:00,2.9895825987829587,0.014213486013661115
2046-06-16 04:30:00,2.9818578781233542,0.0
2046-06-16 05:00:00,2.9818578781233542,0.0
2046-06-16 05:30:00,2.9818578781233542,0.0
2046-06-16 06:00:00,2.9818578781233542,0.0
2046-06-16 06:30:00,2.9818578781233542,0.0
2046-06-16 07:00:00,2.9818578781233542,0.014213486013661115
2046-06-16 07:30:00,2.9741331574637497,0.0
2046-06-16 08:00:00,2.9741331574637497,0.014213486013661115
2046-06-16 08:30:00,2.9664084368041452,0.0
2046-06-16 09:00:00,2.9664084368041452,0.0
2046-06-16 09:30:00,2.9664084368041452,-0.014213486013661115
2046-06-16 10:00:00,2.9729466403704294,-0.014213486013661115
2046-06-16 10:30:00,2.9794848439367136,-0.014213486013661115
2046-06-16 11:00:00,2.986023047502998,-0.014213486013661115
2046-06-16 11:30:00,2.992561251069282,-0.014213486013661115
2046-06-16 12:00:00,2.9990994546355663,-0.014213486013661115
2046-06-16 12:30:00,3.0056376582018505,-0.0038422088846909812
2046-06-16 13:00:00,3.0074050742888083,-0.014213486013661115
2046-06-16 13:30:00,3.0139432778550925,-0.014213486013661115
2046-06-16 14:00:00,3.0204814814213767,0.0
2046-06-16 14:30:00,3.0204814814213767,0.0
2046-06-16 15:00:00,3.0204814814213767,0.0
2046-06-16 15:30:00,3.0204814814213767,0.0
2046-06-16 16:00:00,3.0204814814213767,0.0
2046-06-16 16:30:00,3.0204814814213767,0.0
2046-06-16 17:00:00,3.0204814814213767,0.0
2046-06-16 17:30:00,3.0204814814213767,0.0
2046-06-16 18:00:00,3.0204814814213767,0.0
2046-06-16 18:30:00,3.0204814814213767,0.0
2046-06-16 19:00:00,3.0204814814213767,0.0
2046-06-16 19:30:00,3.0204814814213767,0.0
2046-06-16 20:00:00,3.0204814814213767,0.0
2046-06-16 20:30:00,3.0204814814213767,0.0
2046-06-16 21:00:00,3.0204814814213767,0.0
2046-06-16 21:30:00,3.0204814814213767,0.0
2046-06-16 22:00:00,3.0204814814213767,0.0
2046-06-16 22:30:00,3.0204814814213767,0.0
2046-06-16 23:00:00,3.0204814814213767,0.0
2046-06-16 23:30:00,3.0204814814213767,0.0
2046-06-17 00:00:00,3.0204814814213767,0.0
2046-06-17 00:30:00,3.0204814814213767,0.0
2046-06-17 01:00:00,3.0204814814213767,0.0
2046-06-17 01:30:00,3.0204814814213767,0.0
2046-06-17 02:00:00,3.0204814814213767,0.0
2046-06-17 02:30:00,3.0204814814213767,0.0
2046-06-17 03:00:00,3.0204814814213767,0.0
2046-06-17 03:30:00,3.0204814814213767,0.0
2046-06-17 04:00:00,3.0204814814213767,0.0
2046-06-17 04:30:00,3.0204814814213767,0.0
2046-06-17 05:00:00,3.0204814814213767,0.0
2046-06-17 05:30:00,3.0204814814213767,0.0
2046-06-17 06:00:00,3.0204814814213767,0.0
2046-06-17 06:30:00,3.0204814814213767,0.012030294561953316
2046-06-17 07:00:00,3.0139432778550925,0.0
2046-06-17 07:30:00,3.0139432778550925,0.0
2046-06-17 08:00:00,3.0139432778550925,0.0
2046-06-17 08:30:00,3.0139432778550925,0.0
2046-06-17 09:00:00,3.0139432778550925,0.0
2046-06-17 09:30:00,3.0139432778550925,-0.014213486013661115
2046-06-17 10:00:00,3.0204814814213767,0.0
2046-06-17 10:30:00,3.0204814814213767,0.0
2046-06-17 11:00:00,3.0204814814213767,0.0
2046-06-17 11:30:00,3.0204814814213767,0.0
2046-06-17 12:00:00,3.0204814814213767,0.0
2046-06-17 12:30:00,3.0204814814213767,0.0
2046-06-17 13:00:00,3.0204814814213767,0.0
2046-06-17 13:30:00,3.0204814814213767,0.0
2046-06-17 14:00:00,3.0204814814213767,0.0
2046-06-17 14:30:00,3.0204814814213767,0.0
2046-06-17 15:00:00,3.0204814814213767,0.0
2046-06-17 15:30:00,3.0204814814213767,0.0
2046-06-17 16:00:00,3.0204814814213767,0.0
2046-06-17 16:30:00,3.0204814814213767,0.0
2046-06-17 17:00:00,3.0204814814213767,0.0
2046-06-17 17:30:00,3.0204814814213767,0.0
2046-06-17 18:00:00,3.0204814814213767,0.014213486013661115
2046-06-17 18:30:00,3.0127567607617722,0.014213486013661115
2046-06-17 19:00:00,3.0050320401021677,0.0
2046-06-17 19:30:00,3.0050320401021677,0.0
2046-06-17 20:00:00,3.0050320401021677,0.014213486013661115
2046-06-17 20:30:00,2.9973073194425632,0.014213486013661115
2046-06-17 21:00:00,2.9895825987829587,0.014213486013661115
2046-06-17 21:30:00,2.9818578781233542,0.014213486013661115
2046-06-17 22:00:00,2.9741331574637497,0.014213486013661115
2046-06-17 22:30:00,2.9664084368041452,0.0
2046-06-17 23:00:00,2.9664084368041452,0.0
2046-06-17 23:30:00,2.9664084368041452,0.014213486013661115
2046-06-18 00:00:00,2.9586837161445407,0.0
2046-06-18 00:30:00,2.9586837161445407,0.0
2046-06-18 01:00:00,2.9586837161445407,0.0
2046-06-18 01:30:00,2.9586837161445407,0.0
2046-06-18 02:00:00,2.9586837161445407,0.0
2046-06-18 02:30:00,2.9586837161445407,0.0
2046-06-18 03:00:00,2.9586837161445407,0.0
2046-06-18 03:30:00,2.9586837161445407,0.0
2046-06-18 04:00:00,2.9586837161445407,0.0
2046-06-18 04:30:00,2.9586837161445407,0.0
2046-06-18 05:00:00,2.9586837161445407,0.0
2046-06-18 05:30:00,2.9586837161445407,0.0
2046-06-18 06:00:00,2.9586837161445407,0.0
2046-06-18 06:30:00,2.9586837161445407,0.014213486013661115
2046-06-18 07:00:00,2.9509589954849362,0.014213486013661115
2046-06-18 07:30:00,2.9432342748253317,0.0
2046-06-18 08:00:00,2.9432342748253317,0.014213486013661115
2046-06-18 08:30:00,2.9355095541657272,0.014213486013661115
2046-06-18 09:00:00,2.9277848335061227,0.0
2046-06-18 09:30:00,2.9277848335061227,0.014213486013661115
2046-06-18 10:00:00,2.9200601128465182,0.014213486013661115
2046-06-18 10:30:00,2.9123353921869137,0.0
2046-06-18 11:00:00,2.9123353921869137,0.0
2046-06-18 11:30:00,2.9123353921869137,0.0
2046-06-18 12:00:00,2.9123353921869137,0.0
2046-06-18 12:30:00,2.9123353921869137,0.0
2046-06-18 13:00:00,2.9123353921869137,0.0
2046-06-18 13:30:00,2.9123353921869137,0.0
2046-06-18 14:00:00,2.9123353921869137,0.0
2046-06-18 14:30:00,2.9123353921869137,0.0
2046-06-18 15:00:00,2.9123353921869137,0.0
2046-06-18 15:30:00,2.9123353921869137,0.0
2046-06-18 16:00:00,2.9123353921869137,0.0
2046-06-18 16:30:00,2.9123353921869137,0.0
2046-06-18 17:00:00,2.9123353921869137,0.0
2046-06-18 17:30:00,2.9123353921869137,0.0
2046-06-18 18:00:00,2.9123353921869137,0.0
2046-06-18 18:30:00,2.9123353921869137,0.0
2046-06-18 19:00:00,2.9123353921869137,0.0
2046-06-18 19:30:00,2.9123353921869137,0.0
2046-06-18 20:00:00,2.9123353921869137,0.0
2046-06-18 20:30:00,2.9123353921869137,0.014213486013661115
2046-06-18 21:00:00,2.9046106715273092,0.014213486013661115
2046-06-18 21:30:00,2.8968859508677047,0.014213486013661115
2046-06-18 22:00:00,2.8891612302081002,0.014213486013661115
2046-06-18 22:30:00,2.8814365095484957,0.014213486013661115
2046-06-18 23:00:00,2.8737117888888912,0.014213486013661115
2046-06-18 23:30:00,2.8659870682292867,0.014213486013661115
2046-06-19 00:00:00,2.8582623475696822,0.014213486013661115
2046-06-19 00:30:00,2.8505376269100777,0.014213486013661115
2046-06-19 01:00:00,2.8428129062504732,0.014213486013661115
2046-06-19 01:30:00,2.8350881855908687,0.014213486013661115
2046-06-19 02:00:00,2.8273634649312642,0.014213486013661115
2046-06-19 02:30:00,2.8196387442716597,0.014213486013661115
2046-06-19 03:00:00,2.8119140236120552,0.0
2046-06-19 03:30:00,2.8119140236120552,0.0
2046-06-19 04:00:00,2.8119140236120552,0.0
2046-06-19 04:30:00,2.8119140236120552,0.0
2046-06-19 05:00:00,2.8119140236120552,0.0
2046-06-19 05:30:00,2.8119140236120552,0.0
2046-06-19 06:00:00,2.8119140236120552,0.014213486013661115
2046-06-19 06:30:00,2.8041893029524507,0.014213486013661115
2046-06-19 07:00:00,2.7964645822928462,0.014213486013661115
2046-06-19 07:30:00,2.7887398616332417,0.014213486013661115
2046-06-19 08:00:00,2.7810151409736372,0.014213486013661115
2046-06-19 08:30:00,2.7732904203140327,0.0
2046-06-19 09:00:00,2.7732904203140327,0.0
2046-06-19 09:30:00,2.7732904203140327,0.0
2046-06-19 10:00:00,2.7732904203140327,0.0
2046-06-19 10:30:00,2.7732904203140327,0.0
2046-06-19 11:00:00,2.7732904203140327,0.0
2046-06-19 11:30:00,2.7732904203140327,-0.014213486013661115
2046-06-19 12:00:00,2.779828623880317,-0.014213486013661115
2046-06-19 12:30:00,2.786366827446601,0.0
2046-06-19 13:00:00,2.786366827446601,0.0
2046-06-19 13:30:00,2.786366827446601,-0.014213486013661115
2046-06-19 14:00:00,2.7929050310128853,0.0
2046-06-19 14:30:00,2.7929050310128853,-0.014213486013661115
2046-06-19 15:00:00,2.7994432345791695,-0.014213486013661115
2046-06-19 15:30:00,2.8059814381454538,-0.014213486013661115
2046-06-19 16:00:00,2.812519641711738,0.0
2046-06-19 16:30:00,2.812519641711738,0.0
2046-06-19 17:00:00,2.812519641711738,0.0
2046-06-19 17:30:00,2.812519641711738,0.0
2046-06-19 18:00:00,2.812519641711738,0.0
2046-06-19 18:30:00,2.812519641711738,0.0
2046-06-19 19:00:00,2.812519641711738,0.0
2046-06-19 19:30:00,2.812519641711738,0.0
2046-06-19 20:00:00,2.812519641711738,0.0
2046-06-19 20:30:00,2.812519641711738,0.0
2046-06-19 21:00:00,2.812519641711738,0.0
2046-06-19 21:30:00,2.812519641711738,0.0
2046-06-19 22:00:00,2.812519641711738,0.0
2046-06-19 22:30:00,2.812519641711738,0.0
2046-06-19 23:00:00,2.812519641711738,0.0
2046-06-19 23:30:00,2.812519641711738,0.0
2046-06-20 00:00:00,2.812519641711738,0.0
2046-06-20 00:30:00,2.812519641711738,0.0
2046-06-20 01:00:00,2.812519641711738,0.0
2046-06-20 01:30:00,2.812519641711738,0.0
2046-06-20 02:00:00,2.812519641711738,0.0
2046-06-20 02:30:00,2.812519641711738,-0.014213486013661115
2046-06-20 03:00:00,2.819057845278022,0.0
2046-06-20 03:30:00,2.819057845278022,0.0
2046-06-20 04:00:00,2.819057845278022,0.0
2046-06-20 04:30:00,2.819057845278022,-0.014213486013661115
2046-06-20 05:00:00,2.8255960488443064,-0.014213486013661115
2046-06-20 05:30:00,2.8321342524105906,-0.014213486013661115
2046-06-20 06:00:00,2.838672455976875,-0.014213486013661115
2046-06-20 06:30:00,2.845210659543159,-0.014213486013661115
2046-06-20 07:00:00,2.851748863109443,-0.014213486013661115
2046-06-20 07:30:00,2.8582870666757274,-0.014213486013661115
2046-06-20 08:00:00,2.8648252702420116,-0.014213486013661115
2046-06-20 08:30:00,2.871363473808296,-0.014213486013661115
2046-06-20 09:00:00,2.87790167737458,-0.014213486013661115
2046-06-20 09:30:00,2.8844398809408642,-0.014213486013661115
2046-06-20 10:00:00,2.8909780845071484,-0.014213486013661115
2046-06-20 10:30:00,2.8975162880734326,-0.014213486013661115
2046-06-20 11:00:00,2.904054491639717,-0.014213486013661115
2046-06-20 11:30:00,2.910592695206001,-0.014213486013661115
2046-06-20 12:00:00,2.9171308987722853,-0.014213486013661115
2046-06-20 12:30:00,2.9236691023385695,-0.014213486013661115
2046-06-20 13:00:00,2.9302073059048537,-0.014213486013661115
2046-06-20 13:30:00,2.936745509471138,-0.014213486013661115
2046-06-20 14:00:00,2.943283713037422,-0.014213486013661115
2046-06-20 14:30:00,2.9498219166037063,-0.014213486013661115
2046-06-20 15:00:00,2.9563601201699905,-0.014213486013661115
2046-06-20 15:30:00,2.9628983237362747,-0.014213486013661115
2046-06-20 16:00:00,2.969436527302559,-0.014213486013661115
2046-06-20 16:30:00,2.975974730868843,-0.014213486013661115
2046-06-20 17:00:00,2.9825129344351273,-0.014213486013661115
2046-06-20 17:30:00,2.9890511380014115,0.0
2046-06-20 18:00:00,2.9890511380014115,0.0
2046-06-20 18:30:00,2.9890511380014115,-0.014213486013661115
2046-06-20 19:00:00,2.9955893415676957,-0.014213486013661115
2046-06-20 19:30:00,3.00212754513398,-0.014213486013661115
2046-06-20 20:00:00,3.008665748700264,-0.014213486013661115
2046-06-20 20:30:00,3.0152039522665484,-0.011472889467018207
2046-06-20 21:00:00,3.0204814814213767,0.0
2046-06-20 21:30:00,3.0204814814213767,0.0
2046-06-20 22:00:00,3.0204814814213767,0.0
2046-06-20 22:30:00,3.0204814814213767,0.0
2046-06-20 23:00:00,3.0204814814213767,0.0
2046-06-20 23:30:00,3.0204814814213767,0.0
2046-06-21 00:00:00,3.0204814814213767,0.0
2046-06-21 00:30:00,3.0204814814213767,0.0
2046-06-21 01:00:00,3.0204814814213767,0.0
2046-06-21 01:30:00,3.0204814814213767,0.0
2046-06-21 02:00:00,3.0204814814213767,0.0
2046-06-21 02:30:00,3.0204814814213767,0.0
2046-06-21 03:00:00,3.0204814814213767,0.0
2046-06-21 03:30:00,3.0204814814213767,0.0
2046-06-21 04:00:00,3.0204814814213767,0.0
2046-06-21 04:30:00,3.0204814814213767,0.0
2046-06-21 05:00:00,3.0204814814213767,0.0
2046-06-21 05:30:00,3.0204814814213767,0.0
2046-06-21 06:00:00,3.0204814814213767,0.0
2046-06-21 06:30:00,3.0204814814213767,0.0
2046-06-21 07:00:00,3.0204814814213767,0.0
2046-06-21 07:30:00,3.0204814814213767,0.0
2046-06-21 08:00:00,3.0204814814213767,0.0
2046-06-21 08:30:00,3.0204814814213767,0.0
2046-06-21 09:00:00,3.0204814814213767,0.0
2046-06-21 09:30:00,3.0204814814213767,0.0
2046-06-21 10:00:00,3.0204814814213767,0.0
2046-06-21 10:30:00,3.0204814814213767,0.0
2046-06-21 11:00:00,3.0204814814213767,0.0
2046-06-21 11:30:00,3.0204814814213767,0.0
2046-06-21 12:00:00,3.0204814814213767,0.0
2046-06-21 12:30:00,3.0204814814213767,0.0
2046-06-21 13:00:00,3.0204814814213767,0.0
2046-06-21 13:30:00,3.0204814814213767,0.0
2046-06-21 14:00:00,3.0204814814213767,0.0
2046-06-21 14:30:00,3.0204814814213767,0.0
2046-06-21 15:00:00,3.0204814814213767,0.0
2046-06-21 15:30:00,3.0204814814213767,0.0
2046-06-21 16:00:00,3.0204814814213767,0.0
2046-06-21 16:30:00,3.0204814814213767,0.0
2046-06-21 17:00:00,3.0204814814213767,0.0
2046-06-21 17:30:00,3.0204814814213767,0.0
2046-06-21 18:00:00,3.0204814814213767,0.0
2046-06-21 18:30:00,3.0204814814213767,0.0
2046-06-21 19:00:00,3.0204814814213767,0.0
2046-06-21 19:30:00,3.0204814814213767,0.0
2046-06-21 20:00:00,3.0204814814213767,0.0
2046-06-21 20:30:00,3.0204814814213767,0.0
2046-06-21 21:00:00,3.0204814814213767,0.0
2046-06-21 21:30:00,3.0204814814213767,0.0
2046-06-21 22:00:00,3.0204814814213767,0.0
2046-06-21 22:30:00,3.0204814814213767,0.0
2046-06-21 23:00:00,3.0204814814213767,0.0
2046-06-21 23:30:00,3.0204814814213767,0.0
2046-06-22 00:00:00,3.0204814814213767,0.0
2046-06-22 00:30:00,3.0204814814213767,0.0
2046-06-22 01:00:00,3.0204814814213767,0.0
2046-06-22 01:30:00,3.0204814814213767,0.0
2046-06-22 02:00:00,3.0204814814213767,0.0
2046-06-22 02:30:00,3.0204814814213767,0.0
2046-06-22 03:00:00,3.0204814814213767,0.0
2046-06-22 03:30:00,3.0204814814213767,0.0
2046-06-22 04:00:00,3.0204814814213767,0.0
2046-06-22 04:30:00,3.0204814814213767,0.0
2046-06-22 05:00:00,3.0204814814213767,0.0
2046-06-22 05:30:00,3.0204814814213767,0.0
2046-06-22 06:00:00,3.0204814814213767,0.0
2046-06-22 06:30:00,3.0204814814213767,0.0
2046-06-22 07:00:00,3.0204814814213767,0.0
2046-06-22 07:30:00,3.0204814814213767,0.0
2046-06-22 08:00:00,3.0204814814213767,0.0
2046-06-22 08:30:00,3.0204814814213767,0.0
2046-06-22 09:00:00,3.0204814814213767,0.0
2046-06-22 09:30:00,3.0204814814213767,0.0
2046-06-22 10:00:00,3.0204814814213767,0.0
2046-06-22 10:30:00,3.0204814814213767,0.0
2046-06-22 11:00:00,3.0204814814213767,0.0
2046-06-22 11:30:00,3.0204814814213767,0.0
2046-06-22 12:00:00,3.0204814814213767,0.0
2046-06-22 12:30:00,3.0204814814213767,0.0
2046-06-22 13:00:00,3.0204814814213767,0.0
2046-06-22 13:30:00,3.0204814814213767,0.0
2046-06-22 14:00:00,3.0204814814213767,0.0
2046-06-22 14:30:00,3.0204814814213767,0.0
2046-06-22 15:00:00,3.0204814814213767,0.0
2046-06-22 15:30:00,3.0204814814213767,0.0
2046-06-22 16:00:00,3.0204814814213767,0.0
2046-06-22 16:30:00,3.0204814814213767,0.0
2046-06-22 17:00:00,3.0204814814213767,0.0
2046-06-22 17:30:00,3.0204814814213767,0.0
2046-06-22 18:00:00,3.0204814814213767,0.0
2046-06-22 18:30:00,3.0204814814213767,0.014213486013661115
2046-06-22 19:00:00,3.0127567607617722,0.014213486013661115
2046-06-22 19:30:00,3.0050320401021677,0.014213486013661115
2046-06-22 20:00:00,2.9973073194425632,0.00706536021889703
2046-06-22 20:30:00,2.993467449758377,0.0
2046-06-22 21:00:00,2.993467449758377,0.014213486013661115
2046-06-22 21:30:00,2.9857427290987726,0.014213486013661115
2046-06-22 22:00:00,2.978018008439168,0.014213486013661115
2046-06-22 22:30:00,2.9702932877795636,0.014213486013661115
2046-06-22 23:00:00,2.962568567119959,0.0
2046-06-22 23:30:00,2.962568567119959,0.014213486013661115
2046-06-23 00:00:00,2.9548438464603546,0.0
2046-06-23 00:30:00,2.9548438464603546,0.014213486013661115
2046-06-23 01:00:00,2.94711912580075,0.014213486013661115
2046-06-23 01:30:00,2.9393944051411456,0.0
2046-06-23 02:00:00,2.9393944051411456,0.0
2046-06-23 02:30:00,2.9393944051411456,0.0
2046-06-23 03:00:00,2.9393944051411456,0.0
2046-06-23 03:30:00,2.9393944051411456,0.0
2046-06-23 04:00:00,2.9393944051411456,0.0
2046-06-23 04:30:00,2.9393944051411456,0.0
2046-06-23 05:00:00,2.9393944051411456,0.0
2046-06-23 05:30:00,2.9393944051411456,0.0
2046-06-23 06:00:00,2.9393944051411456,0.0
2046-06-23 06:30:00,2.9393944051411456,0.0
2046-06-23 07:00:00,2.9393944051411456,0.0
2046-06-23 07:30:00,2.9393944051411456,0.0
2046-06-23 08:00:00,2.9393944051411456,0.0
2046-06-23 08:30:00,2.9393944051411456,0.0
2046-06-23 09:00:00,2.9393944051411456,0.0
2046-06-23 09:30:00,2.9393944051411456,0.0
2046-06-23 10:00:00,2.9393944051411456,0.0
2046-06-23 10:30:00,2.9393944051411456,0.0
2046-06-23 11:00:00,2.9393944051411456,0.0
2046-06-23 11:30:00,2.9393944051411456,0.0
2046-06-23 12:00:00,2.9393944051411456,0.0
2046-06-23 12:30:00,2.9393944051411456,0.0
2046-06-23 13:00:00,2.9393944051411456,0.0
2046-06-23 13:30:00,2.9393944051411456,0.0
2046-06-23 14:00:00,2.9393944051411456,0.0
2046-06-23 14:30:00,2.9393944051411456,0.0
2046-06-23 15:00:00,2.9393944051411456,0.0
2046-06-23 15:30:00,2.9393944051411456,0.0
2046-06-23 16:00:00,2.9393944051411456,0.0
2046-06-23 16:30:00,2.9393944051411456,0.0
2046-06-23 17:00:00,2.9393944051411456,0.0
2046-06-23 17:30:00,2.9393944051411456,0.0
2046-06-23 18:00:00,2.9393944051411456,0.0
2046-06-23 18:30:00,2.9393944051411456,0.0
2046-06-23 19:00:00,2.9393944051411456,0.0
2046-06-23 19:30:00,2.9393944051411456,0.0
2046-06-23 20:00:00,2.9393944051411456,0.014213486013661115
2046-06-23 20:30:00,2.931669684481541,0.014213486013661115
2046-06-23 21:00:00,2.9239449638219366,0.0
2046-06-23 21:30:00,2.9239449638219366,0.014213486013661115
2046-06-23 22:00:00,2.916220243162332,0.0
2046-06-23 22:30:00,2.916220243162332,0.014213486013661115
2046-06-23 23:00:00,2.9084955225027276,0.0
2046-06-23 23:30:00,2.9084955225027276,0.0
2046-06-24 00:00:00,2.9084955225027276,0.0
2046-06-24 00:30:00,2.9084955225027276,0.0
2046-06-24 01:00:00,2.9084955225027276,0.0
2046-06-24 01:30:00,2.9084955225027276,0.014213486013661115
2046-06-24 02:00:00,2.900770801843123,0.0
2046-06-24 02:30:00,2.900770801843123,0.014213486013661115
2046-06-24 03:00:00,2.8930460811835186,0.0
2046-06-24 03:30:00,2.8930460811835186,0.0
2046-06-24 04:00:00,2.8930460811835186,0.0
2046-06-24 04:30:00,2.8930460811835186,0.0
2046-06-24 05:00:00,2.8930460811835186,0.0
2046-06-24 05:30:00,2.8930460811835186,0.0
2046-06-24 06:00:00,2.8930460811835186,0.0
2046-06-24 06:30:00,2.8930460811835186,0.0
2046-06-24 07:00:00,2.8930460811835186,0.0
2046-06-24 07:30:00,2.8930460811835186,0.014213486013661115
2046-06-24 08:00:00,2.885321360523914,0.0
2046-06-24 08:30:00,2.885321360523914,0.0
2046-06-24 09:00:00,2.885321360523914,0.0
2046-06-24 09:30:00,2.885321360523914,0.0
2046-06-24 10:00:00,2.885321360523914,0.0
2046-06-24 10:30:00,2.885321360523914,0.0
2046-06-24 11:00:00,2.885321360523914,0.0
2046-06-24 11:30:00,2.885321360523914,0.0
2046-06-24 12:00:00,2.885321360523914,0.0
2046-06-24 12:30:00,2.885321360523914,0.0
2046-06-24 13:00:00,2.885321360523914,0.0
2046-06-24 13:30:00,2.885321360523914,0.0
2046-06-24 14:00:00,2.885321360523914,0.0
2046-06-24 14:30:00,2.885321360523914,0.0
2046-06-24 15:00:00,2.885321360523914,0.0
2046-06-24 15:30:00,2.885321360523914,0.0
2046-06-24 16:00:00,2.885321360523914,0.014213486013661115
2046-06-24 16:30:00,2.8775966398643096,0.0
2046-06-24 17:00:00,2.8775966398643096,0.014213486013661115
2046-06-24 17:30:00,2.869871919204705,0.014213486013661115
2046-06-24 18:00:00,2.8621471985451006,0.014213486013661115
2046-06-24 18:30:00,2.854422477885496,0.014213486013661115
2046-06-24 19:00:00,2.8466977572258916,0.014213486013661115
2046-06-24 19:30:00,2.838973036566287,0.014213486013661115
2046-06-24 20:00:00,2.8312483159066826,0.014213486013661115
2046-06-24 20:30:00,2.823523595247078,0.014213486013661115
2046-06-24 21:00:00,2.8157988745874736,0.014213486013661115
2046-06-24 21:30:00,2.808074153927869,0.014213486013661115
2046-06-24 22:00:00,2.8003494332682646,0.014213486013661115
2046-06-24 22:30:00,2.79262471260866,0.014213486013661115
2046-06-24 23:00:00,2.7848999919490556,0.0
2046-06-24 23:30:00,2.7848999919490556,0.014213486013661115
2046-06-25 00:00:00,2.777175271289451,0.014213486013661115
2046-06-25 00:30:00,2.7694505506298466,0.0
2046-06-25 01:00:00,2.7694505506298466,0.014213486013661115
2046-06-25 01:30:00,2.761725829970242,0.0
2046-06-25 02:00:00,2.761725829970242,0.0
2046-06-25 02:30:00,2.761725829970242,0.0
2046-06-25 03:00:00,2.761725829970242,0.0
2046-06-25 03:30:00,2.761725829970242,0.014213486013661115
2046-06-25 04:00:00,2.7540011093106376,0.0
2046-06-25 04:30:00,2.7540011093106376,0.0
2046-06-25 05:00:00,2.7540011093106376,0.0
2046-06-25 05:30:00,2.7540011093106376,0.0
2046-06-25 06:00:00,2.7540011093106376,0.0
2046-06-25 06:30:00,2.7540011093106376,0.0
2046-06-25 07:00:00,2.7540011093106376,0.0
2046-06-25 07:30:00,2.7540011093106376,0.014213486013661115
2046-06-25 08:00:00,2.746276388651033,0.0
2046-06-25 08:30:00,2.746276388651033,0.0
2046-06-25 09:00:00,2.746276388651033,0.0
2046-06-25 09:30:00,2.746276388651033,0.0
2046-06-25 10:00:00,2.746276388651033,0.0
2046-06-25 10:30:00,2.746276388651033,0.0
2046-06-25 11:00:00,2.746276388651033,0.0
2046-06-25 11:30:00,2.746276388651033,0.0
2046-06-25 12:00:00,2.746276388651033,0.0
2046-06-25 12:30:00,2.746276388651033,0.0
2046-06-25 13:00:00,2.746276388651033,0.0
2046-06-25 13:30:00,2.746276388651033,0.0
2046-06-25 14:00:00,2.746276388651033,0.0
2046-06-25 14:30:00,2.746276388651033,0.0
2046-06-25 15:00:00,2.746276388651033,0.0
2046-06-25 15:30:00,2.746276388651033,0.0
2046-06-25 16:00:00,2.746276388651033,0.0
2046-06-25 16:30:00,2.746276388651033,0.0
2046-06-25 17:00:00,2.746276388651033,0.014213486013661115
2046-06-25 17:30:00,2.7385516679914286,0.014213486013661115
2046-06-25 18:00:00,2.730826947331824,0.014213486013661115
2046-06-25 18:30:00,2.7231022266722196,0.014213486013661115
2046-06-25 19:00:00,2.715377506012615,0.014213486013661115
2046-06-25 19:30:00,2.7076527853530106,0.014213486013661115
2046-06-25 20:00:00,2.699928064693406,0.014213486013661115
2046-06-25 20:30:00,2.6922033440338016,0.014213486013661115
2046-06-25 21:00:00,2.684478623374197,0.014213486013661115
2046-06-25 21:30:00,2.6767539027145926,0.014213486013661115
2046-06-25 22:00:00,2.669029182054988,0.014213486013661115
2046-06-25 22:30:00,2.6613044613953836,0.014213486013661115
2046-06-25 23:00:00,2.653579740735779,0.014213486013661115
2046-06-25 23:30:00,2.6458550200761746,0.014213486013661115
2046-06-26 00:00:00,2.63813029941657,0.014213486013661115
2046-06-26 00:30:00,2.6304055787569656,0.014213486013661115
2046-06-26 01:00:00,2.622680858097361,0.014213486013661115
2046-06-26 01:30:00,2.6149561374377566,0.014213486013661115
2046-06-26 02:00:00,2.607231416778152,0.014213486013661115
2046-06-26 02:30:00,2.5995066961185476,0.014213486013661115
2046-06-26 03:00:00,2.591781975458943,0.014213486013661115
2046-06-26 03:30:00,2.5840572547993386,0.014213486013661115
2046-06-26 04:00:00,2.576332534139734,0.014213486013661115
2046-06-26 04:30:00,2.5686078134801296,0.014213486013661115
2046-06-26 05:00:00,2.560883092820525,0.014213486013661115
2046-06-26 05:30:00,2.5531583721609206,0.014213486013661115
2046-06-26 06:00:00,2.545433651501316,0.014213486013661115
2046-06-26 06:30:00,2.5377089308417116,0.014213486013661115
2046-06-26 07:00:00,2.529984210182107,0.014213486013661115
2046-06-26 07:30:00,2.5222594895225026,0.014213486013661115
2046-06-26 08:00:00,2.514534768862898,0.014213486013661115
2046-06-26 08:30:00,2.5068100482032936,0.0
2046-06-26 09:00:00,2.5068100482032936,0.0
2046-06-26 09:30:00,2.5068100482032936,0.0
2046-06-26 10:00:00,2.5068100482032936,0.0
2046-06-26 10:30:00,2.5068100482032936,0.0
2046-06-26 11:00:00,2.5068100482032936,0.0
2046-06-26 11:30:00,2.5068100482032936,0.0
2046-06-26 12:00:00,2.5068100482032936,0.0
2046-06-26 12:30:00,2.5068100482032936,0.0
2046-06-26 13:00:00,2.5068100482032936,0.0
2046-06-26 13:30:00,2.5068100482032936,0.0
2046-06-26 14:00:00,2.5068100482032936,0.0
2046-06-26 14:30:00,2.5068100482032936,0.0
2046-06-26 15:00:00,2.5068100482032936,0.0
2046-06-26 15:30:00,2.5068100482032936,0.014213486013661115
2046-06-26 16:00:00,2.499085327543689,0.0
2046-06-26 16:30:00,2.499085327543689,0.014213486013661115
2046-06-26 17:00:00,2.4913606068840846,0.014213486013661115
2046-06-26 17:30:00,2.48363588622448,0.014213486013661115
2046-06-26 18:00:00,2.4759111655648756,0.014213486013661115
2046-06-26 18:30:00,2.468186444905271,0.014213486013661115
2046-06-26 19:00:00,2.4604617242456666,0.014213486013661115
2046-06-26 19:30:00,2.452737003586062,0.014213486013661115
2046-06-26 20:00:00,2.4450122829264576,0.014213486013661115
2046-06-26 20:30:00,2.437287562266853,0.014213486013661115
2046-06-26 21:00:00,2.4295628416072486,0.014213486013661115
2046-06-26 21:30:00,2.421838120947644,0.014213486013661115
2046-06-26 22:00:00,2.4141134002880396,0.014213486013661115
2046-06-26 22:30:00,2.406388679628435,0.014213486013661115
2046-06-26 23:00:00,2.3986639589688306,0.014213486013661115
2046-06-26 23:30:00,2.390939238309226,0.014213486013661115
2046-06-27 00:00:00,2.3832145176496216,0.014213486013661115
2046-06-27 00:30:00,2.375489796990017,0.014213486013661115
2046-06-27 01:00:00,2.3677650763304126,0.014213486013661115
2046-06-27 01:30:00,2.360040355670808,0.014213486013661115
2046-06-27 02:00:00,2.3523156350112036,0.014213486013661115
2046-06-27 02:30:00,2.344590914351599,0.014213486013661115
2046-06-27 03:00:00,2.3368661936919946,0.014213486013661115
2046-06-27 03:30:00,2.32914147303239,0.0
2046-06-27 04:00:00,2.32914147303239,0.014213486013661115
2046-06-27 04:30:00,2.3214167523727856,0.014213486013661115
2046-06-27 05:00:00,2.313692031713181,0.014213486013661115
2046-06-27 05:30:00,2.3059673110535766,0.014213486013661115
2046-06-27 06:00:00,2.298242590393972,0.014213486013661115
2046-06-27 06:30:00,2.2905178697343676,0.014213486013661115
2046-06-27 07:00:00,2.282793149074763,0.014213486013661115
2046-06-27 07:30:00,2.2750684284151586,0.014213486013661115
2046-06-27 08:00:00,2.267343707755554,0.0
2046-06-27 08:30:00,2.267343707755554,0.0
2046-06-27 09:00:00,2.267343707755554,0.0
2046-06-27 09:30:00,2.267343707755554,0.0
2046-06-27 10:00:00,2.267343707755554,0.0
2046-06-27 10:30:00,2.267343707755554,-0.014213486013661115
2046-06-27 11:00:00,2.2738819113218383,0.0
2046-06-27 11:30:00,2.2738819113218383,0.0
2046-06-27 12:00:00,2.2738819113218383,-0.014213486013661115
2046-06-27 12:30:00,2.2804201148881225,-0.014213486013661115
2046-06-27 13:00:00,2.2869583184544067,-0.014213486013661115
2046-06-27 13:30:00,2.293496522020691,-0.014213486013661115
2046-06-27 14:00:00,2.300034725586975,-0.014213486013661115
2046-06-27 14:30:00,2.3065729291532593,-0.014213486013661115
2046-06-27 15:00:00,2.3131111327195435,-0.014213486013661115
2046-06-27 15:30:00,2.3196493362858277,-0.014213486013661115
2046-06-27 16:00:00,2.326187539852112,0.0
2046-06-27 16:30:00,2.326187539852112,0.0
2046-06-27 17:00:00,2.326187539852112,0.0
2046-06-27 17:30:00,2.326187539852112,0.0
2046-06-27 18:00:00,2.326187539852112,0.014213486013661115
2046-06-27 18:30:00,2.3184628191925074,0.0
2046-06-27 19:00:00,2.3184628191925074,0.0
2046-06-27 19:30:00,2.3184628191925074,0.0
2046-06-27 20:00:00,2.3184628191925074,0.0
2046-06-27 20:30:00,2.3184628191925074,0.0
2046-06-27 21:00:00,2.3184628191925074,0.0
2046-06-27 21:30:00,2.3184628191925074,0.0
2046-06-27 22:00:00,2.3184628191925074,0.0
2046-06-27 22:30:00,2.3184628191925074,0.0
2046-06-27 23:00:00,2.3184628191925074,0.0
2046-06-27 23:30:00,2.3184628191925074,0.0
2046-06-28 00:00:00,2.3184628191925074,0.0
2046-06-28 00:30:00,2.3184628191925074,0.0
2046-06-28 01:00:00,2.3184628191925074,0.0
2046-06-28 01:30:00,2.3184628191925074,0.0
2046-06-28 02:00:00,2.3184628191925074,0.0
2046-06-28 02:30:00,2.3184628191925074,0.0
2046-06-28 03:00:00,2.3184628191925074,0.0
2046-06-28 03:30:00,2.3184628191925074,0.0
2046-06-28 04:00:00,2.3184628191925074,0.0
2046-06-28 04:30:00,2.3184628191925074,0.0
2046-06-28 05:00:00,2.3184628191925074,0.0
2046-06-28 05:30:00,2.3184628191925074,0.0
2046-06-28 06:00:00,2.3184628191925074,-0.014213486013661115
2046-06-28 06:30:00,2.3250010227587916,0.0
2046-06-28 07:00:00,2.3250010227587916,0.0
2046-06-28 07:30:00,2.3250010227587916,0.0
2046-06-28 08:00:00,2.3250010227587916,0.0
2046-06-28 08:30:00,2.3250010227587916,-0.014213486013661115
2046-06-28 09:00:00,2.331539226325076,-0.014213486013661115
2046-06-28 09:30:00,2.33807742989136,-0.014213486013661115
2046-06-28 10:00:00,2.3446156334576442,-0.014213486013661115
2046-06-28 10:30:00,2.3511538370239284,-0.014213486013661115
2046-06-28 11:00:00,2.3576920405902126,-0.014213486013661115
2046-06-28 11:30:00,2.364230244156497,-0.014213486013661115
2046-06-28 12:00:00,2.370768447722781,-0.014213486013661115
2046-06-28 12:30:00,2.3773066512890653,-0.014213486013661115
2046-06-28 13:00:00,2.3838448548553495,-0.014213486013661115
2046-06-28 13:30:00,2.3903830584216337,-0.014213486013661115
2046-06-28 14:00:00,2.396921261987918,-0.014213486013661115
2046-06-28 14:30:00,2.403459465554202,-0.014213486013661115
2046-06-28 15:00:00,2.4099976691204863,-0.014213486013661115
2046-06-28 15:30:00,2.4165358726867705,-0.014213486013661115
2046-06-28 16:00:00,2.4230740762530547,-0.014213486013661115
2046-06-28 16:30:00,2.429612279819339,-0.014213486013661115
2046-06-28 17:00:00,2.436150483385623,0.0
2046-06-28 17:30:00,2.436150483385623,0.0
2046-06-28 18:00:00,2.436150483385623,0.0
2046-06-28 18:30:00,2.436150483385623,-0.014213486013661115
2046-06-28 19:00:00,2.4426886869519073,-0.014213486013661115
2046-06-28 19:30:00,2.4492268905181915,-0.014213486013661115
2046-06-28 20:00:00,2.4557650940844757,-0.014213486013661115
2046-06-28 20:30:00,2.46230329765076,-0.014213486013661115
2046-06-28 21:00:00,2.468841501217044,-0.014213486013661115
2046-06-28 21:30:00,2.4753797047833284,-0.014213486013661115
2046-06-28 22:00:00,2.4819179083496126,-0.014213486013661115
2046-06-28 22:30:00,2.4884561119158968,-0.014213486013661115
2046-06-28 23:00:00,2.494994315482181,-0.014213486013661115
2046-06-28 23:30:00,2.501532519048465,-0.014213486013661115
2046-06-29 00:00:00,2.5080707226147494,-0.014213486013661115
2046-06-29 00:30:00,2.5146089261810336,-0.014213486013661115
2046-06-29 01:00:00,2.521147129747318,-0.014213486013661115
2046-06-29 01:30:00,2.527685333313602,-0.014213486013661115
2046-06-29 02:00:00,2.534223536879886,-0.014213486013661115
2046-06-29 02:30:00,2.5407617404461704,-0.014213486013661115
2046-06-29 03:00:00,2.5472999440124546,-0.014213486013661115
2046-06-29 03:30:00,2.553838147578739,-0.014213486013661115
2046-06-29 04:00:00,2.560376351145023,-0.014213486013661115
2046-06-29 04:30:00,2.5669145547113073,-0.014213486013661115
2046-06-29 05:00:00,2.5734527582775915,-0.014213486013661115
2046-06-29 05:30:00,2.5799909618438757,-0.014213486013661115
2046-06-29 06:00:00,2.58652916541016,-0.014213486013661115
2046-06-29 06:30:00,2.593067368976444,-0.014213486013661115
2046-06-29 07:00:00,2.5996055725427283,-0.014213486013661115
2046-06-29 07:30:00,2.6061437761090125,-0.014213486013661115
2046-06-29 08:00:00,2.6126819796752967,-0.014213486013661115
2046-06-29 08:30:00,2.619220183241581,-0.014213486013661115
2046-06-29 09:00:00,2.625758386807865,-0.014213486013661115
2046-06-29 09:30:00,2.6322965903741493,-0.014213486013661115
2046-06-29 10:00:00,2.6388347939404335,-0.014213486013661115
2046-06-29 10:30:00,2.6453729975067177,-0.014213486013661115
2046-06-29 11:00:00,2.651911201073002,-0.014213486013661115
2046-06-29 11:30:00,2.658449404639286,-0.014213486013661115
2046-06-29 12:00:00,2.6649876082055703,-0.014213486013661115
2046-06-29 12:30:00,2.6715258117718546,-0.014213486013661115
2046-06-29 13:00:00,2.6780640153381388,-0.014213486013661115
2046-06-29 13:30:00,2.684602218904423,-0.014213486013661115
2046-06-29 14:00:00,2.691140422470707,-0.014213486013661115
2046-06-29 14:30:00,2.6976786260369914,-0.014213486013661115
2046-06-29 15:00:00,2.7042168296032756,-0.014213486013661115
2046-06-29 15:30:00,2.71075503316956,-0.014213486013661115
2046-06-29 16:00:00,2.717293236735844,-0.014213486013661115
2046-06-29 16:30:00,2.723831440302128,-0.014213486013661115
2046-06-29 17:00:00,2.7303696438684124,-0.014213486013661115
2046-06-29 17:30:00,2.7369078474346966,0.0
2046-06-29 18:00:00,2.7369078474346966,-0.014213486013661115
2046-06-29 18:30:00,2.743446051000981,0.0
2046-06-29 19:00:00,2.743446051000981,-0.014213486013661115
2046-06-29 19:30:00,2.749984254567265,-0.014213486013661115
2046-06-29 20:00:00,2.7565224581335492,-0.014213486013661115
2046-06-29 20:30:00,2.7630606616998334,-0.014213486013661115
2046-06-29 21:00:00,2.7695988652661176,-0.014213486013661115
2046-06-29 21:30:00,2.776137068832402,-0.014213486013661115
2046-06-29 22:00:00,2.782675272398686,-0.014213486013661115
2046-06-29 22:30:00,2.7892134759649703,-0.014213486013661115
2046-06-29 23:00:00,2.7957516795312545,-0.014213486013661115
2046-06-29 23:30:00,2.8022898830975387,-0.014213486013661115
2046-06-30 00:00:00,2.808828086663823,-0.014213486013661115
2046-06-30 00:30:00,2.815366290230107,-0.014213486013661115
2046-06-30 01:00:00,2.8219044937963913,-0.014213486013661115
2046-06-30 01:30:00,2.8284426973626755,-0.014213486013661115
2046-06-30 02:00:00,2.8349809009289597,-0.014213486013661115
2046-06-30 02:30:00,2.841519104495244,-0.014213486013661115
2046-06-30 03:00:00,2.848057308061528,-0.014213486013661115
2046-06-30 03:30:00,2.8545955116278123,-0.014213486013661115
2046-06-30 04:00:00,2.8611337151940965,-0.014213486013661115
2046-06-30 04:30:00,2.8676719187603807,-0.014213486013661115
2046-06-30 05:00:00,2.874210122326665,-0.014213486013661115
2046-06-30 05:30:00,2.880748325892949,-0.014213486013661115
2046-06-30 06:00:00,2.8872865294592334,-0.014213486013661115
2046-06-30 06:30:00,2.8938247330255176,-0.014213486013661115
2046-06-30 07:00:00,2.9003629365918018,-0.014213486013661115
2046-06-30 07:30:00,2.906901140158086,-0.014213486013661115
2046-06-30 08:00:00,2.91343934372437,-0.014213486013661115
2046-06-30 08:30:00,2.9199775472906544,-0.014213486013661115
2046-06-30 09:00:00,2.9265157508569386,-0.014213486013661115
2046-06-30 09:30:00,2.933053954423223,-0.014213486013661115
2046-06-30 10:00:00,2.939592157989507,-0.014213486013661115
2046-06-30 10:30:00,2.946130361555791,-0.014213486013661115
2046-06-30 11:00:00,2.9526685651220754,-0.014213486013661115
2046-06-30 11:30:00,2.9592067686883596,-0.014213486013661115
2046-06-30 12:00:00,2.965744972254644,-0.014213486013661115
2046-06-30 12:30:00,2.972283175820928,-0.014213486013661115
2046-06-30 13:00:00,2.9788213793872123,-0.014213486013661115
2046-06-30 13:30:00,2.9853595829534965,-0.014213486013661115
2046-06-30 14:00:00,2.9918977865197807,-0.014213486013661115
2046-06-30 14:30:00,2.998435990086065,-0.014213486013661115
2046-06-30 15:00:00,3.004974193652349,-0.014213486013661115
2046-06-30 15:30:00,3.0115123972186333,-0.014213486013661115
2046-06-30 16:00:00,3.0180506007849175,-0.005284523122737484
2046-06-30 16:30:00,3.0204814814213767,0.0
2046-06-30 17:00:00,3.0204814814213767,0.0
2046-06-30 17:30:00,3.0204814814213767,0.0
2046-06-30 18:00:00,3.0204814814213767,0.0
2046-06-30 18:30:00,3.0204814814213767,0.0
2046-06-30 19:00:00,3.0204814814213767,0.014213486013661115
2046-06-30 19:30:00,3.0127567607617722,0.0
2046-06-30 20:00:00,3.0127567607617722,0.0
2046-06-30 20:30:00,3.0127567607617722,0.014213486013661115
2046-06-30 21:00:00,3.0050320401021677,0.014213486013661115
2046-06-30 21:30:00,2.9973073194425632,0.014213486013661115
2046-06-30 22:00:00,2.9895825987829587,0.014213486013661115
2046-06-30 22:30:00,2.9818578781233556,0.014213486013661115
2046-06-30 23:00:00,2.974133157463751,0.014213486013661115
2046-06-30 23:30:00,2.9664084368041466,0.014213486013661115
2046-07-01 00:00:00,2.958683716144542,0.014213486013661115
2046-07-01 00:30:00,2.9509589954849376,0.014213486013661115
2046-07-01 01:00:00,2.943234274825333,0.014213486013661115
2046-07-01 01:30:00,2.9355095541657286,0.014213486013661115
2046-07-01 02:00:00,2.927784833506124,0.014213486013661115
2046-07-01 02:30:00,2.9200601128465196,0.014213486013661115
2046-07-01 03:00:00,2.912335392186915,0.014213486013661115
2046-07-01 03:30:00,2.9046106715273106,0.014213486013661115
2046-07-01 04:00:00,2.896885950867706,0.014213486013661115
2046-07-01 04:30:00,2.8891612302081016,0.014213486013661115
2046-07-01 05:00:00,2.881436509548497,0.014213486013661115
2046-07-01 05:30:00,2.8737117888888926,0.014213486013661115
2046-07-01 06:00:00,2.865987068229288,0.014213486013661115
2046-07-01 06:30:00,2.8582623475696836,0.014213486013661115
2046-07-01 07:00:00,2.850537626910079,0.014213486013661115
2046-07-01 07:30:00,2.8428129062504746,0.014213486013661115
2046-07-01 08:00:00,2.83508818559087,0.014213486013661115
2046-07-01 08:30:00,2.8273634649312656,0.0
2046-07-01 09:00:00,2.8273634649312656,0.0
2046-07-01 09:30:00,2.8273634649312656,0.0
2046-07-01 10:00:00,2.8273634649312656,0.0
2046-07-01 10:30:00,2.8273634649312656,0.0
2046-07-01 11:00:00,2.8273634649312656,0.0
2046-07-01 11:30:00,2.8273634649312656,0.0
2046-07-01 12:00:00,2.8273634649312656,0.0
2046-07-01 12:30:00,2.8273634649312656,0.0
2046-07-01 13:00:00,2.8273634649312656,0.0
2046-07-01 13:30:00,2.8273634649312656,0.0
2046-07-01 14:00:00,2.8273634649312656,0.0
2046-07-01 14:30:00,2.8273634649312656,0.0
2046-07-01 15:00:00,2.8273634649312656,0.0
2046-07-01 15:30:00,2.8273634649312656,0.0
2046-07-01 16:00:00,2.8273634649312656,0.0
2046-07-01 16:30:00,2.8273634649312656,0.0
2046-07-01 17:00:00,2.8273634649312656,0.014213486013661115
2046-07-01 17:30:00,2.8196387442716606,0.014213486013661115
2046-07-01 18:00:00,2.811914023612056,0.014213486013661115
2046-07-01 18:30:00,2.8041893029524516,0.014213486013661115
2046-07-01 19:00:00,2.796464582292846,0.014213486013661115
2046-07-01 19:30:00,2.7887398616332413,0.014213486013661115
2046-07-01 20:00:00,2.781015140973637,0.014213486013661115
2046-07-01 20:30:00,2.7732904203140323,0.014213486013661115
2046-07-01 21:00:00,2.765565699654428,0.014213486013661115
2046-07-01 21:30:00,2.7578409789948233,0.014213486013661115
2046-07-01 22:00:00,2.7501162583352188,0.014213486013661115
2046-07-01 22:30:00,2.7423915376756143,0.014213486013661115
2046-07-01 23:00:00,2.7346668170160084,0.014213486013661115
2046-07-01 23:30:00,2.726942096356404,0.014213486013661115
2046-07-02 00:00:00,2.7192173756967994,0.014213486013661115
2046-07-02 00:30:00,2.711492655037195,0.014213486013661115
2046-07-02 01:00:00,2.7037679343775904,0.014213486013661115
2046-07-02 01:30:00,2.696043213717986,0.014213486013661115
2046-07-02 02:00:00,2.6883184930583814,0.014213486013661115
2046-07-02 02:30:00,2.680593772398777,0.014213486013661115
2046-07-02 03:00:00,2.6728690517391724,0.014213486013661115
2046-07-02 03:30:00,2.665144331079568,0.014213486013661115
2046-07-02 04:00:00,2.6574196104199634,0.014213486013661115
2046-07-02 04:30:00,2.649694889760358,0.014213486013661115
2046-07-02 05:00:00,2.6419701691007536,0.014213486013661115
2046-07-02 05:30:00,2.634245448441149,0.014213486013661115
2046-07-02 06:00:00,2.6265207277815446,0.014213486013661115
2046-07-02 06:30:00,2.61879600712194,0.014213486013661115
2046-07-02 07:00:00,2.6110712864623356,0.014213486013661115
2046-07-02 07:30:00,2.603346565802731,0.014213486013661115
2046-07-02 08:00:00,2.5956218451431265,0.014213486013661115
2046-07-02 08:30:00,2.587897124483522,0.014213486013661115
2046-07-02 09:00:00,2.5801724038239175,0.014213486013661115
2046-07-02 09:30:00,2.572447683164313,0.014213486013661115
2046-07-02 10:00:00,2.5647229625047085,0.014213486013661115
2046-07-02 10:30:00,2.556998241845104,0.014213486013661115
2046-07-02 11:00:00,2.5492735211854995,0.0
2046-07-02 11:30:00,2.5492735211854995,0.0
2046-07-02 12:00:00,2.5492735211854995,0.005084963407992955
2046-07-02 12:30:00,2.546509954115936,0.014213486013661115
2046-07-02 13:00:00,2.5387852334563314,0.014213486013661115
2046-07-02 13:30:00,2.531060512796727,0.014213486013661115
2046-07-02 14:00:00,2.5233357921371224,0.014213486013661115
2046-07-02 14:30:00,2.515611071477518,0.014213486013661115
2046-07-02 15:00:00,2.5078863508179134,0.014213486013661115
2046-07-02 15:30:00,2.500161630158309,0.014213486013661115
2046-07-02 16:00:00,2.4924369094987044,0.014213486013661115
2046-07-02 16:30:00,2.4847121888391,0.014213486013661115
2046-07-02 17:00:00,2.4769874681794954,0.014213486013661115
2046-07-02 17:30:00,2.469262747519891,0.014213486013661115
2046-07-02 18:00:00,2.4615380268602864,0.014213486013661115
2046-07-02 18:30:00,2.453813306200682,0.014213486013661115
2046-07-02 19:00:00,2.4460885855410774,0.014213486013661115
2046-07-02 19:30:00,2.438363864881473,0.014213486013661115
2046-07-02 20:00:00,2.4306391442218684,0.014213486013661115
2046-07-02 20:30:00,2.422914423562264,0.014213486013661115
2046-07-02 21:00:00,2.4151897029026594,0.014213486013661115
2046-07-02 21:30:00,2.407464982243055,0.014213486013661115
2046-07-02 22:00:00,2.3997402615834504,0.014213486013661115
2046-07-02 22:30:00,2.39201554092384,0.014213486013661115
2046-07-02 23:00:00,2.3842908202642357,0.014213486013661115
2046-07-02 23:30:00,2.376566099604631,0.014213486013661115
2046-07-03 00:00:00,2.3688413789450267,0.014213486013661115
2046-07-03 00:30:00,2.361116658285422,0.014213486013661115
2046-07-03 01:00:00,2.3533919376258177,0.014213486013661115
2046-07-03 01:30:00,2.345667216966213,0.014213486013661115
2046-07-03 02:00:00,2.3379424963066087,0.014213486013661115
2046-07-03 02:30:00,2.330217775647004,0.014213486013661115
2046-07-03 03:00:00,2.3224930549873997,0.014213486013661115
2046-07-03 03:30:00,2.314768334327795,0.014213486013661115
2046-07-03 04:00:00,2.3070436136681907,0.014213486013661115
2046-07-03 04:30:00,2.299318893008586,0.014213486013661115
2046-07-03 05:00:00,2.2915941723489817,0.014213486013661115
2046-07-03 05:30:00,2.283869451689377,0.014213486013661115
2046-07-03 06:00:00,2.2761447310297727,0.014213486013661115
2046-07-03 06:30:00,2.268420010370168,0.014213486013661115
2046-07-03 07:00:00,2.2606952897105637,0.014213486013661115
2046-07-03 07:30:00,2.252970569050959,0.014213486013661115
2046-07-03 08:00:00,2.2452458483913547,0.014213486013661115
2046-07-03 08:30:00,2.23752112773175,0.014213486013661115
2046-07-03 09:00:00,2.2297964070721457,0.014213486013661115
2046-07-03 09:30:00,2.222071686412541,0.014213486013661115
2046-07-03 10:00:00,2.2143469657529367,0.014213486013661115
2046-07-03 10:30:00,2.206622245093332,0.014213486013661115
2046-07-03 11:00:00,2.1988975244337277,0.014213486013661115
2046-07-03 11:30:00,2.191172803774123,0.014213486013661115
2046-07-03 12:00:00,2.1834480831145187,0.014213486013661115
2046-07-03 12:30:00,2.175723362454914,0.014213486013661115
2046-07-03 13:00:00,2.1679986417953097,0.014213486013661115
2046-07-03 13:30:00,2.160273921135705,0.014213486013661115
2046-07-03 14:00:00,2.1525492004761007,0.014213486013661115
2046-07-03 14:30:00,2.144824479816496,0.014213486013661115
2046-07-03 15:00:00,2.1370997591568917,0.014213486013661115
2046-07-03 15:30:00,2.129375038497287,0.014213486013661115
2046-07-03 16:00:00,2.1216503178376827,0.014213486013661115
2046-07-03 16:30:00,2.113925597178078,0.014213486013661115
2046-07-03 17:00:00,2.1062008765184737,0.014213486013661115
2046-07-03 17:30:00,2.098476155858869,0.014213486013661115
2046-07-03 18:00:00,2.0907514351992647,0.014213486013661115
2046-07-03 18:30:00,2.08302671453966,0.014213486013661115
2046-07-03 19:00:00,2.0753019938800557,0.014213486013661115
2046-07-03 19:30:00,2.067577273220451,0.014213486013661115
2046-07-03 20:00:00,2.0598525525608467,0.014213486013661115
2046-07-03 20:30:00,2.052127831901242,0.014213486013661115
2046-07-03 21:00:00,2.0444031112416376,0.014213486013661115
2046-07-03 21:30:00,2.036678390582033,0.014213486013661115
2046-07-03 22:00:00,2.0289536699224286,0.014213486013661115
2046-07-03 22:30:00,2.021228949262824,0.014213486013661115
2046-07-03 23:00:00,2.0135042286032196,0.014213486013661115
2046-07-03 23:30:00,2.005779507943615,0.014213486013661115
2046-07-04 00:00:00,1.9980547872840106,0.014213486013661115
2046-07-04 00:30:00,1.9903300666244061,0.014213486013661115
2046-07-04 01:00:00,1.9826053459647928,0.014213486013661115
2046-07-04 01:30:00,1.9748806253051883,0.014213486013661115
2046-07-04 02:00:00,1.9671559046455838,0.014213486013661115
2046-07-04 02:30:00,1.9594311839859793,0.014213486013661115
2046-07-04 03:00:00,1.9517064633263748,0.014213486013661115
2046-07-04 03:30:00,1.9439817426667703,0.014213486013661115
2046-07-04 04:00:00,1.9362570220071658,0.014213486013661115
2046-07-04 04:30:00,1.9285323013475613,0.014213486013661115
2046-07-04 05:00:00,1.9208075806879568,0.014213486013661115
2046-07-04 05:30:00,1.9130828600283523,0.014213486013661115
2046-07-04 06:00:00,1.9053581393687478,0.014213486013661115
2046-07-04 06:30:00,1.8976334187091433,0.014213486013661115
2046-07-04 07:00:00,1.8899086980495388,0.014213486013661115
2046-07-04 07:30:00,1.8821839773899343,0.014213486013661115
2046-07-04 08:00:00,1.8744592567303298,0.014213486013661115
2046-07-04 08:30:00,1.8667345360707253,0.014213486013661115
2046-07-04 09:00:00,1.8590098154111208,0.014213486013661115
2046-07-04 09:30:00,1.8512850947515163,0.014213486013661115
2046-07-04 10:00:00,1.8435603740919118,0.014213486013661115
2046-07-04 10:30:00,1.8358356534323073,0.014213486013661115
2046-07-04 11:00:00,1.8281109327727028,0.014213486013661115
2046-07-04 11:30:00,1.8203862121130983,0.014213486013661115
2046-07-04 12:00:00,1.8126614914534938,0.014213486013661115
2046-07-04 12:30:00,1.8049367707938893,0.014213486013661115
2046-07-04 13:00:00,1.7972120501342848,0.014213486013661115
2046-07-04 13:30:00,1.7894873294746803,0.014213486013661115
2046-07-04 14:00:00,1.7817626088150758,0.014213486013661115
2046-07-04 14:30:00,1.7740378881554713,0.014213486013661115
2046-07-04 15:00:00,1.7663131674958668,0.014213486013661115
2046-07-04 15:30:00,1.7585884468362623,0.014213486013661115
2046-07-04 16:00:00,1.7508637261766578,0.014213486013661115
2046-07-04 16:30:00,1.7431390055170533,0.014213486013661115
2046-07-04 17:00:00,1.7354142848574488,0.014213486013661115
2046-07-04 17:30:00,1.7276895641978443,0.014213486013661115
2046-07-04 18:00:00,1.7199648435382398,0.014213486013661115
2046-07-04 18:30:00,1.7122401228786353,0.014213486013661115
2046-07-04 19:00:00,1.7045154022190308,0.014213486013661115
2046-07-04 19:30:00,1.6967906815594263,0.014213486013661115
2046-07-04 20:00:00,1.6890659608998218,0.014213486013661115
2046-07-04 20:30:00,1.6813412402402172,0.014213486013661115
2046-07-04 21:00:00,1.6736165195806127,0.014213486013661115
2046-07-04 21:30:00,1.6658917989210082,0.014213486013661115
2046-07-04 22:00:00,1.6581670782614037,0.014213486013661115
2046-07-04 22:30:00,1.6504423576017992,0.014213486013661115
2046-07-04 23:00:00,1.6427176369421947,0.014213486013661115
2046-07-04 23:30:00,1.6349929162825902,0.014213486013661115
2046-07-05 00:00:00,1.6272681956229857,0.014213486013661115
2046-07-05 00:30:00,1.6195434749633812,0.014213486013661115
2046-07-05 01:00:00,1.6118187543037767,0.014213486013661115
2046-07-05 01:30:00,1.6040940336441722,0.014213486013661115
2046-07-05 02:00:00,1.5963693129845677,0.014213486013661115
2046-07-05 02:30:00,1.5886445923249632,0.014213486013661115
2046-07-05 03:00:00,1.5809198716653587,0.014213486013661115
2046-07-05 03:30:00,1.5731951510057542,0.014213486013661115
2046-07-05 04:00:00,1.5654704303461497,0.014213486013661115
2046-07-05 04:30:00,1.557745709686547,0.014213486013661115
2046-07-05 05:00:00,1.5500209890269425,0.014213486013661115
2046-07-05 05:30:00,1.5422962683673378,0.014213486013661115
2046-07-05 06:00:00,1.534571547707733,0.014213486013661115
2046-07-05 06:30:00,1.5268468270481286,0.014213486013661115
2046-07-05 07:00:00,1.519122106388524,0.014213486013661115
2046-07-05 07:30:00,1.5113973857289194,0.014213486013661115
2046-07-05 08:00:00,1.5036726650693146,0.014213486013661115
2046-07-05 08:30:00,1.4959479444097101,0.0
2046-07-05 09:00:00,1.4959479444097101,0.0
2046-07-05 09:30:00,1.4959479444097101,0.0
2046-07-05 10:00:00,1.4959479444097101,0.0
2046-07-05 10:30:00,1.4959479444097101,0.0
2046-07-05 11:00:00,1.4959479444097101,-0.004011522931783973
2046-07-05 11:30:00,1.4977932449583307,0.0
2046-07-05 12:00:00,1.4977932449583307,0.0
2046-07-05 12:30:00,1.4977932449583307,0.0
2046-07-05 13:00:00,1.4977932449583307,0.0
2046-07-05 13:30:00,1.4977932449583307,0.0
2046-07-05 14:00:00,1.4977932449583307,0.0
2046-07-05 14:30:00,1.4977932449583307,0.0
2046-07-05 15:00:00,1.4977932449583307,0.0
2046-07-05 15:30:00,1.4977932449583307,0.014213486013661115
2046-07-05 16:00:00,1.490068524298726,0.014213486013661115
2046-07-05 16:30:00,1.4823438036391203,0.014213486013661115
2046-07-05 17:00:00,1.4746190829795158,0.014213486013661115
2046-07-05 17:30:00,1.4668943623199113,0.014213486013661115
2046-07-05 18:00:00,1.4591696416603068,0.014213486013661115
2046-07-05 18:30:00,1.4514449210007023,0.014213486013661115
2046-07-05 19:00:00,1.4437202003410978,0.014213486013661115
2046-07-05 19:30:00,1.4359954796814933,0.014213486013661115
2046-07-05 20:00:00,1.4282707590218888,0.014213486013661115
2046-07-05 20:30:00,1.4205460383622843,0.014213486013661115
2046-07-05 21:00:00,1.4128213177026798,0.014213486013661115
2046-07-05 21:30:00,1.4050965970430749,0.014213486013661115
2046-07-05 22:00:00,1.3973718763834704,0.014213486013661115
2046-07-05 22:30:00,1.3896471557238659,0.014213486013661115
2046-07-05 23:00:00,1.3819224350642614,0.014213486013661115
2046-07-05 23:30:00,1.3741977144046569,0.0
2046-07-06 00:00:00,1.3741977144046569,0.014213486013661115
2046-07-06 00:30:00,1.3664729937450524,0.014213486013661115
2046-07-06 01:00:00,1.3587482730854479,0.014213486013661115
2046-07-06 01:30:00,1.3510235524258434,0.014213486013661115
2046-07-06 02:00:00,1.3432988317662389,0.014213486013661115
2046-07-06 02:30:00,1.3355741111066344,0.014213486013661115
2046-07-06 03:00:00,1.3278493904470299,0.014213486013661115
2046-07-06 03:30:00,1.3201246697874254,0.014213486013661115
2046-07-06 04:00:00,1.3123999491278209,0.014213486013661115
2046-07-06 04:30:00,1.3046752284682164,0.014213486013661115
2046-07-06 05:00:00,1.2969505078086119,0.014213486013661115
2046-07-06 05:30:00,1.2892257871490074,0.014213486013661115
2046-07-06 06:00:00,1.2815010664894029,0.014213486013661115
2046-07-06 06:30:00,1.2737763458297984,0.014213486013661115
2046-07-06 07:00:00,1.2660516251701939,0.014213486013661115
2046-07-06 07:30:00,1.2583269045105885,0.014213486013661115
2046-07-06 08:00:00,1.250602183850984,0.014213486013661115
2046-07-06 08:30:00,1.2428774631913795,0.0
2046-07-06 09:00:00,1.2428774631913795,0.0
2046-07-06 09:30:00,1.2428774631913795,0.0
2046-07-06 10:00:00,1.2428774631913795,0.0
2046-07-06 10:30:00,1.2428774631913795,0.0
2046-07-06 11:00:00,1.2428774631913795,0.0
2046-07-06 11:30:00,1.2428774631913795,0.0
2046-07-06 12:00:00,1.2428774631913795,0.0
2046-07-06 12:30:00,1.2428774631913795,0.0
2046-07-06 13:00:00,1.2428774631913795,0.0
2046-07-06 13:30:00,1.2428774631913795,0.0
2046-07-06 14:00:00,1.2428774631913795,0.0
2046-07-06 14:30:00,1.2428774631913795,0.0
2046-07-06 15:00:00,1.2428774631913795,0.0
2046-07-06 15:30:00,1.2428774631913795,0.0
2046-07-06 16:00:00,1.2428774631913795,0.0
2046-07-06 16:30:00,1.2428774631913795,0.0
2046-07-06 17:00:00,1.2428774631913795,0.0
2046-07-06 17:30:00,1.2428774631913795,0.014213486013661115
2046-07-06 18:00:00,1.235152742531775,0.014213486013661115
2046-07-06 18:30:00,1.2274280218721705,0.014213486013661115
2046-07-06 19:00:00,1.219703301212566,0.014213486013661115
2046-07-06 19:30:00,1.2119785805529615,0.014213486013661115
2046-07-06 20:00:00,1.204253859893357,0.014213486013661115
2046-07-06 20:30:00,1.1965291392337525,0.0
2046-07-06 21:00:00,1.1965291392337525,0.0
2046-07-06 21:30:00,1.1965291392337525,0.0
2046-07-06 22:00:00,1.1965291392337525,0.014213486013661115
2046-07-06 22:30:00,1.188804418574148,0.0
2046-07-06 23:00:00,1.188804418574148,0.014213486013661115
2046-07-06 23:30:00,1.1810796979145435,0.014213486013661115
2046-07-07 00:00:00,1.173354977254939,0.014213486013661115
2046-07-07 00:30:00,1.1656302565953345,0.014213486013661115
2046-07-07 01:00:00,1.15790553593573,0.014213486013661115
2046-07-07 01:30:00,1.1501808152761255,0.014213486013661115
2046-07-07 02:00:00,1.14245609461652,0.014213486013661115
2046-07-07 02:30:00,1.1347313739569156,0.0
2046-07-07 03:00:00,1.1347313739569156,0.014213486013661115
2046-07-07 03:30:00,1.127006653297311,0.014213486013661115
2046-07-07 04:00:00,1.1192819326377066,0.014213486013661115
2046-07-07 04:30:00,1.111557211978102,0.014213486013661115
2046-07-07 05:00:00,1.1038324913184976,0.014213486013661115
2046-07-07 05:30:00,1.096107770658893,0.014213486013661115
2046-07-07 06:00:00,1.0883830499992886,0.014213486013661115
2046-07-07 06:30:00,1.0806583293396839,0.014213486013661115
2046-07-07 07:00:00,1.0729336086800791,0.0
2046-07-07 07:30:00,1.0729336086800791,0.014213486013661115
2046-07-07 08:00:00,1.0652088880204746,0.0
2046-07-07 08:30:00,1.0652088880204746,0.0
2046-07-07 09:00:00,1.0652088880204746,0.0
2046-07-07 09:30:00,1.0652088880204746,-0.014213486013661115
2046-07-07 10:00:00,1.0717470915867588,-0.014213486013661115
2046-07-07 10:30:00,1.0782852951530428,-0.014213486013661115
2046-07-07 11:00:00,1.0848234987193268,-0.014213486013661115
2046-07-07 11:30:00,1.091361702285611,-0.014213486013661115
2046-07-07 12:00:00,1.0978999058518952,-0.014213486013661115
2046-07-07 12:30:00,1.1044381094181794,-0.014213486013661115
2046-07-07 13:00:00,1.1109763129844636,0.0
2046-07-07 13:30:00,1.1109763129844636,-0.014213486013661115
2046-07-07 14:00:00,1.1175145165507478,-0.014213486013661115
2046-07-07 14:30:00,1.124052720117032,-0.014213486013661115
2046-07-07 15:00:00,1.1305909236833163,-0.014213486013661115
2046-07-07 15:30:00,1.1371291272496005,0.0
2046-07-07 16:00:00,1.1371291272496005,0.0
2046-07-07 16:30:00,1.1371291272496005,0.0
2046-07-07 17:00:00,1.1371291272496005,0.0
2046-07-07 17:30:00,1.1371291272496005,0.0
2046-07-07 18:00:00,1.1371291272496005,0.0
2046-07-07 18:30:00,1.1371291272496005,0.0
2046-07-07 19:00:00,1.1371291272496005,0.0
2046-07-07 19:30:00,1.1371291272496005,0.0
2046-07-07 20:00:00,1.1371291272496005,0.0
2046-07-07 20:30:00,1.1371291272496005,0.0
2046-07-07 21:00:00,1.1371291272496005,0.0
2046-07-07 21:30:00,1.1371291272496005,0.0
2046-07-07 22:00:00,1.1371291272496005,0.0
2046-07-07 22:30:00,1.1371291272496005,0.0
2046-07-07 23:00:00,1.1371291272496005,0.0
2046-07-07 23:30:00,1.1371291272496005,0.014213486013661115
2046-07-08 00:00:00,1.129404406589996,0.0
2046-07-08 00:30:00,1.129404406589996,0.0
2046-07-08 01:00:00,1.129404406589996,0.0
2046-07-08 01:30:00,1.129404406589996,0.0
2046-07-08 02:00:00,1.129404406589996,0.0
2046-07-08 02:30:00,1.129404406589996,0.0
2046-07-08 03:00:00,1.129404406589996,0.0
2046-07-08 03:30:00,1.129404406589996,0.011694478070496395
2046-07-08 04:00:00,1.1230487119864576,0.014213486013661115
2046-07-08 04:30:00,1.1153239913268531,0.014213486013661115
2046-07-08 05:00:00,1.1075992706672486,0.014213486013661115
2046-07-08 05:30:00,1.0998745500076441,0.014213486013661115
2046-07-08 06:00:00,1.0921498293480396,0.014213486013661115
2046-07-08 06:30:00,1.0844251086884351,0.014213486013661115
2046-07-08 07:00:00,1.0767003880288306,0.014213486013661115
2046-07-08 07:30:00,1.0689756673692261,0.014213486013661115
2046-07-08 08:00:00,1.0612509467096216,0.0
2046-07-08 08:30:00,1.0612509467096216,0.0
2046-07-08 09:00:00,1.0612509467096216,0.0
2046-07-08 09:30:00,1.0612509467096216,0.0
2046-07-08 10:00:00,1.0612509467096216,0.0
2046-07-08 10:30:00,1.0612509467096216,0.0
2046-07-08 11:00:00,1.0612509467096216,0.0
2046-07-08 11:30:00,1.0612509467096216,0.0
2046-07-08 12:00:00,1.0612509467096216,0.0
2046-07-08 12:30:00,1.0612509467096216,0.0
2046-07-08 13:00:00,1.0612509467096216,0.0
2046-07-08 13:30:00,1.0612509467096216,0.0
2046-07-08 14:00:00,1.0612509467096216,0.0
2046-07-08 14:30:00,1.0612509467096216,0.0
2046-07-08 15:00:00,1.0612509467096216,0.0
2046-07-08 15:30:00,1.0612509467096216,0.0
2046-07-08 16:00:00,1.0612509467096216,0.0
2046-07-08 16:30:00,1.0612509467096216,0.014213486013661115
2046-07-08 17:00:00,1.0535262260500171,0.014213486013661115
2046-07-08 17:30:00,1.0458015053904126,0.014213486013661115
2046-07-08 18:00:00,1.038076784730808,0.014213486013661115
2046-07-08 18:30:00,1.0303520640712036,0.014213486013661115
2046-07-08 19:00:00,1.022627343411599,0.014213486013661115
2046-07-08 19:30:00,1.0149026227519946,0.014213486013661115
2046-07-08 20:00:00,1.0071779020923899,0.014213486013661115
2046-07-08 20:30:00,0.9994531814327853,0.014213486013661115
2046-07-08 21:00:00,0.9917284607731807,0.014213486013661115
2046-07-08 21:30:00,0.984003740113576,0.014213486013661115
2046-07-08 22:00:00,0.9762790194539714,0.014213486013661115
2046-07-08 22:30:00,0.9685542987943668,0.014213486013661115
2046-07-08 23:00:00,0.9608295781347622,0.014213486013661115
2046-07-08 23:30:00,0.9531048574751576,0.014213486013661115
2046-07-09 00:00:00,0.945380136815553,0.0
2046-07-09 00:30:00,0.945380136815553,0.0
2046-07-09 01:00:00,0.945380136815553,0.005617633502559158
2046-07-09 01:30:00,0.9423270751293771,0.014213486013661115
2046-07-09 02:00:00,0.9346023544697725,0.014213486013661115
2046-07-09 02:30:00,0.9268776338101679,0.014213486013661115
2046-07-09 03:00:00,0.9191529131505632,0.014213486013661115
2046-07-09 03:30:00,0.9114281924909586,0.014213486013661115
2046-07-09 04:00:00,0.903703471831354,0.014213486013661115
2046-07-09 04:30:00,0.8959787511717494,0.014213486013661115
2046-07-09 05:00:00,0.8882540305121448,0.013537239456977837
2046-07-09 05:30:00,0.8808968351550858,0.014213486013661115
2046-07-09 06:00:00,0.8731721144954812,0.014213486013661115
2046-07-09 06:30:00,0.8654473938358765,0.014213486013661115
2046-07-09 07:00:00,0.8577226731762719,0.014213486013661115
2046-07-09 07:30:00,0.8499979525166673,0.014213486013661115
2046-07-09 08:00:00,0.8422732318570627,0.014213486013661115
2046-07-09 08:30:00,0.8345485111974581,0.014213486013661115
2046-07-09 09:00:00,0.8268237905378535,0.014213486013661115
2046-07-09 09:30:00,0.8190990698782489,0.014213486013661115
2046-07-09 10:00:00,0.8113743492186443,0.014213486013661115
2046-07-09 10:30:00,0.8036496285590397,0.0
2046-07-09 11:00:00,0.8036496285590397,0.0
2046-07-09 11:30:00,0.8036496285590397,0.0
2046-07-09 12:00:00,0.8036496285590397,0.0
2046-07-09 12:30:00,0.8036496285590397,0.0
2046-07-09 13:00:00,0.8036496285590397,0.0
2046-07-09 13:30:00,0.8036496285590397,0.0
2046-07-09 14:00:00,0.8036496285590397,0.0074465031711997975
2046-07-09 14:30:00,0.799602615965993,0.014213486013661115
2046-07-09 15:00:00,0.7918778953063884,0.014213486013661115
2046-07-09 15:30:00,0.7841531746467838,0.014213486013661115
2046-07-09 16:00:00,0.7764284539871792,0.014213486013661115
2046-07-09 16:30:00,0.7687037333275746,0.014213486013661115
2046-07-09 17:00:00,0.76097901266797,0.014213486013661115
2046-07-09 17:30:00,0.7532542920083654,0.014213486013661115
2046-07-09 18:00:00,0.7455295713487607,0.014213486013661115
2046-07-09 18:30:00,0.7378048506891561,0.014213486013661115
2046-07-09 19:00:00,0.7300801300295515,0.014213486013661115
2046-07-09 19:30:00,0.7223554093699469,0.014213486013661115
2046-07-09 20:00:00,0.7146306887103423,0.014213486013661115
2046-07-09 20:30:00,0.7069059680507377,0.014213486013661115
2046-07-09 21:00:00,0.6991812473911331,0.014213486013661115
2046-07-09 21:30:00,0.6914565267315285,0.014213486013661115
2046-07-09 22:00:00,0.6837318060719239,0.014213486013661115
2046-07-09 22:30:00,0.6760070854123192,0.014213486013661115
2046-07-09 23:00:00,0.6682823647527146,0.014213486013661115
2046-07-09 23:30:00,0.66055764409311,0.014213486013661115
2046-07-10 00:00:00,0.6528329234335054,0.014213486013661115
2046-07-10 00:30:00,0.6451082027739008,0.014213486013661115
2046-07-10 01:00:00,0.6373834821142962,0.014213486013661115
2046-07-10 01:30:00,0.6296587614546916,0.014213486013661115
2046-07-10 02:00:00,0.621934040795087,0.014213486013661115
2046-07-10 02:30:00,0.6142093201354824,0.014213486013661115
2046-07-10 03:00:00,0.6064845994758777,0.014213486013661115
2046-07-10 03:30:00,0.5987598788162731,0.014213486013661115
2046-07-10 04:00:00,0.5910351581566685,0.014213486013661115
2046-07-10 04:30:00,0.5833104374970639,0.014213486013661115
2046-07-10 05:00:00,0.5755857168374593,0.014213486013661115
2046-07-10 05:30:00,0.5678609961778547,0.014213486013661115
2046-07-10 06:00:00,0.5601362755182501,0.014213486013661115
2046-07-10 06:30:00,0.5524115548586455,0.014213486013661115
2046-07-10 07:00:00,0.5446868341990408,0.014213486013661115
2046-07-10 07:30:00,0.5369621135394362,0.014213486013661115
2046-07-10 08:00:00,0.5292373928798316,0.014213486013661115
2046-07-10 08:30:00,0.521512672220227,0.014213486013661115
2046-07-10 09:00:00,0.5137879515606224,0.014213486013661115
2046-07-10 09:30:00,0.5060632309010178,0.0
2046-07-10 10:00:00,0.5060632309010178,0.005392726401000081
2046-07-10 10:30:00,0.5031324013352545,0.0068658499970000175
2046-07-10 11:00:00,0.49940096111949067,0.014213486013661115
2046-07-10 11:30:00,0.49167624045988606,0.014213486013661115
2046-07-10 12:00:00,0.48395151980028145,0.0
2046-07-10 12:30:00,0.48395151980028145,0.0
2046-07-10 13:00:00,0.48395151980028145,0.0
2046-07-10 13:30:00,0.48395151980028145,0.0
2046-07-10 14:00:00,0.48395151980028145,0.0
2046-07-10 14:30:00,0.48395151980028145,0.0
2046-07-10 15:00:00,0.48395151980028145,0.0
2046-07-10 15:30:00,0.48395151980028145,0.0
2046-07-10 16:00:00,0.48395151980028145,0.0
2046-07-10 16:30:00,0.48395151980028145,0.014213486013661115
2046-07-10 17:00:00,0.47622679914067684,0.014213486013661115
2046-07-10 17:30:00,0.4685020784810722,0.014213486013661115
2046-07-10 18:00:00,0.4607773578214676,0.014213486013661115
2046-07-10 18:30:00,0.453052637161863,0.0
2046-07-10 19:00:00,0.453052637161863,0.014213486013661115
2046-07-10 19:30:00,0.4453279165022584,0.014213486013661115
2046-07-10 20:00:00,0.4376031958426538,0.014213486013661115
2046-07-10 20:30:00,0.42987847518304917,0.014213486013661115
2046-07-10 21:00:00,0.42215375452344456,0.014213486013661115
2046-07-10 21:30:00,0.41442903386383995,0.014213486013661115
2046-07-10 22:00:00,0.40670431320423533,0.014213486013661115
2046-07-10 22:30:00,0.3989795925446307,0.014213486013661115
2046-07-10 23:00:00,0.3912548718850261,0.014213486013661115
2046-07-10 23:30:00,0.3835301512254215,0.014213486013661115
2046-07-11 00:00:00,0.3758054305658169,0.014213486013661115
2046-07-11 00:30:00,0.3680807099062123,0.014213486013661115
2046-07-11 01:00:00,0.36035598924660767,0.014213486013661115
2046-07-11 01:30:00,0.35263126858700305,0.014213486013661115
2046-07-11 02:00:00,0.34490654792739844,0.014213486013661115
2046-07-11 02:30:00,0.33718182726779383,0.014213486013661115
2046-07-11 03:00:00,0.3294571066081892,0.014213486013661115
2046-07-11 03:30:00,0.3217323859485846,0.014213486013661115
2046-07-11 04:00:00,0.31400766528898,0.014213486013661115
2046-07-11 04:30:00,0.3062829446293754,0.014213486013661115
2046-07-11 05:00:00,0.2985582239697708,0.014213486013661115
2046-07-11 05:30:00,0.29083350331016616,0.014213486013661115
2046-07-11 06:00:00,0.28310878265056155,0.014213486013661115
2046-07-11 06:30:00,0.27538406199095694,0.014213486013661115
2046-07-11 07:00:00,0.26765934133135233,0.014213486013661115
2046-07-11 07:30:00,0.2599346206717477,0.014213486013661115
2046-07-11 08:00:00,0.2522099000121431,0.014213486013661115
2046-07-11 08:30:00,0.2444851793525385,0.0
2046-07-11 09:00:00,0.2444851793525385,0.0
2046-07-11 09:30:00,0.2444851793525385,0.0
2046-07-11 10:00:00,0.2444851793525385,0.0
2046-07-11 10:30:00,0.2444851793525385,0.0
2046-07-11 11:00:00,0.2444851793525385,0.0
2046-07-11 11:30:00,0.2444851793525385,0.0
2046-07-11 12:00:00,0.2444851793525385,0.0
2046-07-11 12:30:00,0.2444851793525385,0.0
2046-07-11 13:00:00,0.2444851793525385,0.0
2046-07-11 13:30:00,0.2444851793525385,0.0
2046-07-11 14:00:00,0.2444851793525385,0.0
2046-07-11 14:30:00,0.2444851793525385,0.0
2046-07-11 15:00:00,0.2444851793525385,0.0
2046-07-11 15:30:00,0.2444851793525385,0.0
2046-07-11 16:00:00,0.2444851793525385,0.0
2046-07-11 16:30:00,0.2444851793525385,0.0
2046-07-11 17:00:00,0.2444851793525385,0.0
2046-07-11 17:30:00,0.2444851793525385,0.0
2046-07-11 18:00:00,0.2444851793525385,0.0
2046-07-11 18:30:00,0.2444851793525385,0.0
2046-07-11 19:00:00,0.2444851793525385,0.0
2046-07-11 19:30:00,0.2444851793525385,0.0
2046-07-11 20:00:00,0.2444851793525385,0.0
2046-07-11 20:30:00,0.2444851793525385,0.0
2046-07-11 21:00:00,0.2444851793525385,0.0
2046-07-11 21:30:00,0.2444851793525385,0.009234663584817636
2046-07-11 22:00:00,0.2394663404477423,0.0
2046-07-11 22:30:00,0.2394663404477423,0.0
2046-07-11 23:00:00,0.2394663404477423,0.0
2046-07-11 23:30:00,0.2394663404477423,0.0
2046-07-12 00:00:00,0.2394663404477423,0.0
2046-07-12 00:30:00,0.2394663404477423,0.0
2046-07-12 01:00:00,0.2394663404477423,0.014213486013661115
2046-07-12 01:30:00,0.23174161978813768,0.014213486013661115
2046-07-12 02:00:00,0.22401689912853306,0.014213486013661115
2046-07-12 02:30:00,0.21629217846892845,0.014213486013661115
2046-07-12 03:00:00,0.20856745780932384,0.014213486013661115
2046-07-12 03:30:00,0.20084273714971923,0.014213486013661115
2046-07-12 04:00:00,0.19311801649011462,0.014213486013661115
2046-07-12 04:30:00,0.18539329583051,0.014213486013661115
2046-07-12 05:00:00,0.1776685751709054,0.014213486013661115
2046-07-12 05:30:00,0.16994385451130078,0.014213486013661115
2046-07-12 06:00:00,0.16221913385169617,0.014213486013661115
2046-07-12 06:30:00,0.15449441319209156,0.014213486013661115
2046-07-12 07:00:00,0.14676969253248695,0.014213486013661115
2046-07-12 07:30:00,0.13904497187288234,0.014213486013661115
2046-07-12 08:00:00,0.13132025121327773,0.014213486013661115
2046-07-12 08:30:00,0.12359553055367312,0.014213486013661115
2046-07-12 09:00:00,0.1158708098940685,0.0
2046-07-12 09:30:00,0.1158708098940685,0.0
2046-07-12 10:00:00,0.1158708098940685,0.0
2046-07-12 10:30:00,0.1158708098940685,0.0
2046-07-12 11:00:00,0.1158708098940685,0.0
2046-07-12 11:30:00,0.1158708098940685,0.0
2046-07-12 12:00:00,0.1158708098940685,0.0
2046-07-12 12:30:00,0.1158708098940685,0.0
2046-07-12 13:00:00,0.1158708098940685,0.0
2046-07-12 13:30:00,0.1158708098940685,0.0
2046-07-12 14:00:00,0.1158708098940685,0.0
2046-07-12 14:30:00,0.1158708098940685,0.0
2046-07-12 15:00:00,0.1158708098940685,0.0
2046-07-12 15:30:00,0.1158708098940685,0.0
2046-07-12 16:00:00,0.1158708098940685,0.0
2046-07-12 16:30:00,0.1158708098940685,0.0
2046-07-12 17:00:00,0.1158708098940685,0.0
2046-07-12 17:30:00,0.1158708098940685,0.0
2046-07-12 18:00:00,0.1158708098940685,0.0
2046-07-12 18:30:00,0.1158708098940685,0.0
2046-07-12 19:00:00,0.1158708098940685,0.0
2046-07-12 19:30:00,0.1158708098940685,0.0
2046-07-12 20:00:00,0.1158708098940685,0.0
2046-07-12 20:30:00,0.1158708098940685,0.014213486013661115
2046-07-12 21:00:00,0.1081460892344639,0.0
2046-07-12 21:30:00,0.1081460892344639,0.0
2046-07-12 22:00:00,0.1081460892344639,0.014213486013661115
2046-07-12 22:30:00,0.10042136857485928,0.014213486013661115
2046-07-12 23:00:00,0.09269664791525467,0.014213486013661115
2046-07-12 23:30:00,0.08497192725565006,0.014213486013661115
2046-07-13 00:00:00,0.07724720659604545,0.0
2046-07-13 00:30:00,0.07724720659604545,0.014213486013661115
2046-07-13 01:00:00,0.06952248593644084,0.014213486013661115
2046-07-13 01:30:00,0.061797765276836225,0.014213486013661115
2046-07-13 02:00:00,0.054073044617231614,0.0
2046-07-13 02:30:00,0.054073044617231614,0.0
2046-07-13 03:00:00,0.054073044617231614,0.0
2046-07-13 03:30:00,0.054073044617231614,0.0
2046-07-13 04:00:00,0.054073044617231614,0.0
2046-07-13 04:30:00,0.054073044617231614,0.0
2046-07-13 05:00:00,0.054073044617231614,0.014213486013661115
2046-07-13 05:30:00,0.04634832395762767,0.014213486013661115
2046-07-13 06:00:00,0.03862360329802306,0.014213486013661115
2046-07-13 06:30:00,0.030898882638418446,0.014213486013661115
2046-07-13 07:00:00,0.023174161978813834,0.014213486013661115
2046-07-13 07:30:00,0.015449441319209223,0.014213486013661115
2046-07-13 08:00:00,0.007724720659604611,0.014213486013661115
2046-07-13 08:30:00,0.0,0.0
2046-07-13 09:00:00,0.0,0.0
2046-07-13 09:30:00,0.0,-0.014213486013661115
2046-07-13 10:00:00,0.006538203566284113,-0.014213486013661115
2046-07-13 10:30:00,0.013076407132568222,-0.014213486013661115
2046-07-13 11:00:00,0.019614610698852335,-0.014213486013661115
2046-07-13 11:30:00,0.026152814265136447,-0.014213486013661115
2046-07-13 12:00:00,0.03269101783142056,-0.014213486013661115
2046-07-13 12:30:00,0.03922922139770467,-0.014213486013661115
2046-07-13 13:00:00,0.04576742496398878,-0.014213486013661115
2046-07-13 13:30:00,0.05230562853027289,-0.014213486013661115
2046-07-13 14:00:00,0.058843832096557,-0.014213486013661115
2046-07-13 14:30:00,0.0653820356628411,-0.014213486013661115
2046-07-13 15:00:00,0.07192023922912522,-0.014213486013661115
2046-07-13 15:30:00,0.07845844279540932,-0.014213486013661115
2046-07-13 16:00:00,0.08499664636169343,-0.014213486013661115
2046-07-13 16:30:00,0.09153484992797754,0.0
2046-07-13 17:00:00,0.09153484992797754,0.0
2046-07-13 17:30:00,0.09153484992797754,0.0
2046-07-13 18:00:00,0.09153484992797754,0.0
2046-07-13 18:30:00,0.09153484992797754,0.0
2046-07-13 19:00:00,0.09153484992797754,0.0
2046-07-13 19:30:00,0.09153484992797754,0.0
2046-07-13 20:00:00,0.09153484992797754,0.0
2046-07-13 20:30:00,0.09153484992797754,0.0
2046-07-13 21:00:00,0.09153484992797754,0.0
2046-07-13 21:30:00,0.09153484992797754,0.0
2046-07-13 22:00:00,0.09153484992797754,0.0
2046-07-13 22:30:00,0.09153484992797754,0.0
2046-07-13 23:00:00,0.09153484992797754,0.0
2046-07-13 23:30:00,0.09153484992797754,0.0
2046-07-14 00:00:00,0.09153484992797754,0.0
2046-07-14 00:30:00,0.09153484992797754,0.0
2046-07-14 01:00:00,0.09153484992797754,0.0
2046-07-14 01:30:00,0.09153484992797754,0.0
2046-07-14 02:00:00,0.09153484992797754,0.0
2046-07-14 02:30:00,0.09153484992797754,0.0
2046-07-14 03:00:00,0.09153484992797754,0.0
2046-07-14 03:30:00,0.09153484992797754,0.0
2046-07-14 04:00:00,0.09153484992797754,0.0
2046-07-14 04:30:00,0.09153484992797754,0.0
2046-07-14 05:00:00,0.09153484992797754,0.0
2046-07-14 05:30:00,0.09153484992797754,0.0
2046-07-14 06:00:00,0.09153484992797754,0.0
2046-07-14 06:30:00,0.09153484992797754,0.0
2046-07-14 07:00:00,0.09153484992797754,0.0
2046-07-14 07:30:00,0.09153484992797754,0.0
2046-07-14 08:00:00,0.09153484992797754,0.0
2046-07-14 08:30:00,0.09153484992797754,-0.014213486013661115
2046-07-14 09:00:00,0.09807305349426165,-0.014213486013661115
2046-07-14 09:30:00,0.10461125706054576,-0.014213486013661115
2046-07-14 10:00:00,0.11114946062682987,-0.014213486013661115
2046-07-14 10:30:00,0.11768766419311398,-0.014213486013661115
2046-07-14 11:00:00,0.12422586775939809,-0.014213486013661115
2046-07-14 11:30:00,0.1307640713256822,-0.014213486013661115
2046-07-14 12:00:00,0.13730227489196634,-0.014213486013661115
2046-07-14 12:30:00,0.14384047845825046,-0.014213486013661115
2046-07-14 13:00:00,0.15037868202453458,-0.014213486013661115
2046-07-14 13:30:00,0.1569168855908187,-0.014213486013661115
2046-07-14 14:00:00,0.16345508915710283,-0.014213486013661115
2046-07-14 14:30:00,0.16999329272338695,-0.014213486013661115
2046-07-14 15:00:00,0.17653149628967105,-0.014213486013661115
2046-07-14 15:30:00,0.18306969985595517,-0.014213486013661115
2046-07-14 16:00:00,0.1896079034222393,-0.014213486013661115
2046-07-14 16:30:00,0.19614610698852342,0.0
2046-07-14 17:00:00,0.19614610698852342,0.0
2046-07-14 17:30:00,0.19614610698852342,0.0
2046-07-14 18:00:00,0.19614610698852342,0.0
2046-07-14 18:30:00,0.19614610698852342,0.0
2046-07-14 19:00:00,0.19614610698852342,0.0
2046-07-14 19:30:00,0.19614610698852342,0.0
2046-07-14 20:00:00,0.19614610698852342,0.0
2046-07-14 20:30:00,0.19614610698852342,0.0
2046-07-14 21:00:00,0.19614610698852342,0.0
2046-07-14 21:30:00,0.19614610698852342,0.0
2046-07-14 22:00:00,0.19614610698852342,0.0
2046-07-14 22:30:00,0.19614610698852342,0.0
2046-07-14 23:00:00,0.19614610698852342,0.0
2046-07-14 23:30:00,0.19614610698852342,0.0
2046-07-15 00:00:00,0.19614610698852342,0.0
2046-07-15 00:30:00,0.19614610698852342,0.0
2046-07-15 01:00:00,0.19614610698852342,0.0
2046-07-15 01:30:00,0.19614610698852342,0.0
2046-07-15 02:00:00,0.19614610698852342,0.0
2046-07-15 02:30:00,0.19614610698852342,-0.014213486013661115
2046-07-15 03:00:00,0.20268431055480746,-0.014213486013661115
2046-07-15 03:30:00,0.20922251412109158,-0.014213486013661115
2046-07-15 04:00:00,0.2157607176873757,-0.014213486013661115
2046-07-15 04:30:00,0.22229892125365983,-0.014213486013661115
2046-07-15 05:00:00,0.22883712481994395,-0.014213486013661115
2046-07-15 05:30:00,0.23537532838622807,-0.014213486013661115
2046-07-15 06:00:00,0.2419135319525122,-0.014213486013661115
2046-07-15 06:30:00,0.24845173551879632,-0.014213486013661115
2046-07-15 07:00:00,0.25498993908508044,-0.014213486013661115
2046-07-15 07:30:00,0.26152814265136454,-0.014213486013661115
2046-07-15 08:00:00,0.26806634621764863,-0.014213486013661115
2046-07-15 08:30:00,0.274604549783933,-0.014213486013661115
2046-07-15 09:00:00,0.2811427533502171,-0.014213486013661115
2046-07-15 09:30:00,0.2876809569165012,-0.014213486013661115
2046-07-15 10:00:00,0.2942191604827853,-0.014213486013661115
2046-07-15 10:30:00,0.3007573640490694,-0.014213486013661115
2046-07-15 11:00:00,0.3072955676153535,-0.014213486013661115
2046-07-15 11:30:00,0.3138337711816376,-0.014213486013661115
2046-07-15 12:00:00,0.3203719747479217,-0.014213486013661115
2046-07-15 12:30:00,0.32691017831420577,-0.014213486013661115
2046-07-15 13:00:00,0.33344838188048986,-0.014213486013661115
2046-07-15 13:30:00,0.33998658544677396,-0.014213486013661115
2046-07-15 14:00:00,0.34652478901305805,-0.014213486013661115
2046-07-15 14:30:00,0.35306299257934215,-0.014213486013661115
2046-07-15 15:00:00,0.35960119614562625,-0.014213486013661115
2046-07-15 15:30:00,0.36613939971191034,-0.014213486013661115
2046-07-15 16:00:00,0.37267760327819444,-0.014213486013661115
2046-07-15 16:30:00,0.37921580684447853,-0.014213486013661115
2046-07-15 17:00:00,0.3857540104107626,0.0
2046-07-15 17:30:00,0.3857540104107626,0.0
2046-07-15 18:00:00,0.3857540104107626,0.0
2046-07-15 18:30:00,0.3857540104107626,0.0
2046-07-15 19:00:00,0.3857540104107626,0.0
2046-07-15 19:30:00,0.3857540104107626,0.0
2046-07-15 20:00:00,0.3857540104107626,0.0
2046-07-15 20:30:00,0.3857540104107626,0.0
2046-07-15 21:00:00,0.3857540104107626,0.0
2046-07-15 21:30:00,0.3857540104107626,0.0
2046-07-15 22:00:00,0.3857540104107626,0.0
2046-07-15 22:30:00,0.3857540104107626,0.0
2046-07-15 23:00:00,0.3857540104107626,0.0
2046-07-15 23:30:00,0.3857540104107626,0.0
2046-07-16 00:00:00,0.3857540104107626,0.0
2046-07-16 00:30:00,0.3857540104107626,0.0
2046-07-16 01:00:00,0.3857540104107626,0.0
2046-07-16 01:30:00,0.3857540104107626,0.0
2046-07-16 02:00:00,0.3857540104107626,0.0
2046-07-16 02:30:00,0.3857540104107626,-0.014213486013661115
2046-07-16 03:00:00,0.3922922139770468,-0.014213486013661115
2046-07-16 03:30:00,0.3988304175433309,-0.014213486013661115
2046-07-16 04:00:00,0.40536862110961497,-0.014213486013661115
2046-07-16 04:30:00,0.4119068246758992,-0.014213486013661115
2046-07-16 05:00:00,0.41844502824218327,-0.014213486013661115
2046-07-16 05:30:00,0.42498323180846737,-0.014213486013661115
2046-07-16 06:00:00,0.43152143537475146,-0.014213486013661115
2046-07-16 06:30:00,0.43805963894103556,-0.014213486013661115
2046-07-16 07:00:00,0.44459784250731915,-0.014213486013661115
2046-07-16 07:30:00,0.45113604607360325,-0.014213486013661115
2046-07-16 08:00:00,0.45767424963988734,-0.014213486013661115
2046-07-16 08:30:00,0.46421245320617144,-0.014213486013661115
2046-07-16 09:00:00,0.47075065677245553,-0.014213486013661115
2046-07-16 09:30:00,0.47728886033873963,-0.014213486013661115
2046-07-16 10:00:00,0.4838270639050237,-0.014213486013661115
2046-07-16 10:30:00,0.4903652674713078,-0.014213486013661115
2046-07-16 11:00:00,0.4969034710375919,-0.014213486013661115
2046-07-16 11:30:00,0.503441674603876,-0.014213486013661115
2046-07-16 12:00:00,0.5099798781701601,-0.014213486013661115
2046-07-16 12:30:00,0.5165180817364442,-0.014213486013661115
2046-07-16 13:00:00,0.5230562853027283,-0.014213486013661115
2046-07-16 13:30:00,0.5295944888690124,-0.014213486013661115
2046-07-16 14:00:00,0.5361326924352965,-0.014213486013661115
2046-07-16 14:30:00,0.5426708960015806,-0.014213486013661115
2046-07-16 15:00:00,0.5492090995678647,-0.014213486013661115
2046-07-16 15:30:00,0.5557473031341488,-0.014213486013661115
2046-07-16 16:00:00,0.5622855067004329,-0.014213486013661115
2046-07-16 16:30:00,0.568823710266717,-0.014213486013661115
2046-07-16 17:00:00,0.5753619138330011,-0.014213486013661115
2046-07-16 17:30:00,0.5819001173992852,-0.014213486013661115
2046-07-16 18:00:00,0.5884383209655693,0.0
2046-07-16 18:30:00,0.5884383209655693,0.0
2046-07-16 19:00:00,0.5884383209655693,0.0
2046-07-16 19:30:00,0.5884383209655693,-0.014213486013661115
2046-07-16 20:00:00,0.5949765245318535,-0.014213486013661115
2046-07-16 20:30:00,0.6015147280981376,-0.014213486013661115
2046-07-16 21:00:00,0.6080529316644219,-0.014213486013661115
2046-07-16 21:30:00,0.614591135230706,-0.014213486013661115
2046-07-16 22:00:00,0.6211293387969901,-0.014213486013661115
2046-07-16 22:30:00,0.6276675423632742,-0.014213486013661115
2046-07-16 23:00:00,0.6342057459295583,-0.014213486013661115
2046-07-16 23:30:00,0.6407439494958423,-0.014213486013661115
2046-07-17 00:00:00,0.6472821530621264,-0.014213486013661115
2046-07-17 00:30:00,0.6538203566284105,-0.014213486013661115
2046-07-17 01:00:00,0.6603585601946946,-0.014213486013661115
2046-07-17 01:30:00,0.6668967637609787,-0.014213486013661115
2046-07-17 02:00:00,0.6734349673272628,-0.014213486013661115
2046-07-17 02:30:00,0.6799731708935469,-0.014213486013661115
2046-07-17 03:00:00,0.686511374459831,-0.014213486013661115
2046-07-17 03:30:00,0.6930495780261151,-0.014213486013661115
2046-07-17 04:00:00,0.6995877815923992,-0.014213486013661115
2046-07-17 04:30:00,0.7061259851586833,-0.014213486013661115
2046-07-17 05:00:00,0.7126641887249674,-0.014213486013661115
2046-07-17 05:30:00,0.7192023922912522,-0.014213486013661115
2046-07-17 06:00:00,0.7257405958575363,-0.014213486013661115
2046-07-17 06:30:00,0.7322787994238203,-0.014213486013661115
2046-07-17 07:00:00,0.7388170029901044,-0.014213486013661115
2046-07-17 07:30:00,0.7453552065563885,-0.014213486013661115
2046-07-17 08:00:00,0.7518934101226726,-0.014213486013661115
2046-07-17 08:30:00,0.7584316136889567,-0.014213486013661115
2046-07-17 09:00:00,0.7649698172552408,-0.014213486013661115
2046-07-17 09:30:00,0.7715080208215249,-0.014213486013661115
2046-07-17 10:00:00,0.778046224387809,-0.014213486013661115
2046-07-17 10:30:00,0.7845844279540931,-0.014213486013661115
2046-07-17 11:00:00,0.7911226315203772,-0.014213486013661115
2046-07-17 11:30:00,0.7976608350866613,-0.014213486013661115
2046-07-17 12:00:00,0.8041990386529454,-0.014213486013661115
2046-07-17 12:30:00,0.8107372422192295,-0.014213486013661115
2046-07-17 13:00:00,0.8172754457855136,-0.014213486013661115
2046-07-17 13:30:00,0.8238136493517977,-0.014213486013661115
2046-07-17 14:00:00,0.8303518529180818,-0.014213486013661115
2046-07-17 14:30:00,0.8368900564843659,-0.014213486013661115
2046-07-17 15:00:00,0.84342826005065,-0.014213486013661115
2046-07-17 15:30:00,0.8499664636169341,-0.014213486013661115
2046-07-17 16:00:00,0.8565046671832182,-0.014213486013661115
2046-07-17 16:30:00,0.8630428707495023,-0.014213486013661115
2046-07-17 17:00:00,0.8695810743157864,0.0
2046-07-17 17:30:00,0.8695810743157864,0.0
2046-07-17 18:00:00,0.8695810743157864,0.0
2046-07-17 18:30:00,0.8695810743157864,0.0
2046-07-17 19:00:00,0.8695810743157864,0.0
2046-07-17 19:30:00,0.8695810743157864,0.0
2046-07-17 20:00:00,0.8695810743157864,0.0
2046-07-17 20:30:00,0.8695810743157864,0.0
2046-07-17 21:00:00,0.8695810743157864,0.0
2046-07-17 21:30:00,0.8695810743157864,0.0
2046-07-17 22:00:00,0.8695810743157864,0.0
2046-07-17 22:30:00,0.8695810743157864,0.0
2046-07-17 23:00:00,0.8695810743157864,0.0
2046-07-17 23:30:00,0.8695810743157864,0.0
2046-07-18 00:00:00,0.8695810743157864,0.0
2046-07-18 00:30:00,0.8695810743157864,0.0
2046-07-18 01:00:00,0.8695810743157864,0.0
2046-07-18 01:30:00,0.8695810743157864,0.0
2046-07-18 02:00:00,0.8695810743157864,0.0
2046-07-18 02:30:00,0.8695810743157864,0.0
2046-07-18 03:00:00,0.8695810743157864,0.0
2046-07-18 03:30:00,0.8695810743157864,0.0
2046-07-18 04:00:00,0.8695810743157864,-0.014213486013661115
2046-07-18 04:30:00,0.8761192778820704,-0.014213486013661115
2046-07-18 05:00:00,0.8826574814483545,-0.014213486013661115
2046-07-18 05:30:00,0.8891956850146387,-0.014213486013661115
2046-07-18 06:00:00,0.8957338885809228,-0.014213486013661115
2046-07-18 06:30:00,0.9022720921472069,-0.014213486013661115
2046-07-18 07:00:00,0.908810295713491,-0.014213486013661115
2046-07-18 07:30:00,0.9153484992797751,-0.014213486013661115
2046-07-18 08:00:00,0.9218867028460593,-0.014213486013661115
2046-07-18 08:30:00,0.9284249064123434,-0.014213486013661115
2046-07-18 09:00:00,0.9349631099786275,-0.014213486013661115
2046-07-18 09:30:00,0.9415013135449116,-0.014213486013661115
2046-07-18 10:00:00,0.9480395171111957,-0.014213486013661115
2046-07-18 10:30:00,0.9545777206774796,-0.014213486013661115
2046-07-18 11:00:00,0.9611159242437637,-0.014213486013661115
2046-07-18 11:30:00,0.9676541278100478,-0.014213486013661115
2046-07-18 12:00:00,0.9741923313763319,-0.014213486013661115
2046-07-18 12:30:00,0.980730534942616,-0.014213486013661115
2046-07-18 13:00:00,0.9872687385089001,-0.014213486013661115
2046-07-18 13:30:00,0.9938069420751842,-0.014213486013661115
2046-07-18 14:00:00,1.0003451456414683,-0.014213486013661115
2046-07-18 14:30:00,1.0068833492077525,-0.014213486013661115
2046-07-18 15:00:00,1.0134215527740367,-0.014213486013661115
2046-07-18 15:30:00,1.0199597563403209,-0.014213486013661115
2046-07-18 16:00:00,1.026497959906605,-0.014213486013661115
2046-07-18 16:30:00,1.0330361634728893,0.0
2046-07-18 17:00:00,1.0330361634728893,0.0
2046-07-18 17:30:00,1.0330361634728893,0.014213486013661115
2046-07-18 18:00:00,1.0253114428132846,0.014213486013661115
2046-07-18 18:30:00,1.01758672215368,0.014213486013661115
2046-07-18 19:00:00,1.0098620014940756,0.014213486013661115
2046-07-18 19:30:00,1.0021372808344706,0.014213486013661115
2046-07-18 20:00:00,0.994412560174866,0.014213486013661115
2046-07-18 20:30:00,0.9866878395152614,0.014213486013661115
2046-07-18 21:00:00,0.9789631188556568,0.014213486013661115
2046-07-18 21:30:00,0.9712383981960522,0.014213486013661115
2046-07-18 22:00:00,0.9635136775364476,0.014213486013661115
2046-07-18 22:30:00,0.955788956876843,0.014213486013661115
2046-07-18 23:00:00,0.9480642362172383,0.014213486013661115
2046-07-18 23:30:00,0.9403395155576337,0.014213486013661115
2046-07-19 00:00:00,0.9326147948980291,0.014213486013661115
2046-07-19 00:30:00,0.9248900742384245,0.014213486013661115
2046-07-19 01:00:00,0.9171653535788199,0.014213486013661115
2046-07-19 01:30:00,0.9094406329192153,0.014213486013661115
2046-07-19 02:00:00,0.9017159122596107,0.014213486013661115
2046-07-19 02:30:00,0.8939911916000061,0.014213486013661115
2046-07-19 03:00:00,0.8862664709404015,0.014213486013661115
2046-07-19 03:30:00,0.8785417502807968,0.014213486013661115
2046-07-19 04:00:00,0.8708170296211922,0.014213486013661115
2046-07-19 04:30:00,0.8630923089615876,0.014213486013661115
2046-07-19 05:00:00,0.855367588301983,0.014213486013661115
2046-07-19 05:30:00,0.8476428676423784,0.014213486013661115
2046-07-19 06:00:00,0.8399181469827738,0.014213486013661115
2046-07-19 06:30:00,0.8321934263231692,0.014213486013661115
2046-07-19 07:00:00,0.8244687056635646,0.014213486013661115
2046-07-19 07:30:00,0.81674398500396,0.014213486013661115
2046-07-19 08:00:00,0.8090192643443553,0.0
2046-07-19 08:30:00,0.8090192643443553,0.0
2046-07-19 09:00:00,0.8090192643443553,0.0
2046-07-19 09:30:00,0.8090192643443553,0.0
2046-07-19 10:00:00,0.8090192643443553,0.0
2046-07-19 10:30:00,0.8090192643443553,0.0
2046-07-19 11:00:00,0.8090192643443553,0.0
2046-07-19 11:30:00,0.8090192643443553,0.0
2046-07-19 12:00:00,0.8090192643443553,0.0
2046-07-19 12:30:00,0.8090192643443553,0.0
2046-07-19 13:00:00,0.8090192643443553,0.0
2046-07-19 13:30:00,0.8090192643443553,0.0
2046-07-19 14:00:00,0.8090192643443553,0.0
2046-07-19 14:30:00,0.8090192643443553,0.0
2046-07-19 15:00:00,0.8090192643443553,0.0
2046-07-19 15:30:00,0.8090192643443553,0.0
2046-07-19 16:00:00,0.8090192643443553,0.0
2046-07-19 16:30:00,0.8090192643443553,0.0
2046-07-19 17:00:00,0.8090192643443553,0.0
2046-07-19 17:30:00,0.8090192643443553,0.014213486013661115
2046-07-19 18:00:00,0.8012945436847507,0.014213486013661115
2046-07-19 18:30:00,0.7935698230251461,0.014213486013661115
2046-07-19 19:00:00,0.7858451023655415,0.014213486013661115
2046-07-19 19:30:00,0.7781203817059369,0.014213486013661115
2046-07-19 20:00:00,0.7703956610463323,0.014213486013661115
2046-07-19 20:30:00,0.7626709403867277,0.014213486013661115
2046-07-19 21:00:00,0.7549462197271231,0.014213486013661115
2046-07-19 21:30:00,0.7472214990675184,0.014213486013661115
2046-07-19 22:00:00,0.7394967784079138,0.014213486013661115
2046-07-19 22:30:00,0.7317720577483092,0.014213486013661115
2046-07-19 23:00:00,0.7240473370887046,0.014213486013661115
2046-07-19 23:30:00,0.7163226164291,0.014213486013661115
2046-07-20 00:00:00,0.7085978957694954,0.014213486013661115
2046-07-20 00:30:00,0.7008731751098908,0.014213486013661115
2046-07-20 01:00:00,0.6931484544502862,0.0
2046-07-20 01:30:00,0.6931484544502862,0.014213486013661115
2046-07-20 02:00:00,0.6854237337906816,0.0
2046-07-20 02:30:00,0.6854237337906816,0.0
2046-07-20 03:00:00,0.6854237337906816,0.0
2046-07-20 03:30:00,0.6854237337906816,0.0
2046-07-20 04:00:00,0.6854237337906816,0.014213486013661115
2046-07-20 04:30:00,0.6776990131310769,0.014213486013661115
2046-07-20 05:00:00,0.6699742924714723,0.014213486013661115
2046-07-20 05:30:00,0.6622495718118677,0.014213486013661115
2046-07-20 06:00:00,0.6545248511522631,0.014213486013661115
2046-07-20 06:30:00,0.6468001304926585,0.014213486013661115
2046-07-20 07:00:00,0.6390754098330539,0.014213486013661115
2046-07-20 07:30:00,0.6313506891734493,0.014213486013661115
2046-07-20 08:00:00,0.6236259685138447,0.014213486013661115
2046-07-20 08:30:00,0.61590124785424,0.0
2046-07-20 09:00:00,0.61590124785424,0.0
2046-07-20 09:30:00,0.61590124785424,0.0005033896380000069
2046-07-20 10:00:00,0.6156276665292398,0.005246206649999974
2046-07-20 10:30:00,0.6127764672629332,0.00415554544200003
2046-07-20 11:00:00,0.6105180186531488,0.014213486013661115
2046-07-20 11:30:00,0.6027932979935441,0.0032482214180000746
2046-07-20 12:00:00,0.6010279602663687,0.005307833992000077
2046-07-20 12:30:00,0.5981432678794099,0.005572455081000016
2046-07-20 13:00:00,0.5951147596832118,0.006924347649000073
2046-07-20 13:30:00,0.591351527265274,0.00588512083199999
2046-07-20 14:00:00,0.5881530920304888,0.0008947353550000647
2046-07-20 14:30:00,0.5876668228158145,0.014213486013661115
2046-07-20 15:00:00,0.5799421021562099,0.014213486013661115
2046-07-20 15:30:00,0.5722173814966053,0.014213486013661115
2046-07-20 16:00:00,0.5644926608370007,0.014213486013661115
2046-07-20 16:30:00,0.5567679401773961,0.014213486013661115
2046-07-20 17:00:00,0.5490432195177914,0.014213486013661115
2046-07-20 17:30:00,0.5413184988581868,0.014213486013661115
2046-07-20 18:00:00,0.5335937781985822,0.014213486013661115
2046-07-20 18:30:00,0.5258690575389776,0.014213486013661115
2046-07-20 19:00:00,0.518144336879373,0.014213486013661115
2046-07-20 19:30:00,0.5104196162197684,0.014213486013661115
2046-07-20 20:00:00,0.5026948955601638,0.014213486013661115
2046-07-20 20:30:00,0.49497017490055917,0.014213486013661115
2046-07-20 21:00:00,0.48724545424095456,0.014213486013661115
2046-07-20 21:30:00,0.47952073358134994,0.014213486013661115
2046-07-20 22:00:00,0.47179601292174533,0.014213486013661115
2046-07-20 22:30:00,0.4640712922621407,0.014213486013661115
2046-07-20 23:00:00,0.4563465716025361,0.014213486013661115
2046-07-20 23:30:00,0.4486218509429315,0.014213486013661115
2046-07-21 00:00:00,0.4408971302833269,0.014213486013661115
2046-07-21 00:30:00,0.4331724096237223,0.014213486013661115
2046-07-21 01:00:00,0.42544768896411767,0.014213486013661115
2046-07-21 01:30:00,0.41772296830451305,0.014213486013661115
2046-07-21 02:00:00,0.40999824764490844,0.014213486013661115
2046-07-21 02:30:00,0.40227352698530383,0.014213486013661115
2046-07-21 03:00:00,0.3945488063256992,0.014213486013661115
2046-07-21 03:30:00,0.3868240856660946,0.014213486013661115
2046-07-21 04:00:00,0.37909936500649,0.014213486013661115
2046-07-21 04:30:00,0.3713746443468854,0.014213486013661115
2046-07-21 05:00:00,0.3636499236872808,0.014213486013661115
2046-07-21 05:30:00,0.35592520302767616,0.014213486013661115
2046-07-21 06:00:00,0.34820048236807155,0.014213486013661115
2046-07-21 06:30:00,0.34047576170846694,0.014213486013661115
2046-07-21 07:00:00,0.33275104104886233,0.014213486013661115
2046-07-21 07:30:00,0.3250263203892577,0.014213486013661115
2046-07-21 08:00:00,0.3173015997296531,0.0
2046-07-21 08:30:00,0.3173015997296531,0.0
2046-07-21 09:00:00,0.3173015997296531,0.0
2046-07-21 09:30:00,0.3173015997296531,0.0
2046-07-21 10:00:00,0.3173015997296531,0.0
2046-07-21 10:30:00,0.3173015997296531,0.0
2046-07-21 11:00:00,0.3173015997296531,0.0
2046-07-21 11:30:00,0.3173015997296531,0.0
2046-07-21 12:00:00,0.3173015997296531,0.0
2046-07-21 12:30:00,0.3173015997296531,0.0
2046-07-21 13:00:00,0.3173015997296531,0.0
2046-07-21 13:30:00,0.3173015997296531,0.0
2046-07-21 14:00:00,0.3173015997296531,0.0
2046-07-21 14:30:00,0.3173015997296531,0.0
2046-07-21 15:00:00,0.3173015997296531,0.0
2046-07-21 15:30:00,0.3173015997296531,0.0
2046-07-21 16:00:00,0.3173015997296531,0.0
2046-07-21 16:30:00,0.3173015997296531,0.0
2046-07-21 17:00:00,0.3173015997296531,0.0
2046-07-21 17:30:00,0.3173015997296531,0.0
2046-07-21 18:00:00,0.3173015997296531,0.0
2046-07-21 18:30:00,0.3173015997296531,0.0
2046-07-21 19:00:00,0.3173015997296531,0.0
2046-07-21 19:30:00,0.3173015997296531,0.010929120052234073
2046-07-21 20:00:00,0.3113618605708255,0.014213486013661115
2046-07-21 20:30:00,0.3036371399112209,0.014213486013661115
2046-07-21 21:00:00,0.29591241925161627,0.014213486013661115
2046-07-21 21:30:00,0.28818769859201165,0.014213486013661115
2046-07-21 22:00:00,0.28046297793240704,0.014213486013661115
2046-07-21 22:30:00,0.27273825727280243,0.014213486013661115
2046-07-21 23:00:00,0.2650135366131978,0.014213486013661115
2046-07-21 23:30:00,0.2572888159535932,0.014213486013661115
2046-07-22 00:00:00,0.24956409529398857,0.014213486013661115
2046-07-22 00:30:00,0.24183937463438396,0.014213486013661115
2046-07-22 01:00:00,0.23411465397477935,0.014213486013661115
2046-07-22 01:30:00,0.22638993331517474,0.014213486013661115
2046-07-22 02:00:00,0.21866521265557012,0.014213486013661115
2046-07-22 02:30:00,0.2109404919959655,0.014213486013661115
2046-07-22 03:00:00,0.2032157713363609,0.014213486013661115
2046-07-22 03:30:00,0.1954910506767563,0.014213486013661115
2046-07-22 04:00:00,0.18776633001715168,0.0
2046-07-22 04:30:00,0.18776633001715168,0.014213486013661115
2046-07-22 05:00:00,0.18004160935754707,0.014213486013661115
2046-07-22 05:30:00,0.17231688869794246,0.014213486013661115
2046-07-22 06:00:00,0.16459216803833784,0.014213486013661115
2046-07-22 06:30:00,0.15686744737873323,0.014213486013661115
2046-07-22 07:00:00,0.14914272671912862,0.014213486013661115
2046-07-22 07:30:00,0.141418006059524,0.014213486013661115
2046-07-22 08:00:00,0.1336932853999194,0.0
2046-07-22 08:30:00,0.1336932853999194,0.0
2046-07-22 09:00:00,0.1336932853999194,0.0
2046-07-22 09:30:00,0.1336932853999194,0.0
2046-07-22 10:00:00,0.1336932853999194,0.0
2046-07-22 10:30:00,0.1336932853999194,0.0
2046-07-22 11:00:00,0.1336932853999194,0.0
2046-07-22 11:30:00,0.1336932853999194,0.0
2046-07-22 12:00:00,0.1336932853999194,0.0
2046-07-22 12:30:00,0.1336932853999194,0.0
2046-07-22 13:00:00,0.1336932853999194,0.0
2046-07-22 13:30:00,0.1336932853999194,0.0
2046-07-22 14:00:00,0.1336932853999194,0.0
2046-07-22 14:30:00,0.1336932853999194,0.0
2046-07-22 15:00:00,0.1336932853999194,0.0
2046-07-22 15:30:00,0.1336932853999194,0.0
2046-07-22 16:00:00,0.1336932853999194,0.0
2046-07-22 16:30:00,0.1336932853999194,0.0
2046-07-22 17:00:00,0.1336932853999194,0.0
2046-07-22 17:30:00,0.1336932853999194,0.0
2046-07-22 18:00:00,0.1336932853999194,0.0
2046-07-22 18:30:00,0.1336932853999194,0.0
2046-07-22 19:00:00,0.1336932853999194,0.0
2046-07-22 19:30:00,0.1336932853999194,0.014213486013661115
2046-07-22 20:00:00,0.1259685647403148,0.014213486013661115
2046-07-22 20:30:00,0.11824384408071018,0.014213486013661115
2046-07-22 21:00:00,0.11051912342110556,0.014213486013661115
2046-07-22 21:30:00,0.10279440276150095,0.014213486013661115
2046-07-22 22:00:00,0.09506968210189634,0.0
2046-07-22 22:30:00,0.09506968210189634,0.014213486013661115
2046-07-22 23:00:00,0.08734496144229173,0.014213486013661115
2046-07-22 23:30:00,0.07962024078268712,0.014213486013661115
2046-07-23 00:00:00,0.07189552012308251,0.0
2046-07-23 00:30:00,0.07189552012308251,0.0
2046-07-23 01:00:00,0.07189552012308251,0.0
2046-07-23 01:30:00,0.07189552012308251,0.0
2046-07-23 02:00:00,0.07189552012308251,0.014213486013661115
2046-07-23 02:30:00,0.0641707994634779,0.0
2046-07-23 03:00:00,0.0641707994634779,0.0
2046-07-23 03:30:00,0.0641707994634779,0.0
2046-07-23 04:00:00,0.0641707994634779,0.014213486013661115
2046-07-23 04:30:00,0.056446078803873284,0.0
2046-07-23 05:00:00,0.056446078803873284,0.0
2046-07-23 05:30:00,0.056446078803873284,0.0
2046-07-23 06:00:00,0.056446078803873284,0.0
2046-07-23 06:30:00,0.056446078803873284,0.0
2046-07-23 07:00:00,0.056446078803873284,0.0
2046-07-23 07:30:00,0.056446078803873284,0.0
2046-07-23 08:00:00,0.056446078803873284,0.0
2046-07-23 08:30:00,0.056446078803873284,0.0
2046-07-23 09:00:00,0.056446078803873284,0.0
2046-07-23 09:30:00,0.056446078803873284,0.0
2046-07-23 10:00:00,0.056446078803873284,0.0
2046-07-23 10:30:00,0.056446078803873284,-0.014213486013661115
2046-07-23 11:00:00,0.0629842823701574,0.0
2046-07-23 11:30:00,0.0629842823701574,0.0
2046-07-23 12:00:00,0.0629842823701574,0.0
2046-07-23 12:30:00,0.0629842823701574,0.0
2046-07-23 13:00:00,0.0629842823701574,-0.014213486013661115
2046-07-23 13:30:00,0.0695224859364415,0.0
2046-07-23 14:00:00,0.0695224859364415,0.0
2046-07-23 14:30:00,0.0695224859364415,0.0
2046-07-23 15:00:00,0.0695224859364415,0.0
2046-07-23 15:30:00,0.0695224859364415,0.0
2046-07-23 16:00:00,0.0695224859364415,0.0
2046-07-23 16:30:00,0.0695224859364415,0.0
2046-07-23 17:00:00,0.0695224859364415,0.0
2046-07-23 17:30:00,0.0695224859364415,0.0
2046-07-23 18:00:00,0.0695224859364415,0.0
2046-07-23 18:30:00,0.0695224859364415,0.0
2046-07-23 19:00:00,0.0695224859364415,0.014213486013661115
2046-07-23 19:30:00,0.06179776527683689,0.0
2046-07-23 20:00:00,0.06179776527683689,0.014213486013661115
2046-07-23 20:30:00,0.05407304461723228,0.0
2046-07-23 21:00:00,0.05407304461723228,0.0
2046-07-23 21:30:00,0.05407304461723228,0.0
2046-07-23 22:00:00,0.05407304461723228,0.0
2046-07-23 22:30:00,0.05407304461723228,0.0
2046-07-23 23:00:00,0.05407304461723228,0.0
2046-07-23 23:30:00,0.05407304461723228,0.0
2046-07-24 00:00:00,0.05407304461723228,0.0
2046-07-24 00:30:00,0.05407304461723228,0.0
2046-07-24 01:00:00,0.05407304461723228,0.0
2046-07-24 01:30:00,0.05407304461723228,0.0
2046-07-24 02:00:00,0.05407304461723228,0.0
2046-07-24 02:30:00,0.05407304461723228,0.014213486013661115
2046-07-24 03:00:00,0.04634832395762767,0.0
2046-07-24 03:30:00,0.04634832395762767,0.0
2046-07-24 04:00:00,0.04634832395762767,0.014213486013661115
2046-07-24 04:30:00,0.03862360329802306,0.014213486013661115
2046-07-24 05:00:00,0.030898882638418446,0.0
2046-07-24 05:30:00,0.030898882638418446,0.014213486013661115
2046-07-24 06:00:00,0.023174161978813834,0.0
2046-07-24 06:30:00,0.023174161978813834,0.014213486013661115
2046-07-24 07:00:00,0.015449441319209223,0.014213486013661115
2046-07-24 07:30:00,0.007724720659604611,0.014213486013661115
2046-07-24 08:00:00,0.0,0.0
2046-07-24 08:30:00,0.0,-0.014213486013661115
2046-07-24 09:00:00,0.006538203566284113,-0.014213486013661115
2046-07-24 09:30:00,0.013076407132568225,-0.014213486013661115
2046-07-24 10:00:00,0.019614610698852338,-0.014213486013661115
2046-07-24 10:30:00,0.02615281426513645,-0.014213486013661115
2046-07-24 11:00:00,0.03269101783142056,-0.014213486013661115
2046-07-24 11:30:00,0.03922922139770467,-0.014213486013661115
2046-07-24 12:00:00,0.04576742496398878,-0.014213486013661115
2046-07-24 12:30:00,0.05230562853027289,-0.014213486013661115
2046-07-24 13:00:00,0.058843832096557,-0.014213486013661115
2046-07-24 13:30:00,0.0653820356628411,-0.014213486013661115
2046-07-24 14:00:00,0.07192023922912522,-0.014213486013661115
2046-07-24 14:30:00,0.07845844279540932,-0.014213486013661115
2046-07-24 15:00:00,0.08499664636169343,-0.014213486013661115
2046-07-24 15:30:00,0.09153484992797754,-0.014213486013661115
2046-07-24 16:00:00,0.09807305349426167,-0.014213486013661115
2046-07-24 16:30:00,0.10461125706054578,-0.014213486013661115
2046-07-24 17:00:00,0.11114946062682989,0.0
2046-07-24 17:30:00,0.11114946062682989,0.0
2046-07-24 18:00:00,0.11114946062682989,0.0
2046-07-24 18:30:00,0.11114946062682989,0.0
2046-07-24 19:00:00,0.11114946062682989,0.0
2046-07-24 19:30:00,0.11114946062682989,0.0
2046-07-24 20:00:00,0.11114946062682989,0.0
2046-07-24 20:30:00,0.11114946062682989,0.0
2046-07-24 21:00:00,0.11114946062682989,0.0
2046-07-24 21:30:00,0.11114946062682989,-0.014213486013661115
2046-07-24 22:00:00,0.117687664193114,-0.014213486013661115
2046-07-24 22:30:00,0.1242258677593981,-0.014213486013661115
2046-07-24 23:00:00,0.1307640713256822,-0.014213486013661115
2046-07-24 23:30:00,0.13730227489196634,-0.014213486013661115
2046-07-25 00:00:00,0.14384047845825046,-0.014213486013661115
2046-07-25 00:30:00,0.15037868202453458,-0.014213486013661115
2046-07-25 01:00:00,0.1569168855908187,-0.014213486013661115
2046-07-25 01:30:00,0.16345508915710283,-0.014213486013661115
2046-07-25 02:00:00,0.16999329272338695,-0.014213486013661115
2046-07-25 02:30:00,0.17653149628967107,-0.014213486013661115
2046-07-25 03:00:00,0.1830696998559552,-0.014213486013661115
2046-07-25 03:30:00,0.18960790342223932,0.0
2046-07-25 04:00:00,0.18960790342223932,-0.014213486013661115
2046-07-25 04:30:00,0.19614610698852336,-0.014213486013661115
2046-07-25 05:00:00,0.20268431055480748,-0.014213486013661115
2046-07-25 05:30:00,0.2092225141210916,-0.014213486013661115
2046-07-25 06:00:00,0.21576071768737573,-0.014213486013661115
2046-07-25 06:30:00,0.22229892125365985,-0.014213486013661115
2046-07-25 07:00:00,0.22883712481994398,-0.014213486013661115
2046-07-25 07:30:00,0.2353753283862281,-0.014213486013661115
2046-07-25 08:00:00,0.24191353195251222,-0.014213486013661115
2046-07-25 08:30:00,0.24845173551879635,-0.014213486013661115
2046-07-25 09:00:00,0.25498993908508044,-0.014213486013661115
2046-07-25 09:30:00,0.26152814265136454,-0.014213486013661115
2046-07-25 10:00:00,0.26806634621764863,-0.014213486013661115
2046-07-25 10:30:00,0.2746045497839327,-0.014213486013661115
2046-07-25 11:00:00,0.2811427533502168,-0.014213486013661115
2046-07-25 11:30:00,0.2876809569165009,-0.014213486013661115
2046-07-25 12:00:00,0.294219160482785,-0.014213486013661115
2046-07-25 12:30:00,0.3007573640490691,-0.014213486013661115
2046-07-25 13:00:00,0.3072955676153532,-0.014213486013661115
2046-07-25 13:30:00,0.3138337711816373,-0.014213486013661115
2046-07-25 14:00:00,0.3203719747479214,-0.014213486013661115
2046-07-25 14:30:00,0.3269101783142055,-0.014213486013661115
2046-07-25 15:00:00,0.3334483818804896,-0.014213486013661115
2046-07-25 15:30:00,0.3399865854467737,-0.014213486013661115
2046-07-25 16:00:00,0.3465247890130578,-0.014213486013661115
2046-07-25 16:30:00,0.35306299257934187,-0.014213486013661115
2046-07-25 17:00:00,0.35960119614562597,-0.014213486013661115
2046-07-25 17:30:00,0.36613939971191006,-0.014213486013661115
2046-07-25 18:00:00,0.37267760327819416,-0.014213486013661115
2046-07-25 18:30:00,0.37921580684447825,-0.014213486013661115
2046-07-25 19:00:00,0.38575401041076235,-0.014213486013661115
2046-07-25 19:30:00,0.39229221397704644,-0.014213486013661115
2046-07-25 20:00:00,0.39883041754333054,-0.014213486013661115
2046-07-25 20:30:00,0.40536862110961464,-0.014213486013661115
2046-07-25 21:00:00,0.41190682467589873,-0.014213486013661115
2046-07-25 21:30:00,0.4184450282421828,-0.014213486013661115
2046-07-25 22:00:00,0.4249832318084669,-0.014213486013661115
2046-07-25 22:30:00,0.431521435374751,-0.014213486013661115
2046-07-25 23:00:00,0.4380596389410351,-0.014213486013661115
2046-07-25 23:30:00,0.4445978425073192,-0.014213486013661115
2046-07-26 00:00:00,0.4511360460736033,-0.014213486013661115
2046-07-26 00:30:00,0.4576742496398874,-0.014213486013661115
2046-07-26 01:00:00,0.4642124532061715,-0.014213486013661115
2046-07-26 01:30:00,0.4707506567724556,-0.014213486013661115
2046-07-26 02:00:00,0.4772888603387397,-0.014213486013661115
2046-07-26 02:30:00,0.4838270639050238,-0.014213486013661115
2046-07-26 03:00:00,0.4903652674713079,-0.014213486013661115
2046-07-26 03:30:00,0.49690347103759197,-0.014213486013661115
2046-07-26 04:00:00,0.5034416746038761,-0.014213486013661115
2046-07-26 04:30:00,0.5099798781701602,-0.014213486013661115
2046-07-26 05:00:00,0.5165180817364443,-0.014213486013661115
2046-07-26 05:30:00,0.5230562853027284,-0.014213486013661115
2046-07-26 06:00:00,0.5295944888690125,-0.014213486013661115
2046-07-26 06:30:00,0.5361326924352966,-0.014213486013661115
2046-07-26 07:00:00,0.5426708960015807,-0.014213486013661115
2046-07-26 07:30:00,0.5492090995678648,-0.014213486013661115
2046-07-26 08:00:00,0.5557473031341489,-0.014213486013661115
2046-07-26 08:30:00,0.562285506700433,-0.014213486013661115
2046-07-26 09:00:00,0.5688237102667171,-0.014213486013661115
2046-07-26 09:30:00,0.5753619138330012,-0.014213486013661115
2046-07-26 10:00:00,0.5819001173992853,-0.014213486013661115
2046-07-26 10:30:00,0.5884383209655694,-0.014213486013661115
2046-07-26 11:00:00,0.5949765245318535,-0.014213486013661115
2046-07-26 11:30:00,0.6015147280981376,-0.014213486013661115
2046-07-26 12:00:00,0.6080529316644216,-0.014213486013661115
2046-07-26 12:30:00,0.6145911352307057,-0.014213486013661115
2046-07-26 13:00:00,0.6211293387969898,-0.014213486013661115
2046-07-26 13:30:00,0.6276675423632739,-0.014213486013661115
2046-07-26 14:00:00,0.634205745929558,-0.014213486013661115
2046-07-26 14:30:00,0.6407439494958421,-0.014213486013661115
2046-07-26 15:00:00,0.6472821530621262,-0.014213486013661115
2046-07-26 15:30:00,0.6538203566284103,-0.014213486013661115
2046-07-26 16:00:00,0.6603585601946944,-0.014213486013661115
2046-07-26 16:30:00,0.6668967637609785,-0.014213486013661115
2046-07-26 17:00:00,0.6734349673272626,0.0
2046-07-26 17:30:00,0.6734349673272626,0.0
2046-07-26 18:00:00,0.6734349673272626,0.0
2046-07-26 18:30:00,0.6734349673272626,0.0
2046-07-26 19:00:00,0.6734349673272626,0.0
2046-07-26 19:30:00,0.6734349673272626,0.0
2046-07-26 20:00:00,0.6734349673272626,0.0
2046-07-26 20:30:00,0.6734349673272626,0.0
2046-07-26 21:00:00,0.6734349673272626,0.0
2046-07-26 21:30:00,0.6734349673272626,0.0
2046-07-26 22:00:00,0.6734349673272626,0.0
2046-07-26 22:30:00,0.6734349673272626,0.0
2046-07-26 23:00:00,0.6734349673272626,0.0
2046-07-26 23:30:00,0.6734349673272626,0.0
2046-07-27 00:00:00,0.6734349673272626,0.0
2046-07-27 00:30:00,0.6734349673272626,0.0
2046-07-27 01:00:00,0.6734349673272626,0.0
2046-07-27 01:30:00,0.6734349673272626,0.0
2046-07-27 02:00:00,0.6734349673272626,0.0
2046-07-27 02:30:00,0.6734349673272626,0.0
2046-07-27 03:00:00,0.6734349673272626,0.0
2046-07-27 03:30:00,0.6734349673272626,0.0
2046-07-27 04:00:00,0.6734349673272626,0.0
2046-07-27 04:30:00,0.6734349673272626,0.0
2046-07-27 05:00:00,0.6734349673272626,-0.014213486013661115
2046-07-27 05:30:00,0.6799731708935468,-0.014213486013661115
2046-07-27 06:00:00,0.6865113744598309,-0.014213486013661115
2046-07-27 06:30:00,0.693049578026115,-0.014213486013661115
2046-07-27 07:00:00,0.6995877815923991,-0.014213486013661115
2046-07-27 07:30:00,0.7061259851586832,-0.014213486013661115
2046-07-27 08:00:00,0.7126641887249673,-0.014213486013661115
2046-07-27 08:30:00,0.7192023922912514,-0.014213486013661115
2046-07-27 09:00:00,0.7257405958575355,-0.014213486013661115
2046-07-27 09:30:00,0.7322787994238196,-0.014213486013661115
2046-07-27 10:00:00,0.7388170029901037,-0.014213486013661115
2046-07-27 10:30:00,0.7453552065563878,-0.014213486013661115
2046-07-27 11:00:00,0.7518934101226719,-0.014213486013661115
2046-07-27 11:30:00,0.758431613688956,-0.014213486013661115
2046-07-27 12:00:00,0.76496981725524,-0.014213486013661115
2046-07-27 12:30:00,0.7715080208215241,-0.014213486013661115
2046-07-27 13:00:00,0.7780462243878082,-0.014213486013661115
2046-07-27 13:30:00,0.7845844279540923,-0.014213486013661115
2046-07-27 14:00:00,0.7911226315203764,-0.014213486013661115
2046-07-27 14:30:00,0.7976608350866605,-0.014213486013661115
2046-07-27 15:00:00,0.8041990386529446,-0.014213486013661115
2046-07-27 15:30:00,0.8107372422192287,-0.014213486013661115
2046-07-27 16:00:00,0.8172754457855128,-0.014213486013661115
2046-07-27 16:30:00,0.8238136493517969,-0.014213486013661115
2046-07-27 17:00:00,0.830351852918081,-0.014213486013661115
2046-07-27 17:30:00,0.8368900564843651,0.0
2046-07-27 18:00:00,0.8368900564843651,0.0
2046-07-27 18:30:00,0.8368900564843651,0.0
2046-07-27 19:00:00,0.8368900564843651,0.0
2046-07-27 19:30:00,0.8368900564843651,0.0
2046-07-27 20:00:00,0.8368900564843651,0.0
2046-07-27 20:30:00,0.8368900564843651,0.0
2046-07-27 21:00:00,0.8368900564843651,0.0
2046-07-27 21:30:00,0.8368900564843651,0.0
2046-07-27 22:00:00,0.8368900564843651,0.0
2046-07-27 22:30:00,0.8368900564843651,0.0
2046-07-27 23:00:00,0.8368900564843651,0.0
2046-07-27 23:30:00,0.8368900564843651,0.0
2046-07-28 00:00:00,0.8368900564843651,0.0
2046-07-28 00:30:00,0.8368900564843651,0.0
2046-07-28 01:00:00,0.8368900564843651,0.0
2046-07-28 01:30:00,0.8368900564843651,0.0
2046-07-28 02:00:00,0.8368900564843651,0.0
2046-07-28 02:30:00,0.8368900564843651,0.0
2046-07-28 03:00:00,0.8368900564843651,0.0
2046-07-28 03:30:00,0.8368900564843651,0.0
2046-07-28 04:00:00,0.8368900564843651,0.0
2046-07-28 04:30:00,0.8368900564843651,0.0
2046-07-28 05:00:00,0.8368900564843651,0.0
2046-07-28 05:30:00,0.8368900564843651,0.0
2046-07-28 06:00:00,0.8368900564843651,0.0
2046-07-28 06:30:00,0.8368900564843651,0.0
2046-07-28 07:00:00,0.8368900564843651,0.0
2046-07-28 07:30:00,0.8368900564843651,0.0
2046-07-28 08:00:00,0.8368900564843651,0.0
2046-07-28 08:30:00,0.8368900564843651,0.0
2046-07-28 09:00:00,0.8368900564843651,0.0
2046-07-28 09:30:00,0.8368900564843651,0.0
2046-07-28 10:00:00,0.8368900564843651,0.0
2046-07-28 10:30:00,0.8368900564843651,0.0
2046-07-28 11:00:00,0.8368900564843651,0.0
2046-07-28 11:30:00,0.8368900564843651,0.0
2046-07-28 12:00:00,0.8368900564843651,0.0
2046-07-28 12:30:00,0.8368900564843651,-0.014213486013661115
2046-07-28 13:00:00,0.8434282600506492,-0.014213486013661115
2046-07-28 13:30:00,0.8499664636169333,-0.014213486013661115
2046-07-28 14:00:00,0.8565046671832174,-0.014213486013661115
2046-07-28 14:30:00,0.8630428707495015,-0.014213486013661115
2046-07-28 15:00:00,0.8695810743157856,-0.014213486013661115
2046-07-28 15:30:00,0.8761192778820697,-0.014213486013661115
2046-07-28 16:00:00,0.8826574814483538,-0.014213486013661115
2046-07-28 16:30:00,0.8891956850146379,0.0
2046-07-28 17:00:00,0.8891956850146379,0.0
2046-07-28 17:30:00,0.8891956850146379,0.0
2046-07-28 18:00:00,0.8891956850146379,0.0
2046-07-28 18:30:00,0.8891956850146379,0.0
2046-07-28 19:00:00,0.8891956850146379,0.0
2046-07-28 19:30:00,0.8891956850146379,0.0
2046-07-28 20:00:00,0.8891956850146379,0.0
2046-07-28 20:30:00,0.8891956850146379,0.0
2046-07-28 21:00:00,0.8891956850146379,0.0
2046-07-28 21:30:00,0.8891956850146379,0.0
2046-07-28 22:00:00,0.8891956850146379,0.0
2046-07-28 22:30:00,0.8891956850146379,0.0
2046-07-28 23:00:00,0.8891956850146379,0.0
2046-07-28 23:30:00,0.8891956850146379,0.0
2046-07-29 00:00:00,0.8891956850146379,0.0
2046-07-29 00:30:00,0.8891956850146379,0.0
2046-07-29 01:00:00,0.8891956850146379,0.0
2046-07-29 01:30:00,0.8891956850146379,0.0
2046-07-29 02:00:00,0.8891956850146379,0.0
2046-07-29 02:30:00,0.8891956850146379,0.0
2046-07-29 03:00:00,0.8891956850146379,0.0
2046-07-29 03:30:00,0.8891956850146379,0.0
2046-07-29 04:00:00,0.8891956850146379,0.0
2046-07-29 04:30:00,0.8891956850146379,0.0
2046-07-29 05:00:00,0.8891956850146379,0.0
2046-07-29 05:30:00,0.8891956850146379,0.0
2046-07-29 06:00:00,0.8891956850146379,0.0
2046-07-29 06:30:00,0.8891956850146379,0.0
2046-07-29 07:00:00,0.8891956850146379,0.0
2046-07-29 07:30:00,0.8891956850146379,0.0
2046-07-29 08:00:00,0.8891956850146379,0.0
2046-07-29 08:30:00,0.8891956850146379,0.0
2046-07-29 09:00:00,0.8891956850146379,0.0
2046-07-29 09:30:00,0.8891956850146379,0.0
2046-07-29 10:00:00,0.8891956850146379,0.0
2046-07-29 10:30:00,0.8891956850146379,0.0
2046-07-29 11:00:00,0.8891956850146379,0.0
2046-07-29 11:30:00,0.8891956850146379,0.0
2046-07-29 12:00:00,0.8891956850146379,0.0
2046-07-29 12:30:00,0.8891956850146379,0.0
2046-07-29 13:00:00,0.8891956850146379,0.0
2046-07-29 13:30:00,0.8891956850146379,0.0
2046-07-29 14:00:00,0.8891956850146379,0.0
2046-07-29 14:30:00,0.8891956850146379,0.0
2046-07-29 15:00:00,0.8891956850146379,0.0
2046-07-29 15:30:00,0.8891956850146379,0.0
2046-07-29 16:00:00,0.8891956850146379,0.0
2046-07-29 16:30:00,0.8891956850146379,0.0
2046-07-29 17:00:00,0.8891956850146379,0.0
2046-07-29 17:30:00,0.8891956850146379,0.0
2046-07-29 18:00:00,0.8891956850146379,0.014213486013661115
2046-07-29 18:30:00,0.8814709643550332,0.014213486013661115
2046-07-29 19:00:00,0.8737462436954286,0.014213486013661115
2046-07-29 19:30:00,0.866021523035824,0.014213486013661115
2046-07-29 20:00:00,0.8582968023762194,0.014213486013661115
2046-07-29 20:30:00,0.8505720817166148,0.014213486013661115
2046-07-29 21:00:00,0.8428473610570102,0.014213486013661115
2046-07-29 21:30:00,0.8351226403974056,0.014213486013661115
2046-07-29 22:00:00,0.827397919737801,0.014213486013661115
2046-07-29 22:30:00,0.8196731990781964,0.014213486013661115
2046-07-29 23:00:00,0.8119484784185917,0.014213486013661115
2046-07-29 23:30:00,0.8042237577589871,0.014213486013661115
2046-07-30 00:00:00,0.7964990370993825,0.0
2046-07-30 00:30:00,0.7964990370993825,0.0
2046-07-30 01:00:00,0.7964990370993825,0.0
2046-07-30 01:30:00,0.7964990370993825,0.0
2046-07-30 02:00:00,0.7964990370993825,0.0
2046-07-30 02:30:00,0.7964990370993825,0.0
2046-07-30 03:00:00,0.7964990370993825,0.0
2046-07-30 03:30:00,0.7964990370993825,0.0
2046-07-30 04:00:00,0.7964990370993825,0.0
2046-07-30 04:30:00,0.7964990370993825,0.0
2046-07-30 05:00:00,0.7964990370993825,0.0
2046-07-30 05:30:00,0.7964990370993825,0.0
2046-07-30 06:00:00,0.7964990370993825,0.00806801314233278
2046-07-30 06:30:00,0.7921142473481112,0.014213486013661115
2046-07-30 07:00:00,0.7843895266885066,0.014213486013661115
2046-07-30 07:30:00,0.776664806028902,0.014213486013661115
2046-07-30 08:00:00,0.7689400853692974,0.0
2046-07-30 08:30:00,0.7689400853692974,0.0
2046-07-30 09:00:00,0.7689400853692974,0.0
2046-07-30 09:30:00,0.7689400853692974,0.0
2046-07-30 10:00:00,0.7689400853692974,0.0
2046-07-30 10:30:00,0.7689400853692974,0.0
2046-07-30 11:00:00,0.7689400853692974,0.0
2046-07-30 11:30:00,0.7689400853692974,0.0
2046-07-30 12:00:00,0.7689400853692974,0.0
2046-07-30 12:30:00,0.7689400853692974,0.0
2046-07-30 13:00:00,0.7689400853692974,0.0
2046-07-30 13:30:00,0.7689400853692974,0.0
2046-07-30 14:00:00,0.7689400853692974,0.0
2046-07-30 14:30:00,0.7689400853692974,0.0
2046-07-30 15:00:00,0.7689400853692974,0.0
2046-07-30 15:30:00,0.7689400853692974,0.0
2046-07-30 16:00:00,0.7689400853692974,0.0
2046-07-30 16:30:00,0.7689400853692974,0.0
2046-07-30 17:00:00,0.7689400853692974,0.0
2046-07-30 17:30:00,0.7689400853692974,0.014213486013661115
2046-07-30 18:00:00,0.7612153647096928,0.014213486013661115
2046-07-30 18:30:00,0.7534906440500881,0.014213486013661115
2046-07-30 19:00:00,0.7457659233904835,0.014213486013661115
2046-07-30 19:30:00,0.7380412027308789,0.014213486013661115
2046-07-30 20:00:00,0.7303164820712743,0.014213486013661115
2046-07-30 20:30:00,0.7225917614116697,0.014213486013661115
2046-07-30 21:00:00,0.7148670407520651,0.014213486013661115
2046-07-30 21:30:00,0.7071423200924605,0.014213486013661115
2046-07-30 22:00:00,0.6994175994328559,0.014213486013661115
2046-07-30 22:30:00,0.6916928787732513,0.014213486013661115
2046-07-30 23:00:00,0.6839681581136466,0.014213486013661115
2046-07-30 23:30:00,0.676243437454042,0.014213486013661115
2046-07-31 00:00:00,0.6685187167944374,0.014213486013661115
2046-07-31 00:30:00,0.6607939961348328,0.014213486013661115
2046-07-31 01:00:00,0.6530692754752282,0.014213486013661115
2046-07-31 01:30:00,0.6453445548156236,0.014213486013661115
2046-07-31 02:00:00,0.637619834156019,0.014213486013661115
2046-07-31 02:30:00,0.6298951134964144,0.014213486013661115
2046-07-31 03:00:00,0.6221703928368097,0.014213486013661115
2046-07-31 03:30:00,0.6144456721772051,0.014213486013661115
2046-07-31 04:00:00,0.6067209515176005,0.014213486013661115
2046-07-31 04:30:00,0.5989962308579959,0.014213486013661115
2046-07-31 05:00:00,0.5912715101983913,0.014213486013661115
2046-07-31 05:30:00,0.5835467895387867,0.014213486013661115
2046-07-31 06:00:00,0.5758220688791821,0.014213486013661115
2046-07-31 06:30:00,0.5680973482195775,0.014213486013661115
2046-07-31 07:00:00,0.5603726275599729,0.014213486013661115
2046-07-31 07:30:00,0.5526479069003682,0.014213486013661115
2046-07-31 08:00:00,0.5449231862407636,0.014213486013661115
2046-07-31 08:30:00,0.537198465581159,0.0
2046-07-31 09:00:00,0.537198465581159,0.0
2046-07-31 09:30:00,0.537198465581159,0.0
2046-07-31 10:00:00,0.537198465581159,0.0
2046-07-31 10:30:00,0.537198465581159,0.0
2046-07-31 11:00:00,0.537198465581159,0.0
2046-07-31 11:30:00,0.537198465581159,0.0
2046-07-31 12:00:00,0.537198465581159,0.0
2046-07-31 12:30:00,0.537198465581159,0.0
2046-07-31 13:00:00,0.537198465581159,0.0
2046-07-31 13:30:00,0.537198465581159,0.0
2046-07-31 14:00:00,0.537198465581159,0.0
2046-07-31 14:30:00,0.537198465581159,0.0
2046-07-31 15:00:00,0.537198465581159,0.0
2046-07-31 15:30:00,0.537198465581159,0.0
2046-07-31 16:00:00,0.537198465581159,0.0
2046-07-31 16:30:00,0.537198465581159,0.0
2046-07-31 17:00:00,0.537198465581159,0.0
2046-07-31 17:30:00,0.537198465581159,0.014213486013661115
2046-07-31 18:00:00,0.5294737449215544,0.014213486013661115
2046-07-31 18:30:00,0.5217490242619498,0.014213486013661115
2046-07-31 19:00:00,0.5140243036023452,0.014213486013661115
2046-07-31 19:30:00,0.5062995829427406,0.014213486013661115
2046-07-31 20:00:00,0.49857486228313597,0.014213486013661115
2046-07-31 20:30:00,0.49085014162353136,0.014213486013661115
2046-07-31 21:00:00,0.48312542096392674,0.014213486013661115
2046-07-31 21:30:00,0.47540070030432213,0.014213486013661115
2046-07-31 22:00:00,0.4676759796447175,0.014213486013661115
2046-07-31 22:30:00,0.4599512589851129,0.014213486013661115
2046-07-31 23:00:00,0.4522265383255083,0.014213486013661115
2046-07-31 23:30:00,0.4445018176659037,0.014213486013661115
2046-08-01 00:00:00,0.4367770970062991,0.014213486013661115
2046-08-01 00:30:00,0.42905237634669446,0.014213486013661115
2046-08-01 01:00:00,0.42132765568708985,0.014213486013661115
2046-08-01 01:30:00,0.41360293502748524,0.014213486013661115
2046-08-01 02:00:00,0.40587821436788063,0.014213486013661115
2046-08-01 02:30:00,0.398153493708276,0.014213486013661115
2046-08-01 03:00:00,0.3904287730486714,0.014213486013661115
2046-08-01 03:30:00,0.3827040523890668,0.014213486013661115
2046-08-01 04:00:00,0.3749793317294622,0.014213486013661115
2046-08-01 04:30:00,0.3672546110698576,0.014213486013661115
2046-08-01 05:00:00,0.35952989041025296,0.014213486013661115
2046-08-01 05:30:00,0.35180516975064835,0.014213486013661115
2046-08-01 06:00:00,0.34408044909104374,0.014213486013661115
2046-08-01 06:30:00,0.3363557284314391,0.014213486013661115
2046-08-01 07:00:00,0.3286310077718345,0.014213486013661115
2046-08-01 07:30:00,0.3209062871122299,0.014213486013661115
2046-08-01 08:00:00,0.3131815664526253,0.014213486013661115
2046-08-01 08:30:00,0.3054568457930207,0.0
2046-08-01 09:00:00,0.3054568457930207,0.0
2046-08-01 09:30:00,0.3054568457930207,-0.014213486013661115
2046-08-01 10:00:00,0.31199504935930483,-0.014213486013661115
2046-08-01 10:30:00,0.318533252925589,-0.014213486013661115
2046-08-01 11:00:00,0.3250714564918731,-0.014213486013661115
2046-08-01 11:30:00,0.3316096600581572,-0.014213486013661115
2046-08-01 12:00:00,0.33814786362444127,-0.014213486013661115
2046-08-01 12:30:00,0.34468606719072536,-0.014213486013661115
2046-08-01 13:00:00,0.35122427075700946,-0.014213486013661115
2046-08-01 13:30:00,0.35776247432329356,-0.014213486013661115
2046-08-01 14:00:00,0.36430067788957765,-0.014213486013661115
2046-08-01 14:30:00,0.37083888145586175,-0.014213486013661115
2046-08-01 15:00:00,0.37737708502214584,-0.014213486013661115
2046-08-01 15:30:00,0.38391528858842994,-0.014213486013661115
2046-08-01 16:00:00,0.39045349215471403,-0.014213486013661115
2046-08-01 16:30:00,0.39699169572099813,0.0
2046-08-01 17:00:00,0.39699169572099813,0.0
2046-08-01 17:30:00,0.39699169572099813,0.0
2046-08-01 18:00:00,0.39699169572099813,0.0
2046-08-01 18:30:00,0.39699169572099813,0.0
2046-08-01 19:00:00,0.39699169572099813,0.0
2046-08-01 19:30:00,0.39699169572099813,0.0
2046-08-01 20:00:00,0.39699169572099813,0.0
2046-08-01 20:30:00,0.39699169572099813,0.0
2046-08-01 21:00:00,0.39699169572099813,0.0
2046-08-01 21:30:00,0.39699169572099813,0.0
2046-08-01 22:00:00,0.39699169572099813,0.0
2046-08-01 22:30:00,0.39699169572099813,0.0
2046-08-01 23:00:00,0.39699169572099813,0.0
2046-08-01 23:30:00,0.39699169572099813,0.0
2046-08-02 00:00:00,0.39699169572099813,0.0
2046-08-02 00:30:00,0.39699169572099813,0.0
2046-08-02 01:00:00,0.39699169572099813,0.0
2046-08-02 01:30:00,0.39699169572099813,0.0
2046-08-02 02:00:00,0.39699169572099813,0.0
2046-08-02 02:30:00,0.39699169572099813,-0.014213486013661115
2046-08-02 03:00:00,0.40352989928728233,-0.014213486013661115
2046-08-02 03:30:00,0.41006810285356643,-0.014213486013661115
2046-08-02 04:00:00,0.4166063064198506,-0.014213486013661115
2046-08-02 04:30:00,0.4231445099861347,-0.014213486013661115
2046-08-02 05:00:00,0.42968271355241877,-0.014213486013661115
2046-08-02 05:30:00,0.4362209171187029,-0.014213486013661115
2046-08-02 06:00:00,0.4427591206849689,-0.014213486013661115
2046-08-02 06:30:00,0.449297324251253,-0.014213486013661115
2046-08-02 07:00:00,0.4558355278175371,-0.014213486013661115
2046-08-02 07:30:00,0.4623737313838212,-0.014213486013661115
2046-08-02 08:00:00,0.4689119349501053,-0.014213486013661115
2046-08-02 08:30:00,0.4754501385163894,-0.014213486013661115
2046-08-02 09:00:00,0.4819883420826735,-0.014213486013661115
2046-08-02 09:30:00,0.4885265456489576,-0.014213486013661115
2046-08-02 10:00:00,0.4950647492152417,-0.014213486013661115
2046-08-02 10:30:00,0.5016029527815258,-0.014213486013661115
2046-08-02 11:00:00,0.5081411563478099,-0.014213486013661115
2046-08-02 11:30:00,0.514679359914094,-0.014213486013661115
2046-08-02 12:00:00,0.5212175634803781,-0.014213486013661115
2046-08-02 12:30:00,0.5277557670466622,-0.014213486013661115
2046-08-02 13:00:00,0.5342939706129463,-0.014213486013661115
2046-08-02 13:30:00,0.5408321741792304,-0.014213486013661115
2046-08-02 14:00:00,0.5473703777455144,-0.014213486013661115
2046-08-02 14:30:00,0.5539085813117985,-0.014213486013661115
2046-08-02 15:00:00,0.5604467848780826,-0.014213486013661115
2046-08-02 15:30:00,0.5669849884443667,-0.014213486013661115
2046-08-02 16:00:00,0.5735231920106508,-0.014213486013661115
2046-08-02 16:30:00,0.5800613955769349,-0.014213486013661115
2046-08-02 17:00:00,0.586599599143219,0.0
2046-08-02 17:30:00,0.586599599143219,0.0
2046-08-02 18:00:00,0.586599599143219,0.0
2046-08-02 18:30:00,0.586599599143219,0.0
2046-08-02 19:00:00,0.586599599143219,0.0
2046-08-02 19:30:00,0.586599599143219,0.0
2046-08-02 20:00:00,0.586599599143219,0.0
2046-08-02 20:30:00,0.586599599143219,0.0
2046-08-02 21:00:00,0.586599599143219,0.0
2046-08-02 21:30:00,0.586599599143219,0.0
2046-08-02 22:00:00,0.586599599143219,0.0
2046-08-02 22:30:00,0.586599599143219,0.0
2046-08-02 23:00:00,0.586599599143219,0.0
2046-08-02 23:30:00,0.586599599143219,0.0
2046-08-03 00:00:00,0.586599599143219,0.0
2046-08-03 00:30:00,0.586599599143219,0.0
2046-08-03 01:00:00,0.586599599143219,0.0
2046-08-03 01:30:00,0.586599599143219,0.0
2046-08-03 02:00:00,0.586599599143219,0.0
2046-08-03 02:30:00,0.586599599143219,0.0
2046-08-03 03:00:00,0.586599599143219,0.0
2046-08-03 03:30:00,0.586599599143219,0.0
2046-08-03 04:00:00,0.586599599143219,0.0
2046-08-03 04:30:00,0.586599599143219,0.0
2046-08-03 05:00:00,0.586599599143219,0.0
2046-08-03 05:30:00,0.586599599143219,0.0
2046-08-03 06:00:00,0.586599599143219,0.0
2046-08-03 06:30:00,0.586599599143219,0.0
2046-08-03 07:00:00,0.586599599143219,0.0
2046-08-03 07:30:00,0.586599599143219,0.0
2046-08-03 08:00:00,0.586599599143219,0.0
2046-08-03 08:30:00,0.586599599143219,-0.014213486013661115
2046-08-03 09:00:00,0.5931378027095031,0.0
2046-08-03 09:30:00,0.5931378027095031,-0.014213486013661115
2046-08-03 10:00:00,0.5996760062757872,-0.014213486013661115
2046-08-03 10:30:00,0.6062142098420713,-0.014213486013661115
2046-08-03 11:00:00,0.6127524134083554,-0.014213486013661115
2046-08-03 11:30:00,0.6192906169746395,-0.014213486013661115
2046-08-03 12:00:00,0.6258288205409236,-0.014213486013661115
2046-08-03 12:30:00,0.6323670241072077,-0.014213486013661115
2046-08-03 13:00:00,0.6389052276734918,-0.014213486013661115
2046-08-03 13:30:00,0.6454434312397759,-0.014213486013661115
2046-08-03 14:00:00,0.65198163480606,-0.014213486013661115
2046-08-03 14:30:00,0.6585198383723441,-0.014213486013661115
2046-08-03 15:00:00,0.6650580419386282,-0.014213486013661115
2046-08-03 15:30:00,0.6715962455049123,-0.014213486013661115
2046-08-03 16:00:00,0.6781344490711964,-0.014213486013661115
2046-08-03 16:30:00,0.6846726526374805,-0.014213486013661115
2046-08-03 17:00:00,0.6912108562037645,-0.014213486013661115
2046-08-03 17:30:00,0.6977490597700486,0.0
2046-08-03 18:00:00,0.6977490597700486,0.0
2046-08-03 18:30:00,0.6977490597700486,0.0
2046-08-03 19:00:00,0.6977490597700486,0.0
2046-08-03 19:30:00,0.6977490597700486,0.0
2046-08-03 20:00:00,0.6977490597700486,0.0
2046-08-03 20:30:00,0.6977490597700486,0.0
2046-08-03 21:00:00,0.6977490597700486,0.0
2046-08-03 21:30:00,0.6977490597700486,0.0
2046-08-03 22:00:00,0.6977490597700486,0.0
2046-08-03 22:30:00,0.6977490597700486,0.0
2046-08-03 23:00:00,0.6977490597700486,0.0
2046-08-03 23:30:00,0.6977490597700486,-0.014213486013661115
2046-08-04 00:00:00,0.7042872633363327,-0.014213486013661115
2046-08-04 00:30:00,0.7108254669026168,-0.014213486013661115
2046-08-04 01:00:00,0.717363670468901,-0.014213486013661115
2046-08-04 01:30:00,0.7239018740351851,-0.014213486013661115
2046-08-04 02:00:00,0.7304400776014692,-0.014213486013661115
2046-08-04 02:30:00,0.7369782811677533,-0.014213486013661115
2046-08-04 03:00:00,0.7435164847340374,-0.014213486013661115
2046-08-04 03:30:00,0.7500546883003215,-0.014213486013661115
2046-08-04 04:00:00,0.7565928918666056,-0.014213486013661115
2046-08-04 04:30:00,0.7631310954328897,-0.014213486013661115
2046-08-04 05:00:00,0.7696692989991738,-0.014213486013661115
2046-08-04 05:30:00,0.7762075025654579,-0.014213486013661115
2046-08-04 06:00:00,0.782745706131742,-0.014213486013661115
2046-08-04 06:30:00,0.7892839096980261,-0.014213486013661115
2046-08-04 07:00:00,0.7958221132643102,-0.014213486013661115
2046-08-04 07:30:00,0.8023603168305947,-0.014213486013661115
2046-08-04 08:00:00,0.8088985203968788,-0.014213486013661115
2046-08-04 08:30:00,0.8154367239631629,-0.014213486013661115
2046-08-04 09:00:00,0.821974927529447,-0.014213486013661115
2046-08-04 09:30:00,0.8285131310957311,-0.014213486013661115
2046-08-04 10:00:00,0.8350513346620152,-0.014213486013661115
2046-08-04 10:30:00,0.8415895382282993,-0.014213486013661115
2046-08-04 11:00:00,0.8481277417945834,-0.014213486013661115
2046-08-04 11:30:00,0.8546659453608675,-0.014213486013661115
2046-08-04 12:00:00,0.8612041489271516,-0.014213486013661115
2046-08-04 12:30:00,0.8677423524934357,-0.014213486013661115
2046-08-04 13:00:00,0.8742805560597198,-0.014213486013661115
2046-08-04 13:30:00,0.8808187596260039,-0.014213486013661115
2046-08-04 14:00:00,0.887356963192288,-0.014213486013661115
2046-08-04 14:30:00,0.8938951667585721,-0.014213486013661115
2046-08-04 15:00:00,0.9004333703248562,-0.014213486013661115
2046-08-04 15:30:00,0.9069715738911402,-0.014213486013661115
2046-08-04 16:00:00,0.9135097774574243,-0.014213486013661115
2046-08-04 16:30:00,0.9200479810237084,-0.014213486013661115
2046-08-04 17:00:00,0.9265861845899925,-0.014213486013661115
2046-08-04 17:30:00,0.9331243881562766,-0.014213486013661115
2046-08-04 18:00:00,0.9396625917225607,-0.014213486013661115
2046-08-04 18:30:00,0.9462007952888448,-0.014213486013661115
2046-08-04 19:00:00,0.9527389988551289,-0.014213486013661115
2046-08-04 19:30:00,0.959277202421413,-0.014213486013661115
2046-08-04 20:00:00,0.9658154059876971,-0.014213486013661115
2046-08-04 20:30:00,0.9723536095539812,-0.014213486013661115
2046-08-04 21:00:00,0.9788918131202653,-0.014213486013661115
2046-08-04 21:30:00,0.9854300166865494,-0.014213486013661115
2046-08-04 22:00:00,0.9919682202528335,-0.014213486013661115
2046-08-04 22:30:00,0.9985064238191176,-0.014213486013661115
2046-08-04 23:00:00,1.0050446273854017,-0.014213486013661115
2046-08-04 23:30:00,1.0115828309516859,-0.014213486013661115
2046-08-05 00:00:00,1.01812103451797,-0.014213486013661115
2046-08-05 00:30:00,1.0246592380842543,-0.014213486013661115
2046-08-05 01:00:00,1.0311974416505385,-0.014213486013661115
2046-08-05 01:30:00,1.0377356452168227,-0.014213486013661115
2046-08-05 02:00:00,1.044273848783107,-0.014213486013661115
2046-08-05 02:30:00,1.0508120523493911,-0.014213486013661115
2046-08-05 03:00:00,1.0573502559156753,-0.014213486013661115
2046-08-05 03:30:00,1.0638884594819595,-0.014213486013661115
2046-08-05 04:00:00,1.0704266630482437,-0.014213486013661115
2046-08-05 04:30:00,1.076964866614528,-0.014213486013661115
2046-08-05 05:00:00,1.0835030701808122,-0.014213486013661115
2046-08-05 05:30:00,1.0900412737470964,-0.014213486013661115
2046-08-05 06:00:00,1.0965794773133806,-0.014213486013661115
2046-08-05 06:30:00,1.1031176808796648,-0.014213486013661115
2046-08-05 07:00:00,1.109655884445949,-0.014213486013661115
2046-08-05 07:30:00,1.1161940880122332,-0.014213486013661115
2046-08-05 08:00:00,1.1227322915785174,-0.014213486013661115
2046-08-05 08:30:00,1.1292704951448016,-0.014213486013661115
2046-08-05 09:00:00,1.1358086987110858,-0.014213486013661115
2046-08-05 09:30:00,1.14234690227737,-0.014213486013661115
2046-08-05 10:00:00,1.1488851058436542,-0.014213486013661115
2046-08-05 10:30:00,1.1554233094099384,-0.014213486013661115
2046-08-05 11:00:00,1.1619615129762226,-0.014213486013661115
2046-08-05 11:30:00,1.1684997165425068,-0.014213486013661115
2046-08-05 12:00:00,1.175037920108791,-0.014213486013661115
2046-08-05 12:30:00,1.1815761236750753,-0.014213486013661115
2046-08-05 13:00:00,1.1881143272413595,-0.014213486013661115
2046-08-05 13:30:00,1.1946525308076437,-0.014213486013661115
2046-08-05 14:00:00,1.2011907343739279,-0.014213486013661115
2046-08-05 14:30:00,1.207728937940212,-0.014213486013661115
2046-08-05 15:00:00,1.2142671415064963,-0.014213486013661115
2046-08-05 15:30:00,1.22080534507278,-0.014213486013661115
2046-08-05 16:00:00,1.2273435486390643,-0.014213486013661115
2046-08-05 16:30:00,1.2338817522053485,-0.014213486013661115
2046-08-05 17:00:00,1.2404199557716327,-0.014213486013661115
2046-08-05 17:30:00,1.2469581593379169,-0.014213486013661115
2046-08-05 18:00:00,1.253496362904201,-0.014213486013661115
2046-08-05 18:30:00,1.2600345664704853,-0.014213486013661115
2046-08-05 19:00:00,1.2665727700367695,-0.014213486013661115
2046-08-05 19:30:00,1.2731109736030537,0.0
2046-08-05 20:00:00,1.2731109736030537,-0.014213486013661115
2046-08-05 20:30:00,1.2796491771693375,-0.014213486013661115
2046-08-05 21:00:00,1.2861873807356217,-0.014213486013661115
2046-08-05 21:30:00,1.2927255843019059,-0.014213486013661115
2046-08-05 22:00:00,1.29926378786819,-0.014213486013661115
2046-08-05 22:30:00,1.3058019914344743,-0.014213486013661115
2046-08-05 23:00:00,1.3123401950007585,-0.014213486013661115
2046-08-05 23:30:00,1.3188783985670427,-0.014213486013661115
2046-08-06 00:00:00,1.325416602133327,-0.014213486013661115
2046-08-06 00:30:00,1.331954805699611,-0.014213486013661115
2046-08-06 01:00:00,1.3384930092658953,-0.014213486013661115
2046-08-06 01:30:00,1.3450312128321795,-0.014213486013661115
2046-08-06 02:00:00,1.3515694163984637,-0.014213486013661115
2046-08-06 02:30:00,1.358107619964748,-0.014213486013661115
2046-08-06 03:00:00,1.3646458235310321,-0.014213486013661115
2046-08-06 03:30:00,1.3711840270973163,-0.014213486013661115
2046-08-06 04:00:00,1.3777222306636006,-0.014213486013661115
2046-08-06 04:30:00,1.3842604342298848,-0.014213486013661115
2046-08-06 05:00:00,1.390798637796169,-0.014213486013661115
2046-08-06 05:30:00,1.3973368413624532,-0.014213486013661115
2046-08-06 06:00:00,1.4038750449287374,-0.014213486013661115
2046-08-06 06:30:00,1.4104132484950216,-0.014213486013661115
2046-08-06 07:00:00,1.4169514520613058,-0.014213486013661115
2046-08-06 07:30:00,1.42348965562759,-0.014213486013661115
2046-08-06 08:00:00,1.4300278591938742,-0.014213486013661115
2046-08-06 08:30:00,1.4365660627601584,-0.014213486013661115
2046-08-06 09:00:00,1.4431042663264426,-0.014213486013661115
2046-08-06 09:30:00,1.4496424698927268,-0.014213486013661115
2046-08-06 10:00:00,1.456180673459007,-0.014213486013661115
2046-08-06 10:30:00,1.4627188770252912,-0.014213486013661115
2046-08-06 11:00:00,1.4692570805915754,-0.014213486013661115
2046-08-06 11:30:00,1.4757952841578597,-0.014213486013661115
2046-08-06 12:00:00,1.4823334877241439,-0.014213486013661115
2046-08-06 12:30:00,1.488871691290428,-0.014213486013661115
2046-08-06 13:00:00,1.4954098948567123,-0.014213486013661115
2046-08-06 13:30:00,1.5019480984229965,-0.014213486013661115
2046-08-06 14:00:00,1.5084863019892807,-0.014213486013661115
2046-08-06 14:30:00,1.515024505555565,-0.014213486013661115
2046-08-06 15:00:00,1.521562709121849,-0.014213486013661115
2046-08-06 15:30:00,1.5281009126881333,-0.014213486013661115
2046-08-06 16:00:00,1.5346391162544175,-0.014213486013661115
2046-08-06 16:30:00,1.5411773198207017,-0.014213486013661115
2046-08-06 17:00:00,1.547715523386986,0.0
2046-08-06 17:30:00,1.547715523386986,0.0
2046-08-06 18:00:00,1.547715523386986,0.0
2046-08-06 18:30:00,1.547715523386986,0.0
2046-08-06 19:00:00,1.547715523386986,0.0
2046-08-06 19:30:00,1.547715523386986,0.0
2046-08-06 20:00:00,1.547715523386986,0.0
2046-08-06 20:30:00,1.547715523386986,0.014213486013661115
2046-08-06 21:00:00,1.5399908027273814,0.0
2046-08-06 21:30:00,1.5399908027273814,0.0
2046-08-06 22:00:00,1.5399908027273814,0.0
2046-08-06 22:30:00,1.5399908027273814,0.0
2046-08-06 23:00:00,1.5399908027273814,0.0
2046-08-06 23:30:00,1.5399908027273814,0.0
2046-08-07 00:00:00,1.5399908027273814,0.0
2046-08-07 00:30:00,1.5399908027273814,0.0
2046-08-07 01:00:00,1.5399908027273814,-0.014213486013661115
2046-08-07 01:30:00,1.5465290062936656,-0.014213486013661115
2046-08-07 02:00:00,1.5530672098599498,-0.014213486013661115
2046-08-07 02:30:00,1.559605413426234,-0.014213486013661115
2046-08-07 03:00:00,1.5661436169925183,-0.014213486013661115
2046-08-07 03:30:00,1.5726818205588025,-0.014213486013661115
2046-08-07 04:00:00,1.5792200241250867,-0.014213486013661115
2046-08-07 04:30:00,1.5857582276913709,-0.014213486013661115
2046-08-07 05:00:00,1.592296431257655,-0.014213486013661115
2046-08-07 05:30:00,1.5988346348239393,-0.014213486013661115
2046-08-07 06:00:00,1.6053728383902235,-0.014213486013661115
2046-08-07 06:30:00,1.6119110419565077,-0.014213486013661115
2046-08-07 07:00:00,1.618449245522792,-0.014213486013661115
2046-08-07 07:30:00,1.624987449089076,-0.014213486013661115
2046-08-07 08:00:00,1.6315256526553603,-0.014213486013661115
2046-08-07 08:30:00,1.6380638562216445,-0.014213486013661115
2046-08-07 09:00:00,1.6446020597879287,-0.014213486013661115
2046-08-07 09:30:00,1.651140263354213,-0.014213486013661115
2046-08-07 10:00:00,1.6576784669204971,-0.014213486013661115
2046-08-07 10:30:00,1.6642166704867813,-0.014213486013661115
2046-08-07 11:00:00,1.6707548740530656,-0.014213486013661115
2046-08-07 11:30:00,1.6772930776193498,-0.014213486013661115
2046-08-07 12:00:00,1.683831281185634,-0.014213486013661115
2046-08-07 12:30:00,1.6903694847519182,-0.014213486013661115
2046-08-07 13:00:00,1.6969076883182024,-0.014213486013661115
2046-08-07 13:30:00,1.7034458918844866,-0.014213486013661115
2046-08-07 14:00:00,1.7099840954507708,-0.014213486013661115
2046-08-07 14:30:00,1.716522299017055,-0.014213486013661115
2046-08-07 15:00:00,1.7230605025833392,-0.014213486013661115
2046-08-07 15:30:00,1.7295987061496234,-0.014213486013661115
2046-08-07 16:00:00,1.7361369097159076,-0.014213486013661115
2046-08-07 16:30:00,1.7426751132821918,-0.014213486013661115
2046-08-07 17:00:00,1.749213316848476,-0.014213486013661115
2046-08-07 17:30:00,1.7557515204147602,-0.014213486013661115
2046-08-07 18:00:00,1.7622897239810444,-0.014213486013661115
2046-08-07 18:30:00,1.7688279275473286,-0.014213486013661115
2046-08-07 19:00:00,1.7753661311136129,-0.014213486013661115
2046-08-07 19:30:00,1.781904334679897,-0.014213486013661115
2046-08-07 20:00:00,1.7884425382461813,-0.014213486013661115
2046-08-07 20:30:00,1.7949807418124655,-0.014213486013661115
2046-08-07 21:00:00,1.8015189453787497,-0.014213486013661115
2046-08-07 21:30:00,1.8080571489450339,-0.014213486013661115
2046-08-07 22:00:00,1.814595352511318,-0.014213486013661115
2046-08-07 22:30:00,1.8211335560776023,-0.014213486013661115
2046-08-07 23:00:00,1.8276717596438865,-0.014213486013661115
2046-08-07 23:30:00,1.8342099632101707,-0.014213486013661115
2046-08-08 00:00:00,1.840748166776455,-0.014213486013661115
2046-08-08 00:30:00,1.8472863703427391,-0.014213486013661115
2046-08-08 01:00:00,1.8538245739090233,-0.014213486013661115
2046-08-08 01:30:00,1.8603627774753075,-0.014213486013661115
2046-08-08 02:00:00,1.8669009810415917,-0.014213486013661115
2046-08-08 02:30:00,1.873439184607876,-0.014213486013661115
2046-08-08 03:00:00,1.8799773881741602,-0.014213486013661115
2046-08-08 03:30:00,1.8865155917404444,-0.014213486013661115
2046-08-08 04:00:00,1.8930537953067286,-0.014213486013661115
2046-08-08 04:30:00,1.8995919988730128,-0.014213486013661115
2046-08-08 05:00:00,1.906130202439297,-0.014213486013661115
2046-08-08 05:30:00,1.9126684060055812,-0.014213486013661115
2046-08-08 06:00:00,1.9192066095718654,-0.014213486013661115
2046-08-08 06:30:00,1.9257448131381496,-0.014213486013661115
2046-08-08 07:00:00,1.9322830167044338,-0.014213486013661115
2046-08-08 07:30:00,1.938821220270718,-0.014213486013661115
2046-08-08 08:00:00,1.9453594238370022,-0.014213486013661115
2046-08-08 08:30:00,1.9518976274032864,-0.014213486013661115
2046-08-08 09:00:00,1.9584358309695706,-0.014213486013661115
2046-08-08 09:30:00,1.9649740345358548,-0.014213486013661115
2046-08-08 10:00:00,1.971512238102139,-0.014213486013661115
2046-08-08 10:30:00,1.9780504416684233,-0.014213486013661115
2046-08-08 11:00:00,1.9845886452347075,-0.014213486013661115
2046-08-08 11:30:00,1.9911268488009917,-0.014213486013661115
2046-08-08 12:00:00,1.9976650523672759,-0.014213486013661115
2046-08-08 12:30:00,2.00420325593356,-0.014213486013661115
2046-08-08 13:00:00,2.0107414594998443,-0.014213486013661115
2046-08-08 13:30:00,2.0172796630661285,-0.014213486013661115
2046-08-08 14:00:00,2.0238178666324127,-0.014213486013661115
2046-08-08 14:30:00,2.030356070198697,-0.014213486013661115
2046-08-08 15:00:00,2.036894273764981,-0.014213486013661115
2046-08-08 15:30:00,2.0434324773312653,-0.014213486013661115
2046-08-08 16:00:00,2.0499706808975495,-0.014213486013661115
2046-08-08 16:30:00,2.0565088844638337,-0.014213486013661115
2046-08-08 17:00:00,2.063047088030118,-0.014213486013661115
2046-08-08 17:30:00,2.069585291596402,-0.014213486013661115
2046-08-08 18:00:00,2.0761234951626863,-0.014213486013661115
2046-08-08 18:30:00,2.0826616987289706,-0.014213486013661115
2046-08-08 19:00:00,2.0891999022952548,-0.014213486013661115
2046-08-08 19:30:00,2.095738105861539,-0.014213486013661115
2046-08-08 20:00:00,2.102276309427823,-0.014213486013661115
2046-08-08 20:30:00,2.1088145129941074,-0.014213486013661115
2046-08-08 21:00:00,2.1153527165603916,-0.014213486013661115
2046-08-08 21:30:00,2.121890920126676,-0.014213486013661115
2046-08-08 22:00:00,2.12842912369296,-0.014213486013661115
2046-08-08 22:30:00,2.134967327259244,-0.014213486013661115
2046-08-08 23:00:00,2.1415055308255284,-0.014213486013661115
2046-08-08 23:30:00,2.1480437343918126,-0.014213486013661115
2046-08-09 00:00:00,2.154581937958097,-0.014213486013661115
2046-08-09 00:30:00,2.161120141524381,-0.014213486013661115
2046-08-09 01:00:00,2.1676583450906652,-0.014213486013661115
2046-08-09 01:30:00,2.1741965486569494,-0.014213486013661115
2046-08-09 02:00:00,2.1807347522232337,-0.014213486013661115
2046-08-09 02:30:00,2.187272955789518,-0.014213486013661115
2046-08-09 03:00:00,2.193811159355802,-0.014213486013661115
2046-08-09 03:30:00,2.2003493629220863,-0.014213486013661115
2046-08-09 04:00:00,2.2068875664883705,-0.014213486013661115
2046-08-09 04:30:00,2.2134257700546547,-0.014213486013661115
2046-08-09 05:00:00,2.219963973620939,-0.014213486013661115
2046-08-09 05:30:00,2.226502177187222,-0.014213486013661115
2046-08-09 06:00:00,2.2330403807535064,-0.014213486013661115
2046-08-09 06:30:00,2.2395785843197906,-0.014213486013661115
2046-08-09 07:00:00,2.246116787886075,-0.014213486013661115
2046-08-09 07:30:00,2.252654991452359,-0.014213486013661115
2046-08-09 08:00:00,2.2591931950186432,-0.014213486013661115
2046-08-09 08:30:00,2.2657313985849274,-0.014213486013661115
2046-08-09 09:00:00,2.2722696021512117,-0.014213486013661115
2046-08-09 09:30:00,2.278807805717496,-0.014213486013661115
2046-08-09 10:00:00,2.28534600928378,-0.014213486013661115
2046-08-09 10:30:00,2.2918842128500643,-0.014213486013661115
2046-08-09 11:00:00,2.2984224164163485,-0.014213486013661115
2046-08-09 11:30:00,2.3049606199826327,-0.014213486013661115
2046-08-09 12:00:00,2.311498823548917,-0.014213486013661115
2046-08-09 12:30:00,2.318037027115201,-0.014213486013661115
2046-08-09 13:00:00,2.3245752306814853,-0.014213486013661115
2046-08-09 13:30:00,2.3311134342477695,-0.014213486013661115
2046-08-09 14:00:00,2.3376516378140537,-0.014213486013661115
2046-08-09 14:30:00,2.344189841380338,-0.014213486013661115
2046-08-09 15:00:00,2.350728044946622,-0.014213486013661115
2046-08-09 15:30:00,2.3572662485129063,-0.014213486013661115
2046-08-09 16:00:00,2.3638044520791905,-0.014213486013661115
2046-08-09 16:30:00,2.3703426556454747,-0.014213486013661115
2046-08-09 17:00:00,2.376880859211759,-0.014213486013661115
2046-08-09 17:30:00,2.383419062778043,0.0
2046-08-09 18:00:00,2.383419062778043,0.0
2046-08-09 18:30:00,2.383419062778043,0.0
2046-08-09 19:00:00,2.383419062778043,0.0
2046-08-09 19:30:00,2.383419062778043,0.0
2046-08-09 20:00:00,2.383419062778043,0.0
2046-08-09 20:30:00,2.383419062778043,0.0
2046-08-09 21:00:00,2.383419062778043,0.0
2046-08-09 21:30:00,2.383419062778043,0.0
2046-08-09 22:00:00,2.383419062778043,0.0
2046-08-09 22:30:00,2.383419062778043,0.0
2046-08-09 23:00:00,2.383419062778043,0.0
2046-08-09 23:30:00,2.383419062778043,0.0
2046-08-10 00:00:00,2.383419062778043,0.0
2046-08-10 00:30:00,2.383419062778043,0.0
2046-08-10 01:00:00,2.383419062778043,0.0
2046-08-10 01:30:00,2.383419062778043,0.0
2046-08-10 02:00:00,2.383419062778043,0.0
2046-08-10 02:30:00,2.383419062778043,0.0
2046-08-10 03:00:00,2.383419062778043,0.0
2046-08-10 03:30:00,2.383419062778043,0.0
2046-08-10 04:00:00,2.383419062778043,0.0
2046-08-10 04:30:00,2.383419062778043,0.0
2046-08-10 05:00:00,2.383419062778043,0.0
2046-08-10 05:30:00,2.383419062778043,-0.014213486013661115
2046-08-10 06:00:00,2.3899572663443274,0.0
2046-08-10 06:30:00,2.3899572663443274,0.0
2046-08-10 07:00:00,2.3899572663443274,0.0
2046-08-10 07:30:00,2.3899572663443274,0.0
2046-08-10 08:00:00,2.3899572663443274,0.0
2046-08-10 08:30:00,2.3899572663443274,-0.014213486013661115
2046-08-10 09:00:00,2.3964954699106116,0.0017936643575791034
2046-08-10 09:30:00,2.39552065232497,0.008305921211327068
2046-08-10 10:00:00,2.391006564710115,0.0
2046-08-10 10:30:00,2.391006564710115,0.0
2046-08-10 11:00:00,2.391006564710115,0.0
2046-08-10 11:30:00,2.391006564710115,-0.010148025893000012
2046-08-10 12:00:00,2.395674656620895,0.0
2046-08-10 12:30:00,2.395674656620895,-0.003739825244999939
2046-08-10 13:00:00,2.397394976233595,-0.006989219650999967
2046-08-10 13:30:00,2.400610017273055,-0.0050501895989999435
2046-08-10 14:00:00,2.4029331044885947,-0.007566828894999933
2046-08-10 14:30:00,2.406413845780295,-0.002996875221999984
2046-08-10 15:00:00,2.4077924083824147,-0.012657953190999938
2046-08-10 15:30:00,2.4136150668502747,-0.014213486013661115
2046-08-10 16:00:00,2.4201532704165585,-0.014213486013661115
2046-08-10 16:30:00,2.4266914739828427,-0.014213486013661115
2046-08-10 17:00:00,2.4332296775491264,0.0
2046-08-10 17:30:00,2.4332296775491264,0.0
2046-08-10 18:00:00,2.4332296775491264,0.0
2046-08-10 18:30:00,2.4332296775491264,0.0
2046-08-10 19:00:00,2.4332296775491264,0.0
2046-08-10 19:30:00,2.4332296775491264,0.0
2046-08-10 20:00:00,2.4332296775491264,0.0
2046-08-10 20:30:00,2.4332296775491264,0.0
2046-08-10 21:00:00,2.4332296775491264,0.0
2046-08-10 21:30:00,2.4332296775491264,0.0
2046-08-10 22:00:00,2.4332296775491264,0.0
2046-08-10 22:30:00,2.4332296775491264,0.0
2046-08-10 23:00:00,2.4332296775491264,0.0
2046-08-10 23:30:00,2.4332296775491264,0.0
2046-08-11 00:00:00,2.4332296775491264,0.0
2046-08-11 00:30:00,2.4332296775491264,0.0
2046-08-11 01:00:00,2.4332296775491264,0.0
2046-08-11 01:30:00,2.4332296775491264,0.0
2046-08-11 02:00:00,2.4332296775491264,0.0
2046-08-11 02:30:00,2.4332296775491264,0.0
2046-08-11 03:00:00,2.4332296775491264,0.0
2046-08-11 03:30:00,2.4332296775491264,0.0
2046-08-11 04:00:00,2.4332296775491264,0.0
2046-08-11 04:30:00,2.4332296775491264,0.0
2046-08-11 05:00:00,2.4332296775491264,0.0
2046-08-11 05:30:00,2.4332296775491264,0.0
2046-08-11 06:00:00,2.4332296775491264,0.0
2046-08-11 06:30:00,2.4332296775491264,0.0
2046-08-11 07:00:00,2.4332296775491264,0.0
2046-08-11 07:30:00,2.4332296775491264,0.0
2046-08-11 08:00:00,2.4332296775491264,0.0
2046-08-11 08:30:00,2.4332296775491264,0.0
2046-08-11 09:00:00,2.4332296775491264,0.0
2046-08-11 09:30:00,2.4332296775491264,0.0
2046-08-11 10:00:00,2.4332296775491264,0.0
2046-08-11 10:30:00,2.4332296775491264,0.0
2046-08-11 11:00:00,2.4332296775491264,0.0
2046-08-11 11:30:00,2.4332296775491264,0.0
2046-08-11 12:00:00,2.4332296775491264,0.0
2046-08-11 12:30:00,2.4332296775491264,0.0
2046-08-11 13:00:00,2.4332296775491264,0.0
2046-08-11 13:30:00,2.4332296775491264,0.0
2046-08-11 14:00:00,2.4332296775491264,0.0
2046-08-11 14:30:00,2.4332296775491264,0.0
2046-08-11 15:00:00,2.4332296775491264,0.0
2046-08-11 15:30:00,2.4332296775491264,0.0
2046-08-11 16:00:00,2.4332296775491264,0.0
2046-08-11 16:30:00,2.4332296775491264,0.0
2046-08-11 17:00:00,2.4332296775491264,0.0
2046-08-11 17:30:00,2.4332296775491264,0.0
2046-08-11 18:00:00,2.4332296775491264,0.0
2046-08-11 18:30:00,2.4332296775491264,0.0
2046-08-11 19:00:00,2.4332296775491264,0.0
2046-08-11 19:30:00,2.4332296775491264,0.0
2046-08-11 20:00:00,2.4332296775491264,0.0
2046-08-11 20:30:00,2.4332296775491264,0.0
2046-08-11 21:00:00,2.4332296775491264,0.0
2046-08-11 21:30:00,2.4332296775491264,0.0
2046-08-11 22:00:00,2.4332296775491264,0.014213486013661115
2046-08-11 22:30:00,2.425504956889522,0.0
2046-08-11 23:00:00,2.425504956889522,0.0
2046-08-11 23:30:00,2.425504956889522,0.0
2046-08-12 00:00:00,2.425504956889522,0.0
2046-08-12 00:30:00,2.425504956889522,0.0
2046-08-12 01:00:00,2.425504956889522,0.0
2046-08-12 01:30:00,2.425504956889522,0.0
2046-08-12 02:00:00,2.425504956889522,0.0
2046-08-12 02:30:00,2.425504956889522,0.0
2046-08-12 03:00:00,2.425504956889522,0.0
2046-08-12 03:30:00,2.425504956889522,0.0
2046-08-12 04:00:00,2.425504956889522,0.0
2046-08-12 04:30:00,2.425504956889522,0.0
2046-08-12 05:00:00,2.425504956889522,0.0
2046-08-12 05:30:00,2.425504956889522,0.0
2046-08-12 06:00:00,2.425504956889522,0.0
2046-08-12 06:30:00,2.425504956889522,0.0
2046-08-12 07:00:00,2.425504956889522,0.0
2046-08-12 07:30:00,2.425504956889522,0.0
2046-08-12 08:00:00,2.425504956889522,0.0
2046-08-12 08:30:00,2.425504956889522,0.0
2046-08-12 09:00:00,2.425504956889522,-0.014213486013661115
2046-08-12 09:30:00,2.432043160455806,-0.014213486013661115
2046-08-12 10:00:00,2.43858136402209,-0.014213486013661115
2046-08-12 10:30:00,2.445119567588374,-0.014213486013661115
2046-08-12 11:00:00,2.4516577711546583,-0.014213486013661115
2046-08-12 11:30:00,2.4581959747209425,0.0
2046-08-12 12:00:00,2.4581959747209425,0.0
2046-08-12 12:30:00,2.4581959747209425,0.0
2046-08-12 13:00:00,2.4581959747209425,-0.014213486013661115
2046-08-12 13:30:00,2.4647341782872267,-0.014213486013661115
2046-08-12 14:00:00,2.471272381853511,-0.014213486013661115
2046-08-12 14:30:00,2.477810585419795,-0.014213486013661115
2046-08-12 15:00:00,2.4843487889860794,-0.014213486013661115
2046-08-12 15:30:00,2.4908869925523636,0.0
2046-08-12 16:00:00,2.4908869925523636,0.0
2046-08-12 16:30:00,2.4908869925523636,0.0
2046-08-12 17:00:00,2.4908869925523636,0.0
2046-08-12 17:30:00,2.4908869925523636,0.0
2046-08-12 18:00:00,2.4908869925523636,0.0
2046-08-12 18:30:00,2.4908869925523636,0.0
2046-08-12 19:00:00,2.4908869925523636,0.0
2046-08-12 19:30:00,2.4908869925523636,0.0
2046-08-12 20:00:00,2.4908869925523636,0.0
2046-08-12 20:30:00,2.4908869925523636,0.0
2046-08-12 21:00:00,2.4908869925523636,0.0
2046-08-12 21:30:00,2.4908869925523636,0.0
2046-08-12 22:00:00,2.4908869925523636,0.0
2046-08-12 22:30:00,2.4908869925523636,0.0
2046-08-12 23:00:00,2.4908869925523636,0.0
2046-08-12 23:30:00,2.4908869925523636,0.0
2046-08-13 00:00:00,2.4908869925523636,0.0
2046-08-13 00:30:00,2.4908869925523636,0.0
2046-08-13 01:00:00,2.4908869925523636,0.0
2046-08-13 01:30:00,2.4908869925523636,0.0
2046-08-13 02:00:00,2.4908869925523636,0.0
2046-08-13 02:30:00,2.4908869925523636,0.0
2046-08-13 03:00:00,2.4908869925523636,0.0
2046-08-13 03:30:00,2.4908869925523636,0.0
2046-08-13 04:00:00,2.4908869925523636,0.0
2046-08-13 04:30:00,2.4908869925523636,0.0
2046-08-13 05:00:00,2.4908869925523636,0.0
2046-08-13 05:30:00,2.4908869925523636,0.0
2046-08-13 06:00:00,2.4908869925523636,0.0
2046-08-13 06:30:00,2.4908869925523636,0.0
2046-08-13 07:00:00,2.4908869925523636,0.0
2046-08-13 07:30:00,2.4908869925523636,-0.014213486013661115
2046-08-13 08:00:00,2.4974251961186473,0.0
2046-08-13 08:30:00,2.4974251961186473,-0.014213486013661115
2046-08-13 09:00:00,2.5039633996849315,-0.014213486013661115
2046-08-13 09:30:00,2.5105016032512157,-0.014213486013661115
2046-08-13 10:00:00,2.5170398068174995,-0.014213486013661115
2046-08-13 10:30:00,2.5235780103837837,-0.014213486013661115
2046-08-13 11:00:00,2.530116213950068,-0.014213486013661115
2046-08-13 11:30:00,2.536654417516352,-0.014213486013661115
2046-08-13 12:00:00,2.5431926210826363,-0.014213486013661115
2046-08-13 12:30:00,2.5497308246489205,-0.014213486013661115
2046-08-13 13:00:00,2.5562690282152047,-0.014213486013661115
2046-08-13 13:30:00,2.5628072317814885,-0.014213486013661115
2046-08-13 14:00:00,2.5693454353477727,-0.014213486013661115
2046-08-13 14:30:00,2.575883638914057,-0.014213486013661115
2046-08-13 15:00:00,2.582421842480341,-0.014213486013661115
2046-08-13 15:30:00,2.588960046046625,-0.014213486013661115
2046-08-13 16:00:00,2.595498249612909,-0.014213486013661115
2046-08-13 16:30:00,2.6020364531791933,-0.014213486013661115
2046-08-13 17:00:00,2.6085746567454775,0.0
2046-08-13 17:30:00,2.6085746567454775,0.0
2046-08-13 18:00:00,2.6085746567454775,0.0
2046-08-13 18:30:00,2.6085746567454775,0.0
2046-08-13 19:00:00,2.6085746567454775,0.0
2046-08-13 19:30:00,2.6085746567454775,-0.014213486013661115
2046-08-13 20:00:00,2.6151128603117617,-0.014213486013661115
2046-08-13 20:30:00,2.621651063878046,-0.014213486013661115
2046-08-13 21:00:00,2.62818926744433,-0.014213486013661115
2046-08-13 21:30:00,2.6347274710106143,-0.014213486013661115
2046-08-13 22:00:00,2.641265674576897,-0.014213486013661115
2046-08-13 22:30:00,2.6478038781431814,-0.014213486013661115
2046-08-13 23:00:00,2.6543420817094656,-0.014213486013661115
2046-08-13 23:30:00,2.6608802852757494,-0.014213486013661115
2046-08-14 00:00:00,2.6674184888420336,-0.014213486013661115
2046-08-14 00:30:00,2.673956692408318,-0.014213486013661115
2046-08-14 01:00:00,2.680494895974602,-0.014213486013661115
2046-08-14 01:30:00,2.687033099540886,-0.014213486013661115
2046-08-14 02:00:00,2.6935713031071704,0.0
2046-08-14 02:30:00,2.6935713031071704,-0.014213486013661115
2046-08-14 03:00:00,2.7001095066734546,-0.014213486013661115
2046-08-14 03:30:00,2.706647710239739,-0.014213486013661115
2046-08-14 04:00:00,2.713185913806023,-0.014213486013661115
2046-08-14 04:30:00,2.7197241173723072,-0.014213486013661115
2046-08-14 05:00:00,2.7262623209385914,0.0
2046-08-14 05:30:00,2.7262623209385914,0.0
2046-08-14 06:00:00,2.7262623209385914,0.0
2046-08-14 06:30:00,2.7262623209385914,0.0
2046-08-14 07:00:00,2.7262623209385914,0.0
2046-08-14 07:30:00,2.7262623209385914,0.0
2046-08-14 08:00:00,2.7262623209385914,0.0
2046-08-14 08:30:00,2.7262623209385914,-0.014213486013661115
2046-08-14 09:00:00,2.7328005245048756,-0.014213486013661115
2046-08-14 09:30:00,2.73933872807116,-0.014213486013661115
2046-08-14 10:00:00,2.7458769316374427,-0.014213486013661115
2046-08-14 10:30:00,2.752415135203727,-0.014213486013661115
2046-08-14 11:00:00,2.758953338770011,-0.014213486013661115
2046-08-14 11:30:00,2.7654915423362953,-0.014213486013661115
2046-08-14 12:00:00,2.7720297459025796,-0.014213486013661115
2046-08-14 12:30:00,2.7785679494688638,-0.014213486013661115
2046-08-14 13:00:00,2.785106153035148,-0.014213486013661115
2046-08-14 13:30:00,2.791644356601432,-0.014213486013661115
2046-08-14 14:00:00,2.7981825601677164,-0.014213486013661115
2046-08-14 14:30:00,2.8047207637340006,-0.014213486013661115
2046-08-14 15:00:00,2.811258967300285,-0.014213486013661115
2046-08-14 15:30:00,2.817797170866569,-0.014213486013661115
2046-08-14 16:00:00,2.824335374432853,-0.014213486013661115
2046-08-14 16:30:00,2.8308735779991374,-0.014213486013661115
2046-08-14 17:00:00,2.8374117815654216,0.0
2046-08-14 17:30:00,2.8374117815654216,0.0
2046-08-14 18:00:00,2.8374117815654216,0.0
2046-08-14 18:30:00,2.8374117815654216,0.0
2046-08-14 19:00:00,2.8374117815654216,0.0
2046-08-14 19:30:00,2.8374117815654216,0.0
2046-08-14 20:00:00,2.8374117815654216,0.0
2046-08-14 20:30:00,2.8374117815654216,0.0
2046-08-14 21:00:00,2.8374117815654216,0.0
2046-08-14 21:30:00,2.8374117815654216,0.0
2046-08-14 22:00:00,2.8374117815654216,0.0
2046-08-14 22:30:00,2.8374117815654216,0.0
2046-08-14 23:00:00,2.8374117815654216,0.0
2046-08-14 23:30:00,2.8374117815654216,0.0
2046-08-15 00:00:00,2.8374117815654216,0.0
2046-08-15 00:30:00,2.8374117815654216,0.0
2046-08-15 01:00:00,2.8374117815654216,0.0
2046-08-15 01:30:00,2.8374117815654216,0.0
2046-08-15 02:00:00,2.8374117815654216,0.0
2046-08-15 02:30:00,2.8374117815654216,0.0
2046-08-15 03:00:00,2.8374117815654216,0.0
2046-08-15 03:30:00,2.8374117815654216,0.0
2046-08-15 04:00:00,2.8374117815654216,0.0
2046-08-15 04:30:00,2.8374117815654216,0.0
2046-08-15 05:00:00,2.8374117815654216,0.0
2046-08-15 05:30:00,2.8374117815654216,0.0
2046-08-15 06:00:00,2.8374117815654216,0.0
2046-08-15 06:30:00,2.8374117815654216,0.0
2046-08-15 07:00:00,2.8374117815654216,0.0
2046-08-15 07:30:00,2.8374117815654216,0.0
2046-08-15 08:00:00,2.8374117815654216,0.0
2046-08-15 08:30:00,2.8374117815654216,0.0
2046-08-15 09:00:00,2.8374117815654216,-0.014213486013661115
2046-08-15 09:30:00,2.843949985131706,-0.014213486013661115
2046-08-15 10:00:00,2.85048818869799,-0.014213486013661115
2046-08-15 10:30:00,2.8570263922642742,-0.014213486013661115
2046-08-15 11:00:00,2.8635645958305584,-0.014213486013661115
2046-08-15 11:30:00,2.8701027993968427,-0.014213486013661115
2046-08-15 12:00:00,2.876641002963127,-0.014213486013661115
2046-08-15 12:30:00,2.883179206529411,0.0
2046-08-15 13:00:00,2.883179206529411,-0.014213486013661115
2046-08-15 13:30:00,2.8897174100956953,-0.014213486013661115
2046-08-15 14:00:00,2.8962556136619795,-0.014213486013661115
2046-08-15 14:30:00,2.9027938172282637,0.0
2046-08-15 15:00:00,2.9027938172282637,0.0
2046-08-15 15:30:00,2.9027938172282637,0.0
2046-08-15 16:00:00,2.9027938172282637,0.0
2046-08-15 16:30:00,2.9027938172282637,0.0
2046-08-15 17:00:00,2.9027938172282637,0.0
2046-08-15 17:30:00,2.9027938172282637,0.0
2046-08-15 18:00:00,2.9027938172282637,0.0
2046-08-15 18:30:00,2.9027938172282637,0.0
2046-08-15 19:00:00,2.9027938172282637,0.0
2046-08-15 19:30:00,2.9027938172282637,0.0
2046-08-15 20:00:00,2.9027938172282637,0.0
2046-08-15 20:30:00,2.9027938172282637,0.0
2046-08-15 21:00:00,2.9027938172282637,0.0
2046-08-15 21:30:00,2.9027938172282637,0.0
2046-08-15 22:00:00,2.9027938172282637,0.0
2046-08-15 22:30:00,2.9027938172282637,0.0
2046-08-15 23:00:00,2.9027938172282637,0.0
2046-08-15 23:30:00,2.9027938172282637,0.0
2046-08-16 00:00:00,2.9027938172282637,0.0
2046-08-16 00:30:00,2.9027938172282637,0.0
2046-08-16 01:00:00,2.9027938172282637,0.0
2046-08-16 01:30:00,2.9027938172282637,0.0
2046-08-16 02:00:00,2.9027938172282637,0.0
2046-08-16 02:30:00,2.9027938172282637,0.0
2046-08-16 03:00:00,2.9027938172282637,0.0
2046-08-16 03:30:00,2.9027938172282637,0.0
2046-08-16 04:00:00,2.9027938172282637,0.0
2046-08-16 04:30:00,2.9027938172282637,0.0
2046-08-16 05:00:00,2.9027938172282637,0.0
2046-08-16 05:30:00,2.9027938172282637,0.0
2046-08-16 06:00:00,2.9027938172282637,0.0
2046-08-16 06:30:00,2.9027938172282637,0.0
2046-08-16 07:00:00,2.9027938172282637,0.0
2046-08-16 07:30:00,2.9027938172282637,0.0
2046-08-16 08:00:00,2.9027938172282637,-0.014213486013661115
2046-08-16 08:30:00,2.909332020794547,-0.014213486013661115
2046-08-16 09:00:00,2.9158702243608308,-0.014213486013661115
2046-08-16 09:30:00,2.922408427927115,-0.014213486013661115
2046-08-16 10:00:00,2.9289466314933987,-0.014213486013661115
2046-08-16 10:30:00,2.935484835059683,-0.014213486013661115
2046-08-16 11:00:00,2.942023038625967,-0.014213486013661115
2046-08-16 11:30:00,2.9485612421922514,-0.014213486013661115
2046-08-16 12:00:00,2.9550994457585356,-0.014213486013661115
2046-08-16 12:30:00,2.9616376493248193,-0.014213486013661115
2046-08-16 13:00:00,2.9681758528911035,-0.014213486013661115
2046-08-16 13:30:00,2.9747140564573877,-0.014213486013661115
2046-08-16 14:00:00,2.981252260023672,-0.014213486013661115
2046-08-16 14:30:00,2.987790463589956,-0.014213486013661115
2046-08-16 15:00:00,2.9943286671562404,-0.014213486013661115
2046-08-16 15:30:00,3.0008668707225246,-0.014213486013661115
2046-08-16 16:00:00,3.0074050742888088,-0.014213486013661115
2046-08-16 16:30:00,3.013943277855093,-0.014213486013661115
2046-08-16 17:00:00,3.0204814814213767,0.0
2046-08-16 17:30:00,3.0204814814213767,0.0
2046-08-16 18:00:00,3.0204814814213767,0.0
2046-08-16 18:30:00,3.0204814814213767,0.0
2046-08-16 19:00:00,3.0204814814213767,0.0
2046-08-16 19:30:00,3.0204814814213767,0.0
2046-08-16 20:00:00,3.0204814814213767,0.0
2046-08-16 20:30:00,3.0204814814213767,0.0
2046-08-16 21:00:00,3.0204814814213767,0.0
2046-08-16 21:30:00,3.0204814814213767,0.0
2046-08-16 22:00:00,3.0204814814213767,0.0
2046-08-16 22:30:00,3.0204814814213767,0.0
2046-08-16 23:00:00,3.0204814814213767,0.0
2046-08-16 23:30:00,3.0204814814213767,0.0
2046-08-17 00:00:00,3.0204814814213767,0.0
2046-08-17 00:30:00,3.0204814814213767,0.0
2046-08-17 01:00:00,3.0204814814213767,0.0
2046-08-17 01:30:00,3.0204814814213767,0.0
2046-08-17 02:00:00,3.0204814814213767,0.0
2046-08-17 02:30:00,3.0204814814213767,0.0
2046-08-17 03:00:00,3.0204814814213767,0.0
2046-08-17 03:30:00,3.0204814814213767,0.0
2046-08-17 04:00:00,3.0204814814213767,0.0
2046-08-17 04:30:00,3.0204814814213767,0.0
2046-08-17 05:00:00,3.0204814814213767,0.0
2046-08-17 05:30:00,3.0204814814213767,0.0
2046-08-17 06:00:00,3.0204814814213767,0.0
2046-08-17 06:30:00,3.0204814814213767,0.0
2046-08-17 07:00:00,3.0204814814213767,0.0
2046-08-17 07:30:00,3.0204814814213767,0.0
2046-08-17 08:00:00,3.0204814814213767,0.0
2046-08-17 08:30:00,3.0204814814213767,0.0
2046-08-17 09:00:00,3.0204814814213767,0.0
2046-08-17 09:30:00,3.0204814814213767,0.0
2046-08-17 10:00:00,3.0204814814213767,0.0
2046-08-17 10:30:00,3.0204814814213767,0.0
2046-08-17 11:00:00,3.0204814814213767,0.0
2046-08-17 11:30:00,3.0204814814213767,0.0
2046-08-17 12:00:00,3.0204814814213767,0.0
2046-08-17 12:30:00,3.0204814814213767,0.0
2046-08-17 13:00:00,3.0204814814213767,0.0
2046-08-17 13:30:00,3.0204814814213767,0.0
2046-08-17 14:00:00,3.0204814814213767,0.0
2046-08-17 14:30:00,3.0204814814213767,0.0
2046-08-17 15:00:00,3.0204814814213767,0.0
2046-08-17 15:30:00,3.0204814814213767,0.0
2046-08-17 16:00:00,3.0204814814213767,0.0
2046-08-17 16:30:00,3.0204814814213767,0.0
2046-08-17 17:00:00,3.0204814814213767,0.0
2046-08-17 17:30:00,3.0204814814213767,0.0
2046-08-17 18:00:00,3.0204814814213767,0.0
2046-08-17 18:30:00,3.0204814814213767,0.0
2046-08-17 19:00:00,3.0204814814213767,0.0
2046-08-17 19:30:00,3.0204814814213767,0.0
2046-08-17 20:00:00,3.0204814814213767,0.0
2046-08-17 20:30:00,3.0204814814213767,0.0
2046-08-17 21:00:00,3.0204814814213767,0.0
2046-08-17 21:30:00,3.0204814814213767,0.0
2046-08-17 22:00:00,3.0204814814213767,0.0
2046-08-17 22:30:00,3.0204814814213767,0.0
2046-08-17 23:00:00,3.0204814814213767,0.0
2046-08-17 23:30:00,3.0204814814213767,0.0
2046-08-18 00:00:00,3.0204814814213767,0.0
2046-08-18 00:30:00,3.0204814814213767,0.0
2046-08-18 01:00:00,3.0204814814213767,0.0
2046-08-18 01:30:00,3.0204814814213767,0.0
2046-08-18 02:00:00,3.0204814814213767,0.0
2046-08-18 02:30:00,3.0204814814213767,0.0
2046-08-18 03:00:00,3.0204814814213767,0.0
2046-08-18 03:30:00,3.0204814814213767,0.0
2046-08-18 04:00:00,3.0204814814213767,0.0
2046-08-18 04:30:00,3.0204814814213767,0.0
2046-08-18 05:00:00,3.0204814814213767,0.0
2046-08-18 05:30:00,3.0204814814213767,0.0
2046-08-18 06:00:00,3.0204814814213767,0.0
2046-08-18 06:30:00,3.0204814814213767,0.0
2046-08-18 07:00:00,3.0204814814213767,0.0
2046-08-18 07:30:00,3.0204814814213767,0.0
2046-08-18 08:00:00,3.0204814814213767,0.0
2046-08-18 08:30:00,3.0204814814213767,0.0
2046-08-18 09:00:00,3.0204814814213767,0.0
2046-08-18 09:30:00,3.0204814814213767,0.0
2046-08-18 10:00:00,3.0204814814213767,0.0
2046-08-18 10:30:00,3.0204814814213767,0.0
2046-08-18 11:00:00,3.0204814814213767,0.0
2046-08-18 11:30:00,3.0204814814213767,0.0
2046-08-18 12:00:00,3.0204814814213767,0.0
2046-08-18 12:30:00,3.0204814814213767,0.0
2046-08-18 13:00:00,3.0204814814213767,0.0
2046-08-18 13:30:00,3.0204814814213767,0.0
2046-08-18 14:00:00,3.0204814814213767,0.012030294561953316
2046-08-18 14:30:00,3.0139432778550925,-0.014213486013661115
2046-08-18 15:00:00,3.0204814814213767,0.0
2046-08-18 15:30:00,3.0204814814213767,0.0
2046-08-18 16:00:00,3.0204814814213767,0.0
2046-08-18 16:30:00,3.0204814814213767,0.0
2046-08-18 17:00:00,3.0204814814213767,0.0
2046-08-18 17:30:00,3.0204814814213767,0.0
2046-08-18 18:00:00,3.0204814814213767,0.0
2046-08-18 18:30:00,3.0204814814213767,0.004325367437093086
2046-08-18 19:00:00,3.0181307382490417,0.0
2046-08-18 19:30:00,3.0181307382490417,0.014213486013661115
2046-08-18 20:00:00,3.010406017589437,0.014213486013661115
2046-08-18 20:30:00,3.0026812969298327,0.014213486013661115
2046-08-18 21:00:00,2.994956576270228,0.014213486013661115
2046-08-18 21:30:00,2.9872318556106237,0.0
2046-08-18 22:00:00,2.9872318556106237,0.014213486013661115
2046-08-18 22:30:00,2.979507134951019,0.0
2046-08-18 23:00:00,2.979507134951019,0.0
2046-08-18 23:30:00,2.979507134951019,0.014213486013661115
2046-08-19 00:00:00,2.9717824142914147,0.0
2046-08-19 00:30:00,2.9717824142914147,0.014213486013661115
2046-08-19 01:00:00,2.96405769363181,0.014213486013661115
2046-08-19 01:30:00,2.9563329729722057,0.0
2046-08-19 02:00:00,2.9563329729722057,0.0
2046-08-19 02:30:00,2.9563329729722057,0.0
2046-08-19 03:00:00,2.9563329729722057,0.0
2046-08-19 03:30:00,2.9563329729722057,0.014213486013661115
2046-08-19 04:00:00,2.948608252312601,0.014213486013661115
2046-08-19 04:30:00,2.9408835316529967,0.014213486013661115
2046-08-19 05:00:00,2.933158810993392,0.014213486013661115
2046-08-19 05:30:00,2.9254340903337877,0.014213486013661115
2046-08-19 06:00:00,2.917709369674183,0.014213486013661115
2046-08-19 06:30:00,2.9099846490145787,0.014213486013661115
2046-08-19 07:00:00,2.902259928354974,0.014213486013661115
2046-08-19 07:30:00,2.8945352076953696,0.0
2046-08-19 08:00:00,2.8945352076953696,0.0
2046-08-19 08:30:00,2.8945352076953696,0.0
2046-08-19 09:00:00,2.8945352076953696,0.0
2046-08-19 09:30:00,2.8945352076953696,0.0
2046-08-19 10:00:00,2.8945352076953696,0.0
2046-08-19 10:30:00,2.8945352076953696,0.0
2046-08-19 11:00:00,2.8945352076953696,0.0
2046-08-19 11:30:00,2.8945352076953696,0.0
2046-08-19 12:00:00,2.8945352076953696,0.0
2046-08-19 12:30:00,2.8945352076953696,0.0
2046-08-19 13:00:00,2.8945352076953696,0.0
2046-08-19 13:30:00,2.8945352076953696,0.0
2046-08-19 14:00:00,2.8945352076953696,0.0
2046-08-19 14:30:00,2.8945352076953696,0.0
2046-08-19 15:00:00,2.8945352076953696,0.0
2046-08-19 15:30:00,2.8945352076953696,0.0
2046-08-19 16:00:00,2.8945352076953696,0.0
2046-08-19 16:30:00,2.8945352076953696,0.0
2046-08-19 17:00:00,2.8945352076953696,0.0
2046-08-19 17:30:00,2.8945352076953696,0.014213486013661115
2046-08-19 18:00:00,2.886810487035765,0.014213486013661115
2046-08-19 18:30:00,2.8790857663761606,0.014213486013661115
2046-08-19 19:00:00,2.871361045716556,0.014213486013661115
2046-08-19 19:30:00,2.8636363250569516,0.014213486013661115
2046-08-19 20:00:00,2.855911604397347,0.014213486013661115
2046-08-19 20:30:00,2.8481868837377426,0.014213486013661115
2046-08-19 21:00:00,2.840462163078138,0.014213486013661115
2046-08-19 21:30:00,2.8327374424185336,0.014213486013661115
2046-08-19 22:00:00,2.825012721758929,0.014213486013661115
2046-08-19 22:30:00,2.8172880010993246,0.014213486013661115
2046-08-19 23:00:00,2.80956328043972,0.014213486013661115
2046-08-19 23:30:00,2.8018385597801156,0.014213486013661115
2046-08-20 00:00:00,2.794113839120511,0.014213486013661115
2046-08-20 00:30:00,2.7863891184609066,0.014213486013661115
2046-08-20 01:00:00,2.778664397801302,0.014213486013661115
2046-08-20 01:30:00,2.7709396771416976,0.014213486013661115
2046-08-20 02:00:00,2.763214956482093,0.0
2046-08-20 02:30:00,2.763214956482093,0.0
2046-08-20 03:00:00,2.763214956482093,0.0
2046-08-20 03:30:00,2.763214956482093,0.014213486013661115
2046-08-20 04:00:00,2.7554902358224886,0.0
2046-08-20 04:30:00,2.7554902358224886,0.014213486013661115
2046-08-20 05:00:00,2.747765515162884,0.0
2046-08-20 05:30:00,2.747765515162884,0.0
2046-08-20 06:00:00,2.747765515162884,0.0
2046-08-20 06:30:00,2.747765515162884,0.0
2046-08-20 07:00:00,2.747765515162884,0.0
2046-08-20 07:30:00,2.747765515162884,0.0
2046-08-20 08:00:00,2.747765515162884,0.0
2046-08-20 08:30:00,2.747765515162884,0.0
2046-08-20 09:00:00,2.747765515162884,0.0
2046-08-20 09:30:00,2.747765515162884,0.0
2046-08-20 10:00:00,2.747765515162884,0.0
2046-08-20 10:30:00,2.747765515162884,-0.014213486013661115
2046-08-20 11:00:00,2.7543037187291683,-0.014213486013661115
2046-08-20 11:30:00,2.7608419222954526,-0.014213486013661115
2046-08-20 12:00:00,2.7673801258617368,-0.014213486013661115
2046-08-20 12:30:00,2.773918329428021,-0.014213486013661115
2046-08-20 13:00:00,2.780456532994305,-0.014213486013661115
2046-08-20 13:30:00,2.7869947365605894,-0.014213486013661115
2046-08-20 14:00:00,2.7935329401268736,-0.014213486013661115
2046-08-20 14:30:00,2.800071143693158,-0.014213486013661115
2046-08-20 15:00:00,2.806609347259442,-0.014213486013661115
2046-08-20 15:30:00,2.813147550825726,-0.014213486013661115
2046-08-20 16:00:00,2.8196857543920104,-0.014213486013661115
2046-08-20 16:30:00,2.8262239579582946,-0.014213486013661115
2046-08-20 17:00:00,2.832762161524579,-0.014213486013661115
2046-08-20 17:30:00,2.839300365090863,-0.014213486013661115
2046-08-20 18:00:00,2.8458385686571472,0.0
2046-08-20 18:30:00,2.8458385686571472,0.0
2046-08-20 19:00:00,2.8458385686571472,0.0
2046-08-20 19:30:00,2.8458385686571472,0.0
2046-08-20 20:00:00,2.8458385686571472,0.0
2046-08-20 20:30:00,2.8458385686571472,-0.014213486013661115
2046-08-20 21:00:00,2.8523767722234314,-0.014213486013661115
2046-08-20 21:30:00,2.8589149757897157,-0.014213486013661115
2046-08-20 22:00:00,2.865453179356,-0.014213486013661115
2046-08-20 22:30:00,2.871991382922284,-0.014213486013661115
2046-08-20 23:00:00,2.8785295864885683,-0.014213486013661115
2046-08-20 23:30:00,2.8850677900548525,-0.014213486013661115
2046-08-21 00:00:00,2.8916059936211367,-0.014213486013661115
2046-08-21 00:30:00,2.898144197187421,0.0
2046-08-21 01:00:00,2.898144197187421,-0.014213486013661115
2046-08-21 01:30:00,2.904682400753705,0.0
2046-08-21 02:00:00,2.904682400753705,-0.014213486013661115
2046-08-21 02:30:00,2.9112206043199893,-0.014213486013661115
2046-08-21 03:00:00,2.9177588078862735,-0.014213486013661115
2046-08-21 03:30:00,2.9242970114525577,-0.014213486013661115
2046-08-21 04:00:00,2.930835215018842,-0.014213486013661115
2046-08-21 04:30:00,2.937373418585126,-0.014213486013661115
2046-08-21 05:00:00,2.9439116221514103,-0.014213486013661115
2046-08-21 05:30:00,2.9504498257176945,0.0
2046-08-21 06:00:00,2.9504498257176945,-0.014213486013661115
2046-08-21 06:30:00,2.9569880292839787,0.0
2046-08-21 07:00:00,2.9569880292839787,0.0
2046-08-21 07:30:00,2.9569880292839787,0.0
2046-08-21 08:00:00,2.9569880292839787,0.0
2046-08-21 08:30:00,2.9569880292839787,0.0
2046-08-21 09:00:00,2.9569880292839787,0.0
2046-08-21 09:30:00,2.9569880292839787,0.0
2046-08-21 10:00:00,2.9569880292839787,0.0
2046-08-21 10:30:00,2.9569880292839787,-0.010107869654000012
2046-08-21 11:00:00,2.961637649324819,-0.014213486013661115
2046-08-21 11:30:00,2.968175852891103,-0.014213486013661115
2046-08-21 12:00:00,2.9747140564573873,-0.014213486013661115
2046-08-21 12:30:00,2.9812522600236715,-0.014213486013661115
2046-08-21 13:00:00,2.9877904635899557,-0.014213486013661115
2046-08-21 13:30:00,2.99432866715624,-0.014213486013661115
2046-08-21 14:00:00,3.000866870722524,-0.014213486013661115
2046-08-21 14:30:00,3.0074050742888083,-0.014213486013661115
2046-08-21 15:00:00,3.0139432778550925,-0.014213486013661115
2046-08-21 15:30:00,3.0204814814213767,0.0
2046-08-21 16:00:00,3.0204814814213767,0.0
2046-08-21 16:30:00,3.0204814814213767,0.0
2046-08-21 17:00:00,3.0204814814213767,0.0
2046-08-21 17:30:00,3.0204814814213767,0.0
2046-08-21 18:00:00,3.0204814814213767,0.0
2046-08-21 18:30:00,3.0204814814213767,0.0
2046-08-21 19:00:00,3.0204814814213767,0.014213486013661115
2046-08-21 19:30:00,3.0127567607617722,0.0
2046-08-21 20:00:00,3.0127567607617722,0.014213486013661115
2046-08-21 20:30:00,3.0050320401021677,0.0
2046-08-21 21:00:00,3.0050320401021677,0.0
2046-08-21 21:30:00,3.0050320401021677,0.014213486013661115
2046-08-21 22:00:00,2.9973073194425632,0.0
2046-08-21 22:30:00,2.9973073194425632,0.0
2046-08-21 23:00:00,2.9973073194425632,0.0
2046-08-21 23:30:00,2.9973073194425632,0.0
2046-08-22 00:00:00,2.9973073194425632,0.014213486013661115
2046-08-22 00:30:00,2.9895825987829587,0.0
2046-08-22 01:00:00,2.9895825987829587,0.0
2046-08-22 01:30:00,2.9895825987829587,0.014213486013661115
2046-08-22 02:00:00,2.9818578781233542,0.0
2046-08-22 02:30:00,2.9818578781233542,0.0
2046-08-22 03:00:00,2.9818578781233542,0.0
2046-08-22 03:30:00,2.9818578781233542,0.014213486013661115
2046-08-22 04:00:00,2.9741331574637497,0.014213486013661115
2046-08-22 04:30:00,2.9664084368041452,0.0
2046-08-22 05:00:00,2.9664084368041452,0.004657818058434127
2046-08-22 05:30:00,2.9638770139462984,0.0
2046-08-22 06:00:00,2.9638770139462984,0.0
2046-08-22 06:30:00,2.9638770139462984,0.0
2046-08-22 07:00:00,2.9638770139462984,0.0
2046-08-22 07:30:00,2.9638770139462984,0.0
2046-08-22 08:00:00,2.9638770139462984,0.0
2046-08-22 08:30:00,2.9638770139462984,0.0
2046-08-22 09:00:00,2.9638770139462984,0.0
2046-08-22 09:30:00,2.9638770139462984,-0.014213486013661115
2046-08-22 10:00:00,2.9704152175125826,0.0
2046-08-22 10:30:00,2.9704152175125826,-0.014213486013661115
2046-08-22 11:00:00,2.976953421078867,0.0
2046-08-22 11:30:00,2.976953421078867,-0.009345302053923152
2046-08-22 12:00:00,2.9812522600236715,-0.014213486013661115
2046-08-22 12:30:00,2.9877904635899557,-0.014213486013661115
2046-08-22 13:00:00,2.99432866715624,-0.014213486013661115
2046-08-22 13:30:00,3.000866870722524,-0.014213486013661115
2046-08-22 14:00:00,3.0074050742888083,-0.014213486013661115
2046-08-22 14:30:00,3.0139432778550925,-0.014213486013661115
2046-08-22 15:00:00,3.0204814814213767,0.0
2046-08-22 15:30:00,3.0204814814213767,0.0
2046-08-22 16:00:00,3.0204814814213767,0.0
2046-08-22 16:30:00,3.0204814814213767,0.0
2046-08-22 17:00:00,3.0204814814213767,0.0
2046-08-22 17:30:00,3.0204814814213767,0.0
2046-08-22 18:00:00,3.0204814814213767,0.0
2046-08-22 18:30:00,3.0204814814213767,0.0
2046-08-22 19:00:00,3.0204814814213767,0.0
2046-08-22 19:30:00,3.0204814814213767,0.0
2046-08-22 20:00:00,3.0204814814213767,0.0
2046-08-22 20:30:00,3.0204814814213767,0.0
2046-08-22 21:00:00,3.0204814814213767,0.0
2046-08-22 21:30:00,3.0204814814213767,0.0
2046-08-22 22:00:00,3.0204814814213767,0.0
2046-08-22 22:30:00,3.0204814814213767,0.0
2046-08-22 23:00:00,3.0204814814213767,0.0
2046-08-22 23:30:00,3.0204814814213767,0.0
2046-08-23 00:00:00,3.0204814814213767,0.0
2046-08-23 00:30:00,3.0204814814213767,0.0
2046-08-23 01:00:00,3.0204814814213767,0.0
2046-08-23 01:30:00,3.0204814814213767,0.0
2046-08-23 02:00:00,3.0204814814213767,-0.0021831914517079706
2046-08-23 02:30:00,3.0204814814213767,0.0
2046-08-23 03:00:00,3.0204814814213767,0.0
2046-08-23 03:30:00,3.0204814814213767,0.0
2046-08-23 04:00:00,3.0204814814213767,0.0
2046-08-23 04:30:00,3.0204814814213767,0.0
2046-08-23 05:00:00,3.0204814814213767,0.0
2046-08-23 05:30:00,3.0204814814213767,0.0
2046-08-23 06:00:00,3.0204814814213767,0.0
2046-08-23 06:30:00,3.0204814814213767,0.0
2046-08-23 07:00:00,3.0204814814213767,0.0
2046-08-23 07:30:00,3.0204814814213767,0.0
2046-08-23 08:00:00,3.0204814814213767,0.0
2046-08-23 08:30:00,3.0204814814213767,0.0
2046-08-23 09:00:00,3.0204814814213767,0.0
2046-08-23 09:30:00,3.0204814814213767,0.0
2046-08-23 10:00:00,3.0204814814213767,0.0
2046-08-23 10:30:00,3.0204814814213767,0.0
2046-08-23 11:00:00,3.0204814814213767,0.0
2046-08-23 11:30:00,3.0204814814213767,0.0
2046-08-23 12:00:00,3.0204814814213767,0.0
2046-08-23 12:30:00,3.0204814814213767,0.0
2046-08-23 13:00:00,3.0204814814213767,0.0
2046-08-23 13:30:00,3.0204814814213767,0.0
2046-08-23 14:00:00,3.0204814814213767,0.0
2046-08-23 14:30:00,3.0204814814213767,0.0
2046-08-23 15:00:00,3.0204814814213767,0.0
2046-08-23 15:30:00,3.0204814814213767,0.0
2046-08-23 16:00:00,3.0204814814213767,0.0
2046-08-23 16:30:00,3.0204814814213767,0.0
2046-08-23 17:00:00,3.0204814814213767,0.0
2046-08-23 17:30:00,3.0204814814213767,0.0
2046-08-23 18:00:00,3.0204814814213767,0.0
2046-08-23 18:30:00,3.0204814814213767,0.0
2046-08-23 19:00:00,3.0204814814213767,0.0
2046-08-23 19:30:00,3.0204814814213767,0.0
2046-08-23 20:00:00,3.0204814814213767,0.0
2046-08-23 20:30:00,3.0204814814213767,0.0
2046-08-23 21:00:00,3.0204814814213767,0.0
2046-08-23 21:30:00,3.0204814814213767,0.0
2046-08-23 22:00:00,3.0204814814213767,0.0
2046-08-23 22:30:00,3.0204814814213767,0.0
2046-08-23 23:00:00,3.0204814814213767,0.0
2046-08-23 23:30:00,3.0204814814213767,0.0
2046-08-24 00:00:00,3.0204814814213767,0.0
2046-08-24 00:30:00,3.0204814814213767,0.0
2046-08-24 01:00:00,3.0204814814213767,0.0
2046-08-24 01:30:00,3.0204814814213767,0.0
2046-08-24 02:00:00,3.0204814814213767,0.0
2046-08-24 02:30:00,3.0204814814213767,0.0
2046-08-24 03:00:00,3.0204814814213767,0.0
2046-08-24 03:30:00,3.0204814814213767,0.0
2046-08-24 04:00:00,3.0204814814213767,0.0
2046-08-24 04:30:00,3.0204814814213767,0.0
2046-08-24 05:00:00,3.0204814814213767,0.0
2046-08-24 05:30:00,3.0204814814213767,0.0
2046-08-24 06:00:00,3.0204814814213767,0.0
2046-08-24 06:30:00,3.0204814814213767,0.0
2046-08-24 07:00:00,3.0204814814213767,0.0
2046-08-24 07:30:00,3.0204814814213767,0.0
2046-08-24 08:00:00,3.0204814814213767,0.0
2046-08-24 08:30:00,3.0204814814213767,0.0
2046-08-24 09:00:00,3.0204814814213767,0.0
2046-08-24 09:30:00,3.0204814814213767,0.0
2046-08-24 10:00:00,3.0204814814213767,0.0
2046-08-24 10:30:00,3.0204814814213767,0.0
2046-08-24 11:00:00,3.0204814814213767,0.0
2046-08-24 11:30:00,3.0204814814213767,0.0
2046-08-24 12:00:00,3.0204814814213767,0.0
2046-08-24 12:30:00,3.0204814814213767,0.0
2046-08-24 13:00:00,3.0204814814213767,0.0
2046-08-24 13:30:00,3.0204814814213767,0.0
2046-08-24 14:00:00,3.0204814814213767,0.0
2046-08-24 14:30:00,3.0204814814213767,0.0
2046-08-24 15:00:00,3.0204814814213767,0.0
2046-08-24 15:30:00,3.0204814814213767,0.0
2046-08-24 16:00:00,3.0204814814213767,0.0
2046-08-24 16:30:00,3.0204814814213767,0.0
2046-08-24 17:00:00,3.0204814814213767,0.0
2046-08-24 17:30:00,3.0204814814213767,0.0
2046-08-24 18:00:00,3.0204814814213767,0.0
2046-08-24 18:30:00,3.0204814814213767,0.0
2046-08-24 19:00:00,3.0204814814213767,0.0
2046-08-24 19:30:00,3.0204814814213767,0.0
2046-08-24 20:00:00,3.0204814814213767,0.0
2046-08-24 20:30:00,3.0204814814213767,0.0
2046-08-24 21:00:00,3.0204814814213767,0.0
2046-08-24 21:30:00,3.0204814814213767,0.0
2046-08-24 22:00:00,3.0204814814213767,0.0
2046-08-24 22:30:00,3.0204814814213767,0.0
2046-08-24 23:00:00,3.0204814814213767,0.0
2046-08-24 23:30:00,3.0204814814213767,0.0
2046-08-25 00:00:00,3.0204814814213767,0.0
2046-08-25 00:30:00,3.0204814814213767,0.014213486013661115
2046-08-25 01:00:00,3.0127567607617722,0.0
2046-08-25 01:30:00,3.0127567607617722,0.0
2046-08-25 02:00:00,3.0127567607617722,0.0
2046-08-25 02:30:00,3.0127567607617722,0.0
2046-08-25 03:00:00,3.0127567607617722,0.0
2046-08-25 03:30:00,3.0127567607617722,0.0
2046-08-25 04:00:00,3.0127567607617722,0.0
2046-08-25 04:30:00,3.0127567607617722,0.0
2046-08-25 05:00:00,3.0127567607617722,0.014213486013661115
2046-08-25 05:30:00,3.0050320401021677,0.0
2046-08-25 06:00:00,3.0050320401021677,0.0
2046-08-25 06:30:00,3.0050320401021677,0.0
2046-08-25 07:00:00,3.0050320401021677,0.014213486013661115
2046-08-25 07:30:00,2.9973073194425632,0.0
2046-08-25 08:00:00,2.9973073194425632,0.0
2046-08-25 08:30:00,2.9973073194425632,0.0
2046-08-25 09:00:00,2.9973073194425632,0.0
2046-08-25 09:30:00,2.9973073194425632,-0.014213486013661115
2046-08-25 10:00:00,3.0038455230088474,0.0
2046-08-25 10:30:00,3.0038455230088474,-0.014213486013661115
2046-08-25 11:00:00,3.0103837265751316,0.0
2046-08-25 11:30:00,3.0103837265751316,-0.014213486013661115
2046-08-25 12:00:00,3.016921930141416,-0.0077381549564366995
2046-08-25 12:30:00,3.0204814814213767,0.0
2046-08-25 13:00:00,3.0204814814213767,0.0
2046-08-25 13:30:00,3.0204814814213767,0.0
2046-08-25 14:00:00,3.0204814814213767,0.0
2046-08-25 14:30:00,3.0204814814213767,0.0
2046-08-25 15:00:00,3.0204814814213767,0.0
2046-08-25 15:30:00,3.0204814814213767,0.0
2046-08-25 16:00:00,3.0204814814213767,0.0
2046-08-25 16:30:00,3.0204814814213767,0.0
2046-08-25 17:00:00,3.0204814814213767,0.0
2046-08-25 17:30:00,3.0204814814213767,0.0
2046-08-25 18:00:00,3.0204814814213767,0.0
2046-08-25 18:30:00,3.0204814814213767,0.0
2046-08-25 19:00:00,3.0204814814213767,0.0
2046-08-25 19:30:00,3.0204814814213767,0.0
2046-08-25 20:00:00,3.0204814814213767,0.0
2046-08-25 20:30:00,3.0204814814213767,0.0
2046-08-25 21:00:00,3.0204814814213767,0.0
2046-08-25 21:30:00,3.0204814814213767,0.0
2046-08-25 22:00:00,3.0204814814213767,0.0
2046-08-25 22:30:00,3.0204814814213767,0.0
2046-08-25 23:00:00,3.0204814814213767,0.0
2046-08-25 23:30:00,3.0204814814213767,0.0
2046-08-26 00:00:00,3.0204814814213767,0.0
2046-08-26 00:30:00,3.0204814814213767,0.0
2046-08-26 01:00:00,3.0204814814213767,0.0
2046-08-26 01:30:00,3.0204814814213767,0.0
2046-08-26 02:00:00,3.0204814814213767,0.0
2046-08-26 02:30:00,3.0204814814213767,0.0
2046-08-26 03:00:00,3.0204814814213767,0.0
2046-08-26 03:30:00,3.0204814814213767,0.014213486013661115
2046-08-26 04:00:00,3.0127567607617722,0.0
2046-08-26 04:30:00,3.0127567607617722,0.0
2046-08-26 05:00:00,3.0127567607617722,0.0
2046-08-26 05:30:00,3.0127567607617722,0.014213486013661115
2046-08-26 06:00:00,3.0050320401021677,0.0
2046-08-26 06:30:00,3.0050320401021677,0.014213486013661115
2046-08-26 07:00:00,2.9973073194425632,0.0
2046-08-26 07:30:00,2.9973073194425632,0.014213486013661115
2046-08-26 08:00:00,2.9895825987829587,0.0
2046-08-26 08:30:00,2.9895825987829587,0.0
2046-08-26 09:00:00,2.9895825987829587,0.0
2046-08-26 09:30:00,2.9895825987829587,0.0
2046-08-26 10:00:00,2.9895825987829587,0.0
2046-08-26 10:30:00,2.9895825987829587,0.0
2046-08-26 11:00:00,2.9895825987829587,0.0
2046-08-26 11:30:00,2.9895825987829587,-0.014213486013661115
2046-08-26 12:00:00,2.996120802349243,-0.014213486013661115
2046-08-26 12:30:00,3.002659005915527,-0.0103175399419156
2046-08-26 13:00:00,3.0074050742888083,0.0
2046-08-26 13:30:00,3.0074050742888083,-0.014213486013661115
2046-08-26 14:00:00,3.0139432778550925,0.0
2046-08-26 14:30:00,3.0139432778550925,-0.014213486013661115
2046-08-26 15:00:00,3.0204814814213767,0.0
2046-08-26 15:30:00,3.0204814814213767,0.0
2046-08-26 16:00:00,3.0204814814213767,0.0
2046-08-26 16:30:00,3.0204814814213767,0.0
2046-08-26 17:00:00,3.0204814814213767,0.0
2046-08-26 17:30:00,3.0204814814213767,0.0
2046-08-26 18:00:00,3.0204814814213767,0.0
2046-08-26 18:30:00,3.0204814814213767,0.014213486013661115
2046-08-26 19:00:00,3.0127567607617722,0.0
2046-08-26 19:30:00,3.0127567607617722,0.0
2046-08-26 20:00:00,3.0127567607617722,0.014213486013661115
2046-08-26 20:30:00,3.0050320401021677,0.0
2046-08-26 21:00:00,3.0050320401021677,0.0
2046-08-26 21:30:00,3.0050320401021677,0.014213486013661115
2046-08-26 22:00:00,2.9973073194425632,0.0
2046-08-26 22:30:00,2.9973073194425632,0.014213486013661115
2046-08-26 23:00:00,2.9895825987829587,0.01207577771707641
2046-08-26 23:30:00,2.9830196761106293,0.0
2046-08-27 00:00:00,2.9830196761106293,0.0
2046-08-27 00:30:00,2.9830196761106293,0.014213486013661115
2046-08-27 01:00:00,2.975294955451025,0.014213486013661115
2046-08-27 01:30:00,2.9675702347914203,0.014213486013661115
2046-08-27 02:00:00,2.959845514131816,0.014213486013661115
2046-08-27 02:30:00,2.9521207934722113,0.0
2046-08-27 03:00:00,2.9521207934722113,0.014213486013661115
2046-08-27 03:30:00,2.944396072812607,0.0
2046-08-27 04:00:00,2.944396072812607,0.0
2046-08-27 04:30:00,2.944396072812607,0.0
2046-08-27 05:00:00,2.944396072812607,0.0
2046-08-27 05:30:00,2.944396072812607,0.0
2046-08-27 06:00:00,2.944396072812607,0.014213486013661115
2046-08-27 06:30:00,2.9366713521530023,0.0
2046-08-27 07:00:00,2.9366713521530023,0.014213486013661115
2046-08-27 07:30:00,2.928946631493398,0.0
2046-08-27 08:00:00,2.928946631493398,-0.014213486013661115
2046-08-27 08:30:00,2.935484835059682,-0.014213486013661115
2046-08-27 09:00:00,2.9420230386259663,-0.014213486013661115
2046-08-27 09:30:00,2.9485612421922505,-0.014213486013661115
2046-08-27 10:00:00,2.9550994457585347,-0.014213486013661115
2046-08-27 10:30:00,2.961637649324819,-0.014213486013661115
2046-08-27 11:00:00,2.968175852891103,-0.014213486013661115
2046-08-27 11:30:00,2.9747140564573873,-0.014213486013661115
2046-08-27 12:00:00,2.9812522600236715,-0.014213486013661115
2046-08-27 12:30:00,2.9877904635899557,-0.014213486013661115
2046-08-27 13:00:00,2.99432866715624,-0.014213486013661115
2046-08-27 13:30:00,3.000866870722524,-0.014213486013661115
2046-08-27 14:00:00,3.0074050742888083,-0.014213486013661115
2046-08-27 14:30:00,3.0139432778550925,-0.014213486013661115
2046-08-27 15:00:00,3.0204814814213767,0.0
2046-08-27 15:30:00,3.0204814814213767,0.0
2046-08-27 16:00:00,3.0204814814213767,0.0
2046-08-27 16:30:00,3.0204814814213767,0.0
2046-08-27 17:00:00,3.0204814814213767,0.0
2046-08-27 17:30:00,3.0204814814213767,0.0
2046-08-27 18:00:00,3.0204814814213767,0.0
2046-08-27 18:30:00,3.0204814814213767,0.0
2046-08-27 19:00:00,3.0204814814213767,0.0
2046-08-27 19:30:00,3.0204814814213767,0.0
2046-08-27 20:00:00,3.0204814814213767,0.0
2046-08-27 20:30:00,3.0204814814213767,0.0
2046-08-27 21:00:00,3.0204814814213767,0.0
2046-08-27 21:30:00,3.0204814814213767,0.0
2046-08-27 22:00:00,3.0204814814213767,0.0
2046-08-27 22:30:00,3.0204814814213767,0.0
2046-08-27 23:00:00,3.0204814814213767,0.0
2046-08-27 23:30:00,3.0204814814213767,0.0
2046-08-28 00:00:00,3.0204814814213767,0.0
2046-08-28 00:30:00,3.0204814814213767,0.0
2046-08-28 01:00:00,3.0204814814213767,0.0
2046-08-28 01:30:00,3.0204814814213767,0.0
2046-08-28 02:00:00,3.0204814814213767,0.0
2046-08-28 02:30:00,3.0204814814213767,0.0
2046-08-28 03:00:00,3.0204814814213767,0.0
2046-08-28 03:30:00,3.0204814814213767,0.0
2046-08-28 04:00:00,3.0204814814213767,0.0
2046-08-28 04:30:00,3.0204814814213767,0.0
2046-08-28 05:00:00,3.0204814814213767,0.0
2046-08-28 05:30:00,3.0204814814213767,0.0
2046-08-28 06:00:00,3.0204814814213767,0.0
2046-08-28 06:30:00,3.0204814814213767,0.0
2046-08-28 07:00:00,3.0204814814213767,0.0
2046-08-28 07:30:00,3.0204814814213767,0.0
2046-08-28 08:00:00,3.0204814814213767,0.0
2046-08-28 08:30:00,3.0204814814213767,0.0
2046-08-28 09:00:00,3.0204814814213767,0.0
2046-08-28 09:30:00,3.0204814814213767,0.0
2046-08-28 10:00:00,3.0204814814213767,0.0
2046-08-28 10:30:00,3.0204814814213767,0.0
2046-08-28 11:00:00,3.0204814814213767,0.0
2046-08-28 11:30:00,3.0204814814213767,0.0
2046-08-28 12:00:00,3.0204814814213767,0.0
2046-08-28 12:30:00,3.0204814814213767,0.0
2046-08-28 13:00:00,3.0204814814213767,0.0
2046-08-28 13:30:00,3.0204814814213767,0.0
2046-08-28 14:00:00,3.0204814814213767,0.0
2046-08-28 14:30:00,3.0204814814213767,0.0
2046-08-28 15:00:00,3.0204814814213767,0.0
2046-08-28 15:30:00,3.0204814814213767,0.0
2046-08-28 16:00:00,3.0204814814213767,0.0
2046-08-28 16:30:00,3.0204814814213767,0.0
2046-08-28 17:00:00,3.0204814814213767,0.0
2046-08-28 17:30:00,3.0204814814213767,0.0
2046-08-28 18:00:00,3.0204814814213767,0.0
2046-08-28 18:30:00,3.0204814814213767,0.0
2046-08-28 19:00:00,3.0204814814213767,0.0
2046-08-28 19:30:00,3.0204814814213767,0.0
2046-08-28 20:00:00,3.0204814814213767,0.0
2046-08-28 20:30:00,3.0204814814213767,0.0
2046-08-28 21:00:00,3.0204814814213767,0.0
2046-08-28 21:30:00,3.0204814814213767,0.0
2046-08-28 22:00:00,3.0204814814213767,0.0
2046-08-28 22:30:00,3.0204814814213767,0.0
2046-08-28 23:00:00,3.0204814814213767,0.0
2046-08-28 23:30:00,3.0204814814213767,0.0
2046-08-29 00:00:00,3.0204814814213767,0.0
2046-08-29 00:30:00,3.0204814814213767,0.0
2046-08-29 01:00:00,3.0204814814213767,0.0
2046-08-29 01:30:00,3.0204814814213767,0.0
2046-08-29 02:00:00,3.0204814814213767,0.0
2046-08-29 02:30:00,3.0204814814213767,0.0
2046-08-29 03:00:00,3.0204814814213767,0.0
2046-08-29 03:30:00,3.0204814814213767,0.0
2046-08-29 04:00:00,3.0204814814213767,0.0
2046-08-29 04:30:00,3.0204814814213767,0.0
2046-08-29 05:00:00,3.0204814814213767,0.0
2046-08-29 05:30:00,3.0204814814213767,0.0
2046-08-29 06:00:00,3.0204814814213767,0.0
2046-08-29 06:30:00,3.0204814814213767,0.0
2046-08-29 07:00:00,3.0204814814213767,0.0
2046-08-29 07:30:00,3.0204814814213767,0.0
2046-08-29 08:00:00,3.0204814814213767,0.0
2046-08-29 08:30:00,3.0204814814213767,0.0
2046-08-29 09:00:00,3.0204814814213767,0.0
2046-08-29 09:30:00,3.0204814814213767,0.0
2046-08-29 10:00:00,3.0204814814213767,0.0
2046-08-29 10:30:00,3.0204814814213767,0.0
2046-08-29 11:00:00,3.0204814814213767,0.0
2046-08-29 11:30:00,3.0204814814213767,0.0
2046-08-29 12:00:00,3.0204814814213767,0.0
2046-08-29 12:30:00,3.0204814814213767,0.0
2046-08-29 13:00:00,3.0204814814213767,0.0
2046-08-29 13:30:00,3.0204814814213767,0.0
2046-08-29 14:00:00,3.0204814814213767,0.0
2046-08-29 14:30:00,3.0204814814213767,0.0
2046-08-29 15:00:00,3.0204814814213767,0.0
2046-08-29 15:30:00,3.0204814814213767,0.0
2046-08-29 16:00:00,3.0204814814213767,0.0
2046-08-29 16:30:00,3.0204814814213767,0.0
2046-08-29 17:00:00,3.0204814814213767,0.0
2046-08-29 17:30:00,3.0204814814213767,0.0
2046-08-29 18:00:00,3.0204814814213767,0.0
2046-08-29 18:30:00,3.0204814814213767,0.0
2046-08-29 19:00:00,3.0204814814213767,0.0
2046-08-29 19:30:00,3.0204814814213767,0.0
2046-08-29 20:00:00,3.0204814814213767,0.0
2046-08-29 20:30:00,3.0204814814213767,0.0
2046-08-29 21:00:00,3.0204814814213767,0.0
2046-08-29 21:30:00,3.0204814814213767,0.0
2046-08-29 22:00:00,3.0204814814213767,0.0
2046-08-29 22:30:00,3.0204814814213767,0.0
2046-08-29 23:00:00,3.0204814814213767,0.0
2046-08-29 23:30:00,3.0204814814213767,0.0
2046-08-30 00:00:00,3.0204814814213767,0.0
2046-08-30 00:30:00,3.0204814814213767,0.0
2046-08-30 01:00:00,3.0204814814213767,0.0
2046-08-30 01:30:00,3.0204814814213767,-0.002183191451707799
2046-08-30 02:00:00,3.0204814814213767,0.0
2046-08-30 02:30:00,3.0204814814213767,0.0
2046-08-30 03:00:00,3.0204814814213767,0.0
2046-08-30 03:30:00,3.0204814814213767,0.0
2046-08-30 04:00:00,3.0204814814213767,0.0
2046-08-30 04:30:00,3.0204814814213767,0.0
2046-08-30 05:00:00,3.0204814814213767,0.0
2046-08-30 05:30:00,3.0204814814213767,0.0
2046-08-30 06:00:00,3.0204814814213767,0.0
2046-08-30 06:30:00,3.0204814814213767,0.0
2046-08-30 07:00:00,3.0204814814213767,0.0
2046-08-30 07:30:00,3.0204814814213767,0.0
2046-08-30 08:00:00,3.0204814814213767,0.0
2046-08-30 08:30:00,3.0204814814213767,0.0
2046-08-30 09:00:00,3.0204814814213767,0.0
2046-08-30 09:30:00,3.0204814814213767,0.0
2046-08-30 10:00:00,3.0204814814213767,0.0
2046-08-30 10:30:00,3.0204814814213767,0.0
2046-08-30 11:00:00,3.0204814814213767,0.0
2046-08-30 11:30:00,3.0204814814213767,0.0
2046-08-30 12:00:00,3.0204814814213767,0.0
2046-08-30 12:30:00,3.0204814814213767,0.0
2046-08-30 13:00:00,3.0204814814213767,0.0
2046-08-30 13:30:00,3.0204814814213767,0.0
2046-08-30 14:00:00,3.0204814814213767,0.0
2046-08-30 14:30:00,3.0204814814213767,0.0
2046-08-30 15:00:00,3.0204814814213767,0.0
2046-08-30 15:30:00,3.0204814814213767,0.0
2046-08-30 16:00:00,3.0204814814213767,0.0
2046-08-30 16:30:00,3.0204814814213767,0.0
2046-08-30 17:00:00,3.0204814814213767,0.0
2046-08-30 17:30:00,3.0204814814213767,-0.002183191451707799
2046-08-30 18:00:00,3.0204814814213767,0.0
2046-08-30 18:30:00,3.0204814814213767,0.0
2046-08-30 19:00:00,3.0204814814213767,0.0
2046-08-30 19:30:00,3.0204814814213767,0.0
2046-08-30 20:00:00,3.0204814814213767,0.0
2046-08-30 20:30:00,3.0204814814213767,0.0
2046-08-30 21:00:00,3.0204814814213767,0.0
2046-08-30 21:30:00,3.0204814814213767,0.0
2046-08-30 22:00:00,3.0204814814213767,0.0
2046-08-30 22:30:00,3.0204814814213767,0.0
2046-08-30 23:00:00,3.0204814814213767,0.0
2046-08-30 23:30:00,3.0204814814213767,0.0
2046-08-31 00:00:00,3.0204814814213767,0.0
2046-08-31 00:30:00,3.0204814814213767,0.0
2046-08-31 01:00:00,3.0204814814213767,0.0
2046-08-31 01:30:00,3.0204814814213767,0.0
2046-08-31 02:00:00,3.0204814814213767,0.0
2046-08-31 02:30:00,3.0204814814213767,0.0
2046-08-31 03:00:00,3.0204814814213767,0.0
2046-08-31 03:30:00,3.0204814814213767,0.0
2046-08-31 04:00:00,3.0204814814213767,0.0
2046-08-31 04:30:00,3.0204814814213767,0.0
2046-08-31 05:00:00,3.0204814814213767,0.0
2046-08-31 05:30:00,3.0204814814213767,0.0
2046-08-31 06:00:00,3.0204814814213767,0.0
2046-08-31 06:30:00,3.0204814814213767,0.0
2046-08-31 07:00:00,3.0204814814213767,0.0
2046-08-31 07:30:00,3.0204814814213767,0.0
2046-08-31 08:00:00,3.0204814814213767,0.008627577059420856
2046-08-31 08:30:00,3.0157925808456008,0.0
2046-08-31 09:00:00,3.0157925808456008,0.0
2046-08-31 09:30:00,3.0157925808456008,0.001752421354903156
2046-08-31 10:00:00,3.0148401779353264,-0.004655315926579083
2046-08-31 10:30:00,3.016981623261553,-0.007608387303964756
2046-08-31 11:00:00,3.0204814814213767,0.0
2046-08-31 11:30:00,3.0204814814213767,0.0
2046-08-31 12:00:00,3.0204814814213767,0.0
2046-08-31 12:30:00,3.0204814814213767,0.0
2046-08-31 13:00:00,3.0204814814213767,0.0
2046-08-31 13:30:00,3.0204814814213767,0.0
2046-08-31 14:00:00,3.0204814814213767,0.0
2046-08-31 14:30:00,3.0204814814213767,0.0
2046-08-31 15:00:00,3.0204814814213767,0.0
2046-08-31 15:30:00,3.0204814814213767,0.0
2046-08-31 16:00:00,3.0204814814213767,0.0
2046-08-31 16:30:00,3.0204814814213767,0.0
2046-08-31 17:00:00,3.0204814814213767,0.002683253112000017
2046-08-31 17:30:00,3.019023191686593,0.0
2046-08-31 18:00:00,3.019023191686593,0.0
2046-08-31 18:30:00,3.019023191686593,0.0
2046-08-31 19:00:00,3.019023191686593,0.014213486013661115
2046-08-31 19:30:00,3.0112984710269886,0.014213486013661115
2046-08-31 20:00:00,3.003573750367384,0.0
2046-08-31 20:30:00,3.003573750367384,0.005026141701661396
2046-08-31 21:00:00,3.000842151616479,0.014213486013661115
2046-08-31 21:30:00,2.9931174309568744,0.0
2046-08-31 22:00:00,2.9931174309568744,0.014213486013661115
2046-08-31 22:30:00,2.98539271029727,0.014213486013661115
2046-08-31 23:00:00,2.9776679896376654,0.0
2046-08-31 23:30:00,2.9776679896376654,0.0
2046-09-01 00:00:00,2.9776679896376654,0.0
2046-09-01 00:30:00,2.9776679896376654,0.0
2046-09-01 01:00:00,2.9776679896376654,0.0
2046-09-01 01:30:00,2.9776679896376654,0.014213486013661115
2046-09-01 02:00:00,2.969943268978061,0.0
2046-09-01 02:30:00,2.969943268978061,0.014213486013661115
2046-09-01 03:00:00,2.9622185483184564,0.014213486013661115
2046-09-01 03:30:00,2.954493827658852,0.0
2046-09-01 04:00:00,2.954493827658852,0.014213486013661115
2046-09-01 04:30:00,2.9467691069992474,0.014213486013661115
2046-09-01 05:00:00,2.939044386339643,0.0
2046-09-01 05:30:00,2.939044386339643,0.014213486013661115
2046-09-01 06:00:00,2.9313196656800384,0.014213486013661115
2046-09-01 06:30:00,2.923594945020434,0.0
2046-09-01 07:00:00,2.923594945020434,0.014213486013661115
2046-09-01 07:30:00,2.9158702243608294,0.0
2046-09-01 08:00:00,2.9158702243608294,0.0
2046-09-01 08:30:00,2.9158702243608294,0.0
2046-09-01 09:00:00,2.9158702243608294,-0.014213486013661115
2046-09-01 09:30:00,2.9224084279271136,-0.014213486013661115
2046-09-01 10:00:00,2.928946631493398,-0.014213486013661115
2046-09-01 10:30:00,2.935484835059682,-0.014213486013661115
2046-09-01 11:00:00,2.9420230386259663,-0.014213486013661115
2046-09-01 11:30:00,2.9485612421922505,-0.014213486013661115
2046-09-01 12:00:00,2.9550994457585347,-0.014213486013661115
2046-09-01 12:30:00,2.961637649324819,-0.014213486013661115
2046-09-01 13:00:00,2.968175852891103,-0.014213486013661115
2046-09-01 13:30:00,2.9747140564573873,-0.014213486013661115
2046-09-01 14:00:00,2.9812522600236715,-0.014213486013661115
2046-09-01 14:30:00,2.9877904635899557,-0.014213486013661115
2046-09-01 15:00:00,2.99432866715624,-0.014213486013661115
2046-09-01 15:30:00,3.000866870722524,-0.014213486013661115
2046-09-01 16:00:00,3.0074050742888083,-0.014213486013661115
2046-09-01 16:30:00,3.0139432778550925,-0.014213486013661115
2046-09-01 17:00:00,3.0204814814213767,0.0
2046-09-01 17:30:00,3.0204814814213767,0.0
2046-09-01 18:00:00,3.0204814814213767,0.0
2046-09-01 18:30:00,3.0204814814213767,0.0
2046-09-01 19:00:00,3.0204814814213767,0.0
2046-09-01 19:30:00,3.0204814814213767,0.0
2046-09-01 20:00:00,3.0204814814213767,0.0
2046-09-01 20:30:00,3.0204814814213767,0.010961440413661067
2046-09-01 21:00:00,3.01452417684873,0.0
2046-09-01 21:30:00,3.01452417684873,0.0
2046-09-01 22:00:00,3.01452417684873,0.014213486013661115
2046-09-01 22:30:00,3.0067994561891256,0.014213486013661115
2046-09-01 23:00:00,2.999074735529521,0.0
2046-09-01 23:30:00,2.999074735529521,0.014213486013661115
2046-09-02 00:00:00,2.9913500148699166,0.014213486013661115
2046-09-02 00:30:00,2.983625294210312,0.0
2046-09-02 01:00:00,2.983625294210312,0.0
2046-09-02 01:30:00,2.983625294210312,0.0
2046-09-02 02:00:00,2.983625294210312,0.0
2046-09-02 02:30:00,2.983625294210312,0.014213486013661115
2046-09-02 03:00:00,2.9759005735507076,0.0
2046-09-02 03:30:00,2.9759005735507076,0.0
2046-09-02 04:00:00,2.9759005735507076,0.014213486013661115
2046-09-02 04:30:00,2.968175852891103,0.0
2046-09-02 05:00:00,2.968175852891103,0.0
2046-09-02 05:30:00,2.968175852891103,0.0
2046-09-02 06:00:00,2.968175852891103,0.0
2046-09-02 06:30:00,2.968175852891103,0.0
2046-09-02 07:00:00,2.968175852891103,0.0
2046-09-02 07:30:00,2.968175852891103,0.0
2046-09-02 08:00:00,2.968175852891103,-0.014213486013661115
2046-09-02 08:30:00,2.9747140564573873,-0.014213486013661115
2046-09-02 09:00:00,2.9812522600236715,-0.014213486013661115
2046-09-02 09:30:00,2.9877904635899557,-0.014213486013661115
2046-09-02 10:00:00,2.99432866715624,-0.014213486013661115
2046-09-02 10:30:00,3.000866870722524,-0.014213486013661115
2046-09-02 11:00:00,3.0074050742888083,-0.014213486013661115
2046-09-02 11:30:00,3.0139432778550925,-0.014213486013661115
2046-09-02 12:00:00,3.0204814814213767,0.0
2046-09-02 12:30:00,3.0204814814213767,0.0
2046-09-02 13:00:00,3.0204814814213767,0.0
2046-09-02 13:30:00,3.0204814814213767,0.0
2046-09-02 14:00:00,3.0204814814213767,0.0
2046-09-02 14:30:00,3.0204814814213767,0.0
2046-09-02 15:00:00,3.0204814814213767,0.0
2046-09-02 15:30:00,3.0204814814213767,0.0
2046-09-02 16:00:00,3.0204814814213767,0.0
2046-09-02 16:30:00,3.0204814814213767,0.0
2046-09-02 17:00:00,3.0204814814213767,0.0
2046-09-02 17:30:00,3.0204814814213767,0.0
2046-09-02 18:00:00,3.0204814814213767,0.0
2046-09-02 18:30:00,3.0204814814213767,0.01314463186536866
2046-09-02 19:00:00,3.01333765975541,0.0
2046-09-02 19:30:00,3.01333765975541,0.0
2046-09-02 20:00:00,3.01333765975541,0.0
2046-09-02 20:30:00,3.01333765975541,0.0
2046-09-02 21:00:00,3.01333765975541,0.014213486013661115
2046-09-02 21:30:00,3.0056129390958053,0.0
2046-09-02 22:00:00,3.0056129390958053,0.0
2046-09-02 22:30:00,3.0056129390958053,0.0
2046-09-02 23:00:00,3.0056129390958053,0.014213486013661115
2046-09-02 23:30:00,2.997888218436201,0.014213486013661115
2046-09-03 00:00:00,2.9901634977765963,0.0
2046-09-03 00:30:00,2.9901634977765963,0.014213486013661115
2046-09-03 01:00:00,2.982438777116992,0.0
2046-09-03 01:30:00,2.982438777116992,0.0
2046-09-03 02:00:00,2.982438777116992,0.014213486013661115
2046-09-03 02:30:00,2.9747140564573873,0.0
2046-09-03 03:00:00,2.9747140564573873,0.0
2046-09-03 03:30:00,2.9747140564573873,0.0
2046-09-03 04:00:00,2.9747140564573873,0.0
2046-09-03 04:30:00,2.9747140564573873,0.0
2046-09-03 05:00:00,2.9747140564573873,0.0
2046-09-03 05:30:00,2.9747140564573873,0.0
2046-09-03 06:00:00,2.9747140564573873,0.0
2046-09-03 06:30:00,2.9747140564573873,0.0
2046-09-03 07:00:00,2.9747140564573873,0.0
2046-09-03 07:30:00,2.9747140564573873,0.0
2046-09-03 08:00:00,2.9747140564573873,0.0
2046-09-03 08:30:00,2.9747140564573873,-0.014213486013661115
2046-09-03 09:00:00,2.9812522600236715,-0.014213486013661115
2046-09-03 09:30:00,2.9877904635899557,-0.014213486013661115
2046-09-03 10:00:00,2.99432866715624,-0.014213486013661115
2046-09-03 10:30:00,3.000866870722524,-0.014213486013661115
2046-09-03 11:00:00,3.0074050742888083,-0.014213486013661115
2046-09-03 11:30:00,3.0139432778550925,-0.014213486013661115
2046-09-03 12:00:00,3.0204814814213767,0.0
2046-09-03 12:30:00,3.0204814814213767,0.0
2046-09-03 13:00:00,3.0204814814213767,0.0
2046-09-03 13:30:00,3.0204814814213767,0.0
2046-09-03 14:00:00,3.0204814814213767,0.0
2046-09-03 14:30:00,3.0204814814213767,0.0
2046-09-03 15:00:00,3.0204814814213767,0.0
2046-09-03 15:30:00,3.0204814814213767,0.0
2046-09-03 16:00:00,3.0204814814213767,0.0
2046-09-03 16:30:00,3.0204814814213767,0.0
2046-09-03 17:00:00,3.0204814814213767,0.0
2046-09-03 17:30:00,3.0204814814213767,0.0
2046-09-03 18:00:00,3.0204814814213767,0.0
2046-09-03 18:30:00,3.0204814814213767,0.0
2046-09-03 19:00:00,3.0204814814213767,0.0
2046-09-03 19:30:00,3.0204814814213767,0.014213486013661115
2046-09-03 20:00:00,3.0127567607617722,0.0
2046-09-03 20:30:00,3.0127567607617722,0.0
2046-09-03 21:00:00,3.0127567607617722,0.0
2046-09-03 21:30:00,3.0127567607617722,0.0
2046-09-03 22:00:00,3.0127567607617722,0.0
2046-09-03 22:30:00,3.0127567607617722,0.0
2046-09-03 23:00:00,3.0127567607617722,0.0
2046-09-03 23:30:00,3.0127567607617722,0.0
2046-09-04 00:00:00,3.0127567607617722,0.0
2046-09-04 00:30:00,3.0127567607617722,0.0
2046-09-04 01:00:00,3.0127567607617722,0.0
2046-09-04 01:30:00,3.0127567607617722,0.0
2046-09-04 02:00:00,3.0127567607617722,0.0
2046-09-04 02:30:00,3.0127567607617722,0.0
2046-09-04 03:00:00,3.0127567607617722,0.0
2046-09-04 03:30:00,3.0127567607617722,0.0
2046-09-04 04:00:00,3.0127567607617722,0.0
2046-09-04 04:30:00,3.0127567607617722,0.0
2046-09-04 05:00:00,3.0127567607617722,0.0
2046-09-04 05:30:00,3.0127567607617722,0.0
2046-09-04 06:00:00,3.0127567607617722,0.0
2046-09-04 06:30:00,3.0127567607617722,0.0
2046-09-04 07:00:00,3.0127567607617722,0.0
2046-09-04 07:30:00,3.0127567607617722,-0.0025793849854789
2046-09-04 08:00:00,3.0139432778550925,-0.014213486013661115
2046-09-04 08:30:00,3.0204814814213767,0.0
2046-09-04 09:00:00,3.0204814814213767,0.0
2046-09-04 09:30:00,3.0204814814213767,0.0
2046-09-04 10:00:00,3.0204814814213767,0.0
2046-09-04 10:30:00,3.0204814814213767,0.0
2046-09-04 11:00:00,3.0204814814213767,0.0
2046-09-04 11:30:00,3.0204814814213767,0.0
2046-09-04 12:00:00,3.0204814814213767,0.0
2046-09-04 12:30:00,3.0204814814213767,0.0
2046-09-04 13:00:00,3.0204814814213767,0.0
2046-09-04 13:30:00,3.0204814814213767,0.0
2046-09-04 14:00:00,3.0204814814213767,0.0
2046-09-04 14:30:00,3.0204814814213767,0.0
2046-09-04 15:00:00,3.0204814814213767,0.0
2046-09-04 15:30:00,3.0204814814213767,0.0
2046-09-04 16:00:00,3.0204814814213767,0.0
2046-09-04 16:30:00,3.0204814814213767,0.0
2046-09-04 17:00:00,3.0204814814213767,0.0
2046-09-04 17:30:00,3.0204814814213767,0.0
2046-09-04 18:00:00,3.0204814814213767,0.0
2046-09-04 18:30:00,3.0204814814213767,0.0
2046-09-04 19:00:00,3.0204814814213767,0.0
2046-09-04 19:30:00,3.0204814814213767,0.0
2046-09-04 20:00:00,3.0204814814213767,0.0
2046-09-04 20:30:00,3.0204814814213767,0.0
2046-09-04 21:00:00,3.0204814814213767,0.0
2046-09-04 21:30:00,3.0204814814213767,0.0
2046-09-04 22:00:00,3.0204814814213767,0.0
2046-09-04 22:30:00,3.0204814814213767,0.0
2046-09-04 23:00:00,3.0204814814213767,0.0
2046-09-04 23:30:00,3.0204814814213767,0.0
2046-09-05 00:00:00,3.0204814814213767,0.0
2046-09-05 00:30:00,3.0204814814213767,0.0
2046-09-05 01:00:00,3.0204814814213767,0.0
2046-09-05 01:30:00,3.0204814814213767,0.0
2046-09-05 02:00:00,3.0204814814213767,0.0
2046-09-05 02:30:00,3.0204814814213767,0.0
2046-09-05 03:00:00,3.0204814814213767,0.0
2046-09-05 03:30:00,3.0204814814213767,0.0
2046-09-05 04:00:00,3.0204814814213767,0.0
2046-09-05 04:30:00,3.0204814814213767,0.0
2046-09-05 05:00:00,3.0204814814213767,0.0
2046-09-05 05:30:00,3.0204814814213767,0.0
2046-09-05 06:00:00,3.0204814814213767,0.0
2046-09-05 06:30:00,3.0204814814213767,0.0
2046-09-05 07:00:00,3.0204814814213767,0.0
2046-09-05 07:30:00,3.0204814814213767,0.0
2046-09-05 08:00:00,3.0204814814213767,0.0
2046-09-05 08:30:00,3.0204814814213767,0.0
2046-09-05 09:00:00,3.0204814814213767,0.0
2046-09-05 09:30:00,3.0204814814213767,0.0
2046-09-05 10:00:00,3.0204814814213767,0.0
2046-09-05 10:30:00,3.0204814814213767,0.0
2046-09-05 11:00:00,3.0204814814213767,0.0
2046-09-05 11:30:00,3.0204814814213767,0.0
2046-09-05 12:00:00,3.0204814814213767,0.0
2046-09-05 12:30:00,3.0204814814213767,0.0
2046-09-05 13:00:00,3.0204814814213767,0.0
2046-09-05 13:30:00,3.0204814814213767,0.0
2046-09-05 14:00:00,3.0204814814213767,0.0
2046-09-05 14:30:00,3.0204814814213767,0.0
2046-09-05 15:00:00,3.0204814814213767,0.0
2046-09-05 15:30:00,3.0204814814213767,0.0
2046-09-05 16:00:00,3.0204814814213767,0.0
2046-09-05 16:30:00,3.0204814814213767,0.0
2046-09-05 17:00:00,3.0204814814213767,0.0
2046-09-05 17:30:00,3.0204814814213767,0.0
2046-09-05 18:00:00,3.0204814814213767,0.0
2046-09-05 18:30:00,3.0204814814213767,0.0
2046-09-05 19:00:00,3.0204814814213767,0.0
2046-09-05 19:30:00,3.0204814814213767,0.0
2046-09-05 20:00:00,3.0204814814213767,0.0
2046-09-05 20:30:00,3.0204814814213767,0.0
2046-09-05 21:00:00,3.0204814814213767,0.0
2046-09-05 21:30:00,3.0204814814213767,0.0
2046-09-05 22:00:00,3.0204814814213767,0.0
2046-09-05 22:30:00,3.0204814814213767,0.0
2046-09-05 23:00:00,3.0204814814213767,0.0
2046-09-05 23:30:00,3.0204814814213767,0.0
2046-09-06 00:00:00,3.0204814814213767,0.0
2046-09-06 00:30:00,3.0204814814213767,0.0
2046-09-06 01:00:00,3.0204814814213767,0.0
2046-09-06 01:30:00,3.0204814814213767,0.0
2046-09-06 02:00:00,3.0204814814213767,0.0
2046-09-06 02:30:00,3.0204814814213767,0.0
2046-09-06 03:00:00,3.0204814814213767,-0.002183191451707799
2046-09-06 03:30:00,3.0204814814213767,0.0
2046-09-06 04:00:00,3.0204814814213767,-0.002183191451707799
2046-09-06 04:30:00,3.0204814814213767,0.0
2046-09-06 05:00:00,3.0204814814213767,0.0
2046-09-06 05:30:00,3.0204814814213767,0.0
2046-09-06 06:00:00,3.0204814814213767,0.0
2046-09-06 06:30:00,3.0204814814213767,0.0
2046-09-06 07:00:00,3.0204814814213767,0.0
2046-09-06 07:30:00,3.0204814814213767,0.0
2046-09-06 08:00:00,3.0204814814213767,0.0
2046-09-06 08:30:00,3.0204814814213767,0.0
2046-09-06 09:00:00,3.0204814814213767,0.0
2046-09-06 09:30:00,3.0204814814213767,0.0
2046-09-06 10:00:00,3.0204814814213767,0.0
2046-09-06 10:30:00,3.0204814814213767,0.0
2046-09-06 11:00:00,3.0204814814213767,0.0
2046-09-06 11:30:00,3.0204814814213767,0.0
2046-09-06 12:00:00,3.0204814814213767,0.0
2046-09-06 12:30:00,3.0204814814213767,0.0
2046-09-06 13:00:00,3.0204814814213767,0.0
2046-09-06 13:30:00,3.0204814814213767,0.0
2046-09-06 14:00:00,3.0204814814213767,0.0
2046-09-06 14:30:00,3.0204814814213767,0.0
2046-09-06 15:00:00,3.0204814814213767,0.0
2046-09-06 15:30:00,3.0204814814213767,0.0
2046-09-06 16:00:00,3.0204814814213767,0.0
2046-09-06 16:30:00,3.0204814814213767,0.0
2046-09-06 17:00:00,3.0204814814213767,-0.002183191451707799
2046-09-06 17:30:00,3.0204814814213767,0.0
2046-09-06 18:00:00,3.0204814814213767,0.0
2046-09-06 18:30:00,3.0204814814213767,0.0
2046-09-06 19:00:00,3.0204814814213767,0.0
2046-09-06 19:30:00,3.0204814814213767,0.0
2046-09-06 20:00:00,3.0204814814213767,0.0
2046-09-06 20:30:00,3.0204814814213767,0.0
2046-09-06 21:00:00,3.0204814814213767,0.0
2046-09-06 21:30:00,3.0204814814213767,0.0
2046-09-06 22:00:00,3.0204814814213767,0.0
2046-09-06 22:30:00,3.0204814814213767,0.0
2046-09-06 23:00:00,3.0204814814213767,0.0
2046-09-06 23:30:00,3.0204814814213767,0.0
2046-09-07 00:00:00,3.0204814814213767,0.0
2046-09-07 00:30:00,3.0204814814213767,0.0
2046-09-07 01:00:00,3.0204814814213767,0.0
2046-09-07 01:30:00,3.0204814814213767,0.0
2046-09-07 02:00:00,3.0204814814213767,0.0
2046-09-07 02:30:00,3.0204814814213767,0.0
2046-09-07 03:00:00,3.0204814814213767,0.0
2046-09-07 03:30:00,3.0204814814213767,0.0
2046-09-07 04:00:00,3.0204814814213767,0.0
2046-09-07 04:30:00,3.0204814814213767,0.0
2046-09-07 05:00:00,3.0204814814213767,0.0
2046-09-07 05:30:00,3.0204814814213767,0.0
2046-09-07 06:00:00,3.0204814814213767,0.0
2046-09-07 06:30:00,3.0204814814213767,0.0
2046-09-07 07:00:00,3.0204814814213767,0.0
2046-09-07 07:30:00,3.0204814814213767,0.0
2046-09-07 08:00:00,3.0204814814213767,0.0
2046-09-07 08:30:00,3.0204814814213767,0.0
2046-09-07 09:00:00,3.0204814814213767,0.0
2046-09-07 09:30:00,3.0204814814213767,0.0
2046-09-07 10:00:00,3.0204814814213767,0.0
2046-09-07 10:30:00,3.0204814814213767,0.0
2046-09-07 11:00:00,3.0204814814213767,0.0
2046-09-07 11:30:00,3.0204814814213767,0.0
2046-09-07 12:00:00,3.0204814814213767,0.0
2046-09-07 12:30:00,3.0204814814213767,0.0
2046-09-07 13:00:00,3.0204814814213767,0.0
2046-09-07 13:30:00,3.0204814814213767,0.0
2046-09-07 14:00:00,3.0204814814213767,0.0
2046-09-07 14:30:00,3.0204814814213767,0.0
2046-09-07 15:00:00,3.0204814814213767,0.0
2046-09-07 15:30:00,3.0204814814213767,0.0
2046-09-07 16:00:00,3.0204814814213767,0.0
2046-09-07 16:30:00,3.0204814814213767,0.0
2046-09-07 17:00:00,3.0204814814213767,0.0
2046-09-07 17:30:00,3.0204814814213767,0.0
2046-09-07 18:00:00,3.0204814814213767,0.0
2046-09-07 18:30:00,3.0204814814213767,0.0
2046-09-07 19:00:00,3.0204814814213767,0.0
2046-09-07 19:30:00,3.0204814814213767,0.0
2046-09-07 20:00:00,3.0204814814213767,0.0
2046-09-07 20:30:00,3.0204814814213767,0.0
2046-09-07 21:00:00,3.0204814814213767,0.0
2046-09-07 21:30:00,3.0204814814213767,0.0
2046-09-07 22:00:00,3.0204814814213767,0.0
2046-09-07 22:30:00,3.0204814814213767,0.0
2046-09-07 23:00:00,3.0204814814213767,0.0
2046-09-07 23:30:00,3.0204814814213767,0.0
2046-09-08 00:00:00,3.0204814814213767,0.0
2046-09-08 00:30:00,3.0204814814213767,0.0
2046-09-08 01:00:00,3.0204814814213767,0.0
2046-09-08 01:30:00,3.0204814814213767,0.0
2046-09-08 02:00:00,3.0204814814213767,0.0
2046-09-08 02:30:00,3.0204814814213767,0.0
2046-09-08 03:00:00,3.0204814814213767,0.0
2046-09-08 03:30:00,3.0204814814213767,0.0
2046-09-08 04:00:00,3.0204814814213767,0.0
2046-09-08 04:30:00,3.0204814814213767,0.0
2046-09-08 05:00:00,3.0204814814213767,0.0
2046-09-08 05:30:00,3.0204814814213767,0.0
2046-09-08 06:00:00,3.0204814814213767,0.0
2046-09-08 06:30:00,3.0204814814213767,0.0
2046-09-08 07:00:00,3.0204814814213767,0.0
2046-09-08 07:30:00,3.0204814814213767,0.0
2046-09-08 08:00:00,3.0204814814213767,0.0
2046-09-08 08:30:00,3.0204814814213767,0.0
2046-09-08 09:00:00,3.0204814814213767,0.0
2046-09-08 09:30:00,3.0204814814213767,0.0
2046-09-08 10:00:00,3.0204814814213767,0.0
2046-09-08 10:30:00,3.0204814814213767,0.0
2046-09-08 11:00:00,3.0204814814213767,0.0
2046-09-08 11:30:00,3.0204814814213767,0.0
2046-09-08 12:00:00,3.0204814814213767,0.0
2046-09-08 12:30:00,3.0204814814213767,0.0
2046-09-08 13:00:00,3.0204814814213767,0.0
2046-09-08 13:30:00,3.0204814814213767,0.0
2046-09-08 14:00:00,3.0204814814213767,0.0
2046-09-08 14:30:00,3.0204814814213767,0.0
2046-09-08 15:00:00,3.0204814814213767,0.0
2046-09-08 15:30:00,3.0204814814213767,0.0
2046-09-08 16:00:00,3.0204814814213767,0.0
2046-09-08 16:30:00,3.0204814814213767,0.0
2046-09-08 17:00:00,3.0204814814213767,0.0
2046-09-08 17:30:00,3.0204814814213767,0.0
2046-09-08 18:00:00,3.0204814814213767,0.0
2046-09-08 18:30:00,3.0204814814213767,0.0
2046-09-08 19:00:00,3.0204814814213767,0.0
2046-09-08 19:30:00,3.0204814814213767,0.0
2046-09-08 20:00:00,3.0204814814213767,0.0
2046-09-08 20:30:00,3.0204814814213767,0.0
2046-09-08 21:00:00,3.0204814814213767,0.0
2046-09-08 21:30:00,3.0204814814213767,0.0
2046-09-08 22:00:00,3.0204814814213767,0.0
2046-09-08 22:30:00,3.0204814814213767,0.0
2046-09-08 23:00:00,3.0204814814213767,0.0
2046-09-08 23:30:00,3.0204814814213767,0.011495445100011242
2046-09-09 00:00:00,3.014233956910496,0.0
2046-09-09 00:30:00,3.014233956910496,0.0
2046-09-09 01:00:00,3.014233956910496,0.0
2046-09-09 01:30:00,3.014233956910496,0.0
2046-09-09 02:00:00,3.014233956910496,0.0
2046-09-09 02:30:00,3.014233956910496,0.0
2046-09-09 03:00:00,3.014233956910496,0.008198761120480298
2046-09-09 03:30:00,3.009778108475449,0.0
2046-09-09 04:00:00,3.009778108475449,0.0
2046-09-09 04:30:00,3.009778108475449,0.0
2046-09-09 05:00:00,3.009778108475449,0.0
2046-09-09 05:30:00,3.009778108475449,0.014213486013661115
2046-09-09 06:00:00,3.0020533878158444,0.0
2046-09-09 06:30:00,3.0020533878158444,0.014213486013661115
2046-09-09 07:00:00,2.99432866715624,0.0
2046-09-09 07:30:00,2.99432866715624,0.0
2046-09-09 08:00:00,2.99432866715624,0.0
2046-09-09 08:30:00,2.99432866715624,-0.014213486013661115
2046-09-09 09:00:00,3.000866870722524,-0.014213486013661115
2046-09-09 09:30:00,3.0074050742888083,-0.014213486013661115
2046-09-09 10:00:00,3.0139432778550925,-0.014213486013661115
2046-09-09 10:30:00,3.0204814814213767,0.0
2046-09-09 11:00:00,3.0204814814213767,0.0
2046-09-09 11:30:00,3.0204814814213767,0.0
2046-09-09 12:00:00,3.0204814814213767,0.0
2046-09-09 12:30:00,3.0204814814213767,0.0
2046-09-09 13:00:00,3.0204814814213767,0.0
2046-09-09 13:30:00,3.0204814814213767,0.0
2046-09-09 14:00:00,3.0204814814213767,0.0
2046-09-09 14:30:00,3.0204814814213767,0.0
2046-09-09 15:00:00,3.0204814814213767,0.0
2046-09-09 15:30:00,3.0204814814213767,0.0
2046-09-09 16:00:00,3.0204814814213767,0.0
2046-09-09 16:30:00,3.0204814814213767,0.0
2046-09-09 17:00:00,3.0204814814213767,0.0
2046-09-09 17:30:00,3.0204814814213767,0.0
2046-09-09 18:00:00,3.0204814814213767,0.0
2046-09-09 18:30:00,3.0204814814213767,0.0
2046-09-09 19:00:00,3.0204814814213767,0.014213486013661115
2046-09-09 19:30:00,3.0127567607617722,0.014213486013661115
2046-09-09 20:00:00,3.0050320401021677,0.014213486013661115
2046-09-09 20:30:00,2.9973073194425632,0.0
2046-09-09 21:00:00,2.9973073194425632,0.0
2046-09-09 21:30:00,2.9973073194425632,0.014213486013661115
2046-09-09 22:00:00,2.9895825987829587,0.0
2046-09-09 22:30:00,2.9895825987829587,0.0022286746068306876
2046-09-09 23:00:00,2.9883713625835933,0.0
2046-09-09 23:30:00,2.9883713625835933,0.0
2046-09-10 00:00:00,2.9883713625835933,0.0
2046-09-10 00:30:00,2.9883713625835933,0.014213486013661115
2046-09-10 01:00:00,2.9806466419239888,0.014213486013661115
2046-09-10 01:30:00,2.9729219212643843,0.0
2046-09-10 02:00:00,2.9729219212643843,0.014213486013661115
2046-09-10 02:30:00,2.9651972006047798,0.0
2046-09-10 03:00:00,2.9651972006047798,0.014213486013661115
2046-09-10 03:30:00,2.9574724799451753,0.0
2046-09-10 04:00:00,2.9574724799451753,0.0
2046-09-10 04:30:00,2.9574724799451753,0.0
2046-09-10 05:00:00,2.9574724799451753,0.0
2046-09-10 05:30:00,2.9574724799451753,0.0
2046-09-10 06:00:00,2.9574724799451753,0.014213486013661115
2046-09-10 06:30:00,2.9497477592855708,0.0
2046-09-10 07:00:00,2.9497477592855708,0.014213486013661115
2046-09-10 07:30:00,2.9420230386259663,0.0
2046-09-10 08:00:00,2.9420230386259663,0.0
2046-09-10 08:30:00,2.9420230386259663,-0.014213486013661115
2046-09-10 09:00:00,2.9485612421922505,-0.014213486013661115
2046-09-10 09:30:00,2.9550994457585347,-0.014213486013661115
2046-09-10 10:00:00,2.961637649324819,-0.014213486013661115
2046-09-10 10:30:00,2.968175852891103,-0.014213486013661115
2046-09-10 11:00:00,2.9747140564573873,-0.014213486013661115
2046-09-10 11:30:00,2.9812522600236715,-0.014213486013661115
2046-09-10 12:00:00,2.9877904635899557,-0.014213486013661115
2046-09-10 12:30:00,2.99432866715624,-0.014213486013661115
2046-09-10 13:00:00,3.000866870722524,-0.014213486013661115
2046-09-10 13:30:00,3.0074050742888083,-0.014213486013661115
2046-09-10 14:00:00,3.0139432778550925,-0.014213486013661115
2046-09-10 14:30:00,3.0204814814213767,0.0
2046-09-10 15:00:00,3.0204814814213767,0.0
2046-09-10 15:30:00,3.0204814814213767,0.0
2046-09-10 16:00:00,3.0204814814213767,0.0
2046-09-10 16:30:00,3.0204814814213767,0.0
2046-09-10 17:00:00,3.0204814814213767,0.0
2046-09-10 17:30:00,3.0204814814213767,0.0
2046-09-10 18:00:00,3.0204814814213767,0.0
2046-09-10 18:30:00,3.0204814814213767,0.014213486013661115
2046-09-10 19:00:00,3.0127567607617722,0.005526203361953626
2046-09-10 19:30:00,3.0097533893694037,0.0
2046-09-10 20:00:00,3.0097533893694037,0.0
2046-09-10 20:30:00,3.0097533893694037,0.0
2046-09-10 21:00:00,3.0097533893694037,0.014213486013661115
2046-09-10 21:30:00,3.0020286687097992,0.014213486013661115
2046-09-10 22:00:00,2.9943039480501947,0.0
2046-09-10 22:30:00,2.9943039480501947,0.014213486013661115
2046-09-10 23:00:00,2.9865792273905902,0.014213486013661115
2046-09-10 23:30:00,2.9788545067309857,0.014213486013661115
2046-09-11 00:00:00,2.9711297860713812,0.0
2046-09-11 00:30:00,2.9711297860713812,0.0
2046-09-11 01:00:00,2.9711297860713812,0.0
2046-09-11 01:30:00,2.9711297860713812,0.014213486013661115
2046-09-11 02:00:00,2.9634050654117767,0.0
2046-09-11 02:30:00,2.9634050654117767,0.0
2046-09-11 03:00:00,2.9634050654117767,0.0
2046-09-11 03:30:00,2.9634050654117767,0.014213486013661115
2046-09-11 04:00:00,2.9556803447521722,0.014213486013661115
2046-09-11 04:30:00,2.9479556240925677,0.014213486013661115
2046-09-11 05:00:00,2.9402309034329632,0.014213486013661115
2046-09-11 05:30:00,2.9325061827733587,0.0
2046-09-11 06:00:00,2.9325061827733587,0.014213486013661115
2046-09-11 06:30:00,2.9247814621137542,0.014213486013661115
2046-09-11 07:00:00,2.9170567414541497,0.014213486013661115
2046-09-11 07:30:00,2.9093320207945452,0.0
2046-09-11 08:00:00,2.9093320207945452,0.0
2046-09-11 08:30:00,2.9093320207945452,-0.014213486013661115
2046-09-11 09:00:00,2.9158702243608294,-0.014213486013661115
2046-09-11 09:30:00,2.9224084279271136,-0.014213486013661115
2046-09-11 10:00:00,2.928946631493398,-0.014213486013661115
2046-09-11 10:30:00,2.935484835059682,-0.014213486013661115
2046-09-11 11:00:00,2.9420230386259663,-0.014213486013661115
2046-09-11 11:30:00,2.9485612421922505,-0.014213486013661115
2046-09-11 12:00:00,2.9550994457585347,-0.014213486013661115
2046-09-11 12:30:00,2.961637649324819,-0.014213486013661115
2046-09-11 13:00:00,2.968175852891103,-0.014213486013661115
2046-09-11 13:30:00,2.9747140564573873,-0.014213486013661115
2046-09-11 14:00:00,2.9812522600236715,-0.014213486013661115
2046-09-11 14:30:00,2.9877904635899557,-0.014213486013661115
2046-09-11 15:00:00,2.99432866715624,-0.014213486013661115
2046-09-11 15:30:00,3.000866870722524,-0.014213486013661115
2046-09-11 16:00:00,3.0074050742888083,-0.014213486013661115
2046-09-11 16:30:00,3.0139432778550925,-0.014213486013661115
2046-09-11 17:00:00,3.0204814814213767,0.0
2046-09-11 17:30:00,3.0204814814213767,0.0
2046-09-11 18:00:00,3.0204814814213767,0.0
2046-09-11 18:30:00,3.0204814814213767,0.0076639116585381275
2046-09-11 19:00:00,3.016316312041733,0.0
2046-09-11 19:30:00,3.016316312041733,0.0
2046-09-11 20:00:00,3.016316312041733,0.0
2046-09-11 20:30:00,3.016316312041733,0.0
2046-09-11 21:00:00,3.016316312041733,0.014213486013661115
2046-09-11 21:30:00,3.0085915913821286,0.0
2046-09-11 22:00:00,3.0085915913821286,0.0
2046-09-11 22:30:00,3.0085915913821286,0.0
2046-09-11 23:00:00,3.0085915913821286,0.0
2046-09-11 23:30:00,3.0085915913821286,0.0
2046-09-12 00:00:00,3.0085915913821286,0.014213486013661115
2046-09-12 00:30:00,3.000866870722524,0.0
2046-09-12 01:00:00,3.000866870722524,0.0
2046-09-12 01:30:00,3.000866870722524,0.0
2046-09-12 02:00:00,3.000866870722524,0.0
2046-09-12 02:30:00,3.000866870722524,0.0
2046-09-12 03:00:00,3.000866870722524,0.0
2046-09-12 03:30:00,3.000866870722524,0.0
2046-09-12 04:00:00,3.000866870722524,0.0
2046-09-12 04:30:00,3.000866870722524,0.0
2046-09-12 05:00:00,3.000866870722524,0.0
2046-09-12 05:30:00,3.000866870722524,0.0
2046-09-12 06:00:00,3.000866870722524,0.0
2046-09-12 06:30:00,3.000866870722524,0.0
2046-09-12 07:00:00,3.000866870722524,0.0
2046-09-12 07:30:00,3.000866870722524,-0.014213486013661115
2046-09-12 08:00:00,3.0074050742888083,-0.014213486013661115
2046-09-12 08:30:00,3.0139432778550925,-0.014213486013661115
2046-09-12 09:00:00,3.0204814814213767,0.0
2046-09-12 09:30:00,3.0204814814213767,0.0
2046-09-12 10:00:00,3.0204814814213767,0.0
2046-09-12 10:30:00,3.0204814814213767,0.0
2046-09-12 11:00:00,3.0204814814213767,0.0
2046-09-12 11:30:00,3.0204814814213767,0.0
2046-09-12 12:00:00,3.0204814814213767,0.0
2046-09-12 12:30:00,3.0204814814213767,0.0
2046-09-12 13:00:00,3.0204814814213767,0.0
2046-09-12 13:30:00,3.0204814814213767,0.0
2046-09-12 14:00:00,3.0204814814213767,0.0
2046-09-12 14:30:00,3.0204814814213767,0.0
2046-09-12 15:00:00,3.0204814814213767,0.0
2046-09-12 15:30:00,3.0204814814213767,0.0
2046-09-12 16:00:00,3.0204814814213767,0.0
2046-09-12 16:30:00,3.0204814814213767,0.0
2046-09-12 17:00:00,3.0204814814213767,0.0
2046-09-12 17:30:00,3.0204814814213767,0.0
2046-09-12 18:00:00,3.0204814814213767,0.0
2046-09-12 18:30:00,3.0204814814213767,0.0
2046-09-12 19:00:00,3.0204814814213767,0.0
2046-09-12 19:30:00,3.0204814814213767,0.0
2046-09-12 20:00:00,3.0204814814213767,0.0
2046-09-12 20:30:00,3.0204814814213767,0.0
2046-09-12 21:00:00,3.0204814814213767,0.0
2046-09-12 21:30:00,3.0204814814213767,0.0
2046-09-12 22:00:00,3.0204814814213767,0.0
2046-09-12 22:30:00,3.0204814814213767,0.0
2046-09-12 23:00:00,3.0204814814213767,0.0
2046-09-12 23:30:00,3.0204814814213767,0.0
2046-09-13 00:00:00,3.0204814814213767,0.0
2046-09-13 00:30:00,3.0204814814213767,0.0
2046-09-13 01:00:00,3.0204814814213767,-0.002183191451707799
2046-09-13 01:30:00,3.0204814814213767,0.0
2046-09-13 02:00:00,3.0204814814213767,0.0
2046-09-13 02:30:00,3.0204814814213767,0.0
2046-09-13 03:00:00,3.0204814814213767,0.0
2046-09-13 03:30:00,3.0204814814213767,0.0
2046-09-13 04:00:00,3.0204814814213767,0.0
2046-09-13 04:30:00,3.0204814814213767,0.0
2046-09-13 05:00:00,3.0204814814213767,0.0
2046-09-13 05:30:00,3.0204814814213767,0.0
2046-09-13 06:00:00,3.0204814814213767,0.0
2046-09-13 06:30:00,3.0204814814213767,0.0
2046-09-13 07:00:00,3.0204814814213767,0.0
2046-09-13 07:30:00,3.0204814814213767,0.0
2046-09-13 08:00:00,3.0204814814213767,0.0
2046-09-13 08:30:00,3.0204814814213767,0.0
2046-09-13 09:00:00,3.0204814814213767,0.0
2046-09-13 09:30:00,3.0204814814213767,0.0
2046-09-13 10:00:00,3.0204814814213767,0.0
2046-09-13 10:30:00,3.0204814814213767,0.0
2046-09-13 11:00:00,3.0204814814213767,0.0
2046-09-13 11:30:00,3.0204814814213767,0.0
2046-09-13 12:00:00,3.0204814814213767,0.0
2046-09-13 12:30:00,3.0204814814213767,0.0
2046-09-13 13:00:00,3.0204814814213767,0.0
2046-09-13 13:30:00,3.0204814814213767,0.0
2046-09-13 14:00:00,3.0204814814213767,0.0
2046-09-13 14:30:00,3.0204814814213767,0.0
2046-09-13 15:00:00,3.0204814814213767,0.0
2046-09-13 15:30:00,3.0204814814213767,0.0
2046-09-13 16:00:00,3.0204814814213767,0.0
2046-09-13 16:30:00,3.0204814814213767,0.0
2046-09-13 17:00:00,3.0204814814213767,0.0
2046-09-13 17:30:00,3.0204814814213767,0.0
2046-09-13 18:00:00,3.0204814814213767,0.0
2046-09-13 18:30:00,3.0204814814213767,0.0
2046-09-13 19:00:00,3.0204814814213767,0.0
2046-09-13 19:30:00,3.0204814814213767,0.0
2046-09-13 20:00:00,3.0204814814213767,0.0
2046-09-13 20:30:00,3.0204814814213767,0.0
2046-09-13 21:00:00,3.0204814814213767,0.0
2046-09-13 21:30:00,3.0204814814213767,0.0
2046-09-13 22:00:00,3.0204814814213767,0.0
2046-09-13 22:30:00,3.0204814814213767,0.0
2046-09-13 23:00:00,3.0204814814213767,0.0
2046-09-13 23:30:00,3.0204814814213767,0.0
2046-09-14 00:00:00,3.0204814814213767,0.0
2046-09-14 00:30:00,3.0204814814213767,0.0
2046-09-14 01:00:00,3.0204814814213767,0.00929644742827185
2046-09-14 01:30:00,3.01542906434079,0.0
2046-09-14 02:00:00,3.01542906434079,0.0
2046-09-14 02:30:00,3.01542906434079,0.0
2046-09-14 03:00:00,3.01542906434079,0.0
2046-09-14 03:30:00,3.01542906434079,0.0
2046-09-14 04:00:00,3.01542906434079,0.0
2046-09-14 04:30:00,3.01542906434079,0.0
2046-09-14 05:00:00,3.01542906434079,0.0
2046-09-14 05:30:00,3.01542906434079,0.0
2046-09-14 06:00:00,3.01542906434079,0.0
2046-09-14 06:30:00,3.01542906434079,0.0
2046-09-14 07:00:00,3.01542906434079,0.0
2046-09-14 07:30:00,3.01542906434079,0.0
2046-09-14 08:00:00,3.01542906434079,0.0
2046-09-14 08:30:00,3.01542906434079,0.0
2046-09-14 09:00:00,3.01542906434079,0.0
2046-09-14 09:30:00,3.01542906434079,0.0
2046-09-14 10:00:00,3.01542906434079,0.0
2046-09-14 10:30:00,3.01542906434079,-0.010983515392579133
2046-09-14 11:00:00,3.0204814814213767,0.0
2046-09-14 11:30:00,3.0204814814213767,0.0
2046-09-14 12:00:00,3.0204814814213767,0.0
2046-09-14 12:30:00,3.0204814814213767,0.0
2046-09-14 13:00:00,3.0204814814213767,0.0
2046-09-14 13:30:00,3.0204814814213767,0.0
2046-09-14 14:00:00,3.0204814814213767,0.0
2046-09-14 14:30:00,3.0204814814213767,0.0
2046-09-14 15:00:00,3.0204814814213767,0.0
2046-09-14 15:30:00,3.0204814814213767,0.0
2046-09-14 16:00:00,3.0204814814213767,0.0
2046-09-14 16:30:00,3.0204814814213767,0.0
2046-09-14 17:00:00,3.0204814814213767,0.0
2046-09-14 17:30:00,3.0204814814213767,0.0
2046-09-14 18:00:00,3.0204814814213767,0.0
2046-09-14 18:30:00,3.0204814814213767,0.014213486013661115
2046-09-14 19:00:00,3.0127567607617722,0.0
2046-09-14 19:30:00,3.0127567607617722,0.014213486013661115
2046-09-14 20:00:00,3.0050320401021677,0.0
2046-09-14 20:30:00,3.0050320401021677,0.0
2046-09-14 21:00:00,3.0050320401021677,0.014213486013661115
2046-09-14 21:30:00,2.9973073194425632,0.014213486013661115
2046-09-14 22:00:00,2.9895825987829587,0.0
2046-09-14 22:30:00,2.9895825987829587,0.014213486013661115
2046-09-14 23:00:00,2.9818578781233542,0.0
2046-09-14 23:30:00,2.9818578781233542,0.0
2046-09-15 00:00:00,2.9818578781233542,0.0
2046-09-15 00:30:00,2.9818578781233542,0.0
2046-09-15 01:00:00,2.9818578781233542,0.014213486013661115
2046-09-15 01:30:00,2.9741331574637497,0.0
2046-09-15 02:00:00,2.9741331574637497,0.0
2046-09-15 02:30:00,2.9741331574637497,0.0
2046-09-15 03:00:00,2.9741331574637497,0.0
2046-09-15 03:30:00,2.9741331574637497,0.0
2046-09-15 04:00:00,2.9741331574637497,0.0
2046-09-15 04:30:00,2.9741331574637497,0.0
2046-09-15 05:00:00,2.9741331574637497,0.010961440413661067
2046-09-15 05:30:00,2.968175852891103,0.0
2046-09-15 06:00:00,2.968175852891103,0.0
2046-09-15 06:30:00,2.968175852891103,0.0
2046-09-15 07:00:00,2.968175852891103,0.0
2046-09-15 07:30:00,2.968175852891103,0.0
2046-09-15 08:00:00,2.968175852891103,0.0
2046-09-15 08:30:00,2.968175852891103,0.0
2046-09-15 09:00:00,2.968175852891103,0.0
2046-09-15 09:30:00,2.968175852891103,0.0
2046-09-15 10:00:00,2.968175852891103,-0.014213486013661115
2046-09-15 10:30:00,2.9747140564573873,0.0
2046-09-15 11:00:00,2.9747140564573873,0.0
2046-09-15 11:30:00,2.9747140564573873,-0.014213486013661115
2046-09-15 12:00:00,2.9812522600236715,-0.014213486013661115
2046-09-15 12:30:00,2.9877904635899557,-0.014213486013661115
2046-09-15 13:00:00,2.99432866715624,-0.014213486013661115
2046-09-15 13:30:00,3.000866870722524,-0.014213486013661115
2046-09-15 14:00:00,3.0074050742888083,-0.014213486013661115
2046-09-15 14:30:00,3.0139432778550925,-0.014213486013661115
2046-09-15 15:00:00,3.0204814814213767,0.0
2046-09-15 15:30:00,3.0204814814213767,0.0
2046-09-15 16:00:00,3.0204814814213767,0.0
2046-09-15 16:30:00,3.0204814814213767,0.0
2046-09-15 17:00:00,3.0204814814213767,0.0
2046-09-15 17:30:00,3.0204814814213767,0.0
2046-09-15 18:00:00,3.0204814814213767,0.0
2046-09-15 18:30:00,3.0204814814213767,0.014213486013661115
2046-09-15 19:00:00,3.0127567607617722,0.014213486013661115
2046-09-15 19:30:00,3.0050320401021677,0.014213486013661115
2046-09-15 20:00:00,2.9973073194425632,0.014213486013661115
2046-09-15 20:30:00,2.9895825987829587,0.014213486013661115
2046-09-15 21:00:00,2.9818578781233542,0.014213486013661115
2046-09-15 21:30:00,2.9741331574637497,0.0
2046-09-15 22:00:00,2.9741331574637497,0.014213486013661115
2046-09-15 22:30:00,2.9664084368041452,0.014213486013661115
2046-09-15 23:00:00,2.9586837161445407,0.014213486013661115
2046-09-15 23:30:00,2.9509589954849362,0.014213486013661115
2046-09-16 00:00:00,2.9432342748253317,0.014213486013661115
2046-09-16 00:30:00,2.9355095541657272,0.014213486013661115
2046-09-16 01:00:00,2.9277848335061227,0.014213486013661115
2046-09-16 01:30:00,2.9200601128465182,0.014213486013661115
2046-09-16 02:00:00,2.9123353921869137,0.014213486013661115
2046-09-16 02:30:00,2.9046106715273092,0.014213486013661115
2046-09-16 03:00:00,2.8968859508677047,0.014213486013661115
2046-09-16 03:30:00,2.8891612302081002,0.014213486013661115
2046-09-16 04:00:00,2.8814365095484957,0.014213486013661115
2046-09-16 04:30:00,2.8737117888888912,0.014213486013661115
2046-09-16 05:00:00,2.8659870682292867,0.014213486013661115
2046-09-16 05:30:00,2.8582623475696822,0.014213486013661115
2046-09-16 06:00:00,2.8505376269100777,0.014213486013661115
2046-09-16 06:30:00,2.8428129062504732,0.014213486013661115
2046-09-16 07:00:00,2.8350881855908687,0.014213486013661115
2046-09-16 07:30:00,2.8273634649312642,0.0
2046-09-16 08:00:00,2.8273634649312642,0.0
2046-09-16 08:30:00,2.8273634649312642,0.0
2046-09-16 09:00:00,2.8273634649312642,0.0
2046-09-16 09:30:00,2.8273634649312642,-0.014213486013661115
2046-09-16 10:00:00,2.8339016684975484,0.0
2046-09-16 10:30:00,2.8339016684975484,0.0
2046-09-16 11:00:00,2.8339016684975484,-0.014213486013661115
2046-09-16 11:30:00,2.8404398720638326,-0.014213486013661115
2046-09-16 12:00:00,2.846978075630117,-0.014213486013661115
2046-09-16 12:30:00,2.853516279196401,-0.014213486013661115
2046-09-16 13:00:00,2.8600544827626853,-0.014213486013661115
2046-09-16 13:30:00,2.8665926863289695,-0.014213486013661115
2046-09-16 14:00:00,2.8731308898952537,-0.014213486013661115
2046-09-16 14:30:00,2.879669093461538,-0.014213486013661115
2046-09-16 15:00:00,2.886207297027822,-0.014213486013661115
2046-09-16 15:30:00,2.8927455005941063,-0.014213486013661115
2046-09-16 16:00:00,2.8992837041603905,-0.014213486013661115
2046-09-16 16:30:00,2.9058219077266747,-0.014213486013661115
2046-09-16 17:00:00,2.912360111292959,0.0
2046-09-16 17:30:00,2.912360111292959,0.0
2046-09-16 18:00:00,2.912360111292959,0.0
2046-09-16 18:30:00,2.912360111292959,0.0
2046-09-16 19:00:00,2.912360111292959,0.0
2046-09-16 19:30:00,2.912360111292959,0.0
2046-09-16 20:00:00,2.912360111292959,0.0
2046-09-16 20:30:00,2.912360111292959,0.0
2046-09-16 21:00:00,2.912360111292959,0.0
2046-09-16 21:30:00,2.912360111292959,0.0
2046-09-16 22:00:00,2.912360111292959,0.0
2046-09-16 22:30:00,2.912360111292959,0.0
2046-09-16 23:00:00,2.912360111292959,0.0
2046-09-16 23:30:00,2.912360111292959,0.004316552605771608
2046-09-17 00:00:00,2.9100141587898203,0.0
2046-09-17 00:30:00,2.9100141587898203,0.0
2046-09-17 01:00:00,2.9100141587898203,0.0
2046-09-17 01:30:00,2.9100141587898203,0.0
2046-09-17 02:00:00,2.9100141587898203,0.0
2046-09-17 02:30:00,2.9100141587898203,0.0
2046-09-17 03:00:00,2.9100141587898203,0.014213486013661115
2046-09-17 03:30:00,2.902289438130216,0.014213486013661115
2046-09-17 04:00:00,2.8945647174706113,0.014213486013661115
2046-09-17 04:30:00,2.886839996811007,0.014213486013661115
2046-09-17 05:00:00,2.8791152761514023,0.014213486013661115
2046-09-17 05:30:00,2.871390555491798,0.014213486013661115
2046-09-17 06:00:00,2.8636658348321933,0.014213486013661115
2046-09-17 06:30:00,2.855941114172589,0.001021019826470848
2046-09-17 07:00:00,2.8553862120929847,0.014213486013661115
2046-09-17 07:30:00,2.84766149143338,0.0
2046-09-17 08:00:00,2.84766149143338,0.0
2046-09-17 08:30:00,2.84766149143338,0.0
2046-09-17 09:00:00,2.84766149143338,0.0
2046-09-17 09:30:00,2.84766149143338,0.0
2046-09-17 10:00:00,2.84766149143338,0.0
2046-09-17 10:30:00,2.84766149143338,0.0
2046-09-17 11:00:00,2.84766149143338,0.0
2046-09-17 11:30:00,2.84766149143338,0.0
2046-09-17 12:00:00,2.84766149143338,0.0
2046-09-17 12:30:00,2.84766149143338,0.0
2046-09-17 13:00:00,2.84766149143338,0.0
2046-09-17 13:30:00,2.84766149143338,0.0
2046-09-17 14:00:00,2.84766149143338,0.0
2046-09-17 14:30:00,2.84766149143338,0.0
2046-09-17 15:00:00,2.84766149143338,0.0
2046-09-17 15:30:00,2.84766149143338,0.0
2046-09-17 16:00:00,2.84766149143338,0.0
2046-09-17 16:30:00,2.84766149143338,0.0
2046-09-17 17:00:00,2.84766149143338,0.0
2046-09-17 17:30:00,2.84766149143338,0.0
2046-09-17 18:00:00,2.84766149143338,0.0
2046-09-17 18:30:00,2.84766149143338,0.0
2046-09-17 19:00:00,2.84766149143338,0.0
2046-09-17 19:30:00,2.84766149143338,0.0023001782503777055
2046-09-17 20:00:00,2.846411394558174,0.0
2046-09-17 20:30:00,2.846411394558174,0.0
2046-09-17 21:00:00,2.846411394558174,0.0
2046-09-17 21:30:00,2.846411394558174,0.014213486013661115
2046-09-17 22:00:00,2.8386866738985694,0.014213486013661115
2046-09-17 22:30:00,2.830961953238965,0.014213486013661115
2046-09-17 23:00:00,2.8232372325793604,0.014213486013661115
2046-09-17 23:30:00,2.815512511919756,0.014213486013661115
2046-09-18 00:00:00,2.8077877912601514,0.014213486013661115
2046-09-18 00:30:00,2.800063070600547,0.014213486013661115
2046-09-18 01:00:00,2.7923383499409424,0.014213486013661115
2046-09-18 01:30:00,2.784613629281338,0.014213486013661115
2046-09-18 02:00:00,2.7768889086217334,0.014213486013661115
2046-09-18 02:30:00,2.769164187962129,0.014213486013661115
2046-09-18 03:00:00,2.7614394673025244,0.014213486013661115
2046-09-18 03:30:00,2.75371474664292,0.014213486013661115
2046-09-18 04:00:00,2.7459900259833154,0.014213486013661115
2046-09-18 04:30:00,2.738265305323711,0.014213486013661115
2046-09-18 05:00:00,2.7305405846641064,0.014213486013661115
2046-09-18 05:30:00,2.722815864004502,0.014213486013661115
2046-09-18 06:00:00,2.7150911433448974,0.014213486013661115
2046-09-18 06:30:00,2.707366422685293,0.014213486013661115
2046-09-18 07:00:00,2.6996417020256884,0.014213486013661115
2046-09-18 07:30:00,2.691916981366084,0.0
2046-09-18 08:00:00,2.691916981366084,0.0
2046-09-18 08:30:00,2.691916981366084,-0.014213486013661115
2046-09-18 09:00:00,2.698455184932368,-0.014213486013661115
2046-09-18 09:30:00,2.7049933884986523,-0.014213486013661115
2046-09-18 10:00:00,2.7115315920649365,-0.014213486013661115
2046-09-18 10:30:00,2.7180697956312208,-0.014213486013661115
2046-09-18 11:00:00,2.724607999197505,-0.014213486013661115
2046-09-18 11:30:00,2.731146202763789,-0.014213486013661115
2046-09-18 12:00:00,2.7376844063300734,-0.014213486013661115
2046-09-18 12:30:00,2.7442226098963576,-0.014213486013661115
2046-09-18 13:00:00,2.750760813462642,-0.014213486013661115
2046-09-18 13:30:00,2.757299017028926,-0.014213486013661115
2046-09-18 14:00:00,2.76383722059521,-0.014213486013661115
2046-09-18 14:30:00,2.7703754241614944,-0.014213486013661115
2046-09-18 15:00:00,2.7769136277277786,-0.014213486013661115
2046-09-18 15:30:00,2.783451831294063,-0.014213486013661115
2046-09-18 16:00:00,2.789990034860347,-0.014213486013661115
2046-09-18 16:30:00,2.7965282384266312,-0.014213486013661115
2046-09-18 17:00:00,2.8030664419929154,0.0
2046-09-18 17:30:00,2.8030664419929154,0.0
2046-09-18 18:00:00,2.8030664419929154,0.0
2046-09-18 18:30:00,2.8030664419929154,0.0
2046-09-18 19:00:00,2.8030664419929154,0.0
2046-09-18 19:30:00,2.8030664419929154,0.0
2046-09-18 20:00:00,2.8030664419929154,0.0
2046-09-18 20:30:00,2.8030664419929154,0.0
2046-09-18 21:00:00,2.8030664419929154,0.0
2046-09-18 21:30:00,2.8030664419929154,0.0
2046-09-18 22:00:00,2.8030664419929154,0.0
2046-09-18 22:30:00,2.8030664419929154,0.0
2046-09-18 23:00:00,2.8030664419929154,0.0
2046-09-18 23:30:00,2.8030664419929154,0.0
2046-09-19 00:00:00,2.8030664419929154,0.0
2046-09-19 00:30:00,2.8030664419929154,0.0
2046-09-19 01:00:00,2.8030664419929154,0.0
2046-09-19 01:30:00,2.8030664419929154,0.0
2046-09-19 02:00:00,2.8030664419929154,0.0
2046-09-19 02:30:00,2.8030664419929154,0.0
2046-09-19 03:00:00,2.8030664419929154,0.0
2046-09-19 03:30:00,2.8030664419929154,0.0
2046-09-19 04:00:00,2.8030664419929154,0.0
2046-09-19 04:30:00,2.8030664419929154,0.0
2046-09-19 05:00:00,2.8030664419929154,0.0
2046-09-19 05:30:00,2.8030664419929154,0.0
2046-09-19 06:00:00,2.8030664419929154,0.0
2046-09-19 06:30:00,2.8030664419929154,0.0
2046-09-19 07:00:00,2.8030664419929154,-0.014213486013661115
2046-09-19 07:30:00,2.8096046455591996,0.0
2046-09-19 08:00:00,2.8096046455591996,-0.014213486013661115
2046-09-19 08:30:00,2.816142849125484,0.0
2046-09-19 09:00:00,2.816142849125484,-0.014213486013661115
2046-09-19 09:30:00,2.822681052691768,-0.014213486013661115
2046-09-19 10:00:00,2.8292192562580523,-0.014213486013661115
2046-09-19 10:30:00,2.8357574598243365,-0.014213486013661115
2046-09-19 11:00:00,2.8422956633906207,-0.014213486013661115
2046-09-19 11:30:00,2.848833866956905,-0.014213486013661115
2046-09-19 12:00:00,2.855372070523189,-0.014213486013661115
2046-09-19 12:30:00,2.8619102740894733,-0.014213486013661115
2046-09-19 13:00:00,2.8684484776557575,-0.014213486013661115
2046-09-19 13:30:00,2.8749866812220417,-0.014213486013661115
2046-09-19 14:00:00,2.881524884788326,-0.0035963516110484872
2046-09-19 14:30:00,2.8831792065294084,-0.014213486013661115
2046-09-19 15:00:00,2.8897174100956926,-0.014213486013661115
2046-09-19 15:30:00,2.896255613661977,-0.014213486013661115
2046-09-19 16:00:00,2.902793817228261,-0.014213486013661115
2046-09-19 16:30:00,2.9093320207945452,-0.014213486013661115
2046-09-19 17:00:00,2.9158702243608294,-0.014213486013661115
2046-09-19 17:30:00,2.9224084279271136,-0.014213486013661115
2046-09-19 18:00:00,2.928946631493398,0.0
2046-09-19 18:30:00,2.928946631493398,0.0
2046-09-19 19:00:00,2.928946631493398,0.0
2046-09-19 19:30:00,2.928946631493398,0.0
2046-09-19 20:00:00,2.928946631493398,0.0
2046-09-19 20:30:00,2.928946631493398,0.0
2046-09-19 21:00:00,2.928946631493398,0.0
2046-09-19 21:30:00,2.928946631493398,-0.014213486013661115
2046-09-19 22:00:00,2.935484835059682,-0.014213486013661115
2046-09-19 22:30:00,2.9420230386259663,-0.014213486013661115
2046-09-19 23:00:00,2.9485612421922505,0.0
2046-09-19 23:30:00,2.9485612421922505,0.0
2046-09-20 00:00:00,2.9485612421922505,0.0
2046-09-20 00:30:00,2.9485612421922505,0.0
2046-09-20 01:00:00,2.9485612421922505,0.0
2046-09-20 01:30:00,2.9485612421922505,0.0
2046-09-20 02:00:00,2.9485612421922505,0.0
2046-09-20 02:30:00,2.9485612421922505,0.0
2046-09-20 03:00:00,2.9485612421922505,0.0
2046-09-20 03:30:00,2.9485612421922505,0.0
2046-09-20 04:00:00,2.9485612421922505,0.0
2046-09-20 04:30:00,2.9485612421922505,0.0
2046-09-20 05:00:00,2.9485612421922505,0.0
2046-09-20 05:30:00,2.9485612421922505,0.0
2046-09-20 06:00:00,2.9485612421922505,0.0
2046-09-20 06:30:00,2.9485612421922505,0.0
2046-09-20 07:00:00,2.9485612421922505,-0.014213486013661115
2046-09-20 07:30:00,2.9550994457585347,-0.014213486013661115
2046-09-20 08:00:00,2.961637649324819,-0.014213486013661115
2046-09-20 08:30:00,2.968175852891103,-0.014213486013661115
2046-09-20 09:00:00,2.9747140564573873,-0.014213486013661115
2046-09-20 09:30:00,2.9812522600236715,-0.014213486013661115
2046-09-20 10:00:00,2.9877904635899557,-0.014213486013661115
2046-09-20 10:30:00,2.99432866715624,-0.014213486013661115
2046-09-20 11:00:00,3.000866870722524,-0.014213486013661115
2046-09-20 11:30:00,3.0074050742888083,-0.014213486013661115
2046-09-20 12:00:00,3.0139432778550925,-0.014213486013661115
2046-09-20 12:30:00,3.0204814814213767,0.0
2046-09-20 13:00:00,3.0204814814213767,0.0
2046-09-20 13:30:00,3.0204814814213767,0.0
2046-09-20 14:00:00,3.0204814814213767,0.0
2046-09-20 14:30:00,3.0204814814213767,0.0
2046-09-20 15:00:00,3.0204814814213767,0.0
2046-09-20 15:30:00,3.0204814814213767,0.0
2046-09-20 16:00:00,3.0204814814213767,0.0
2046-09-20 16:30:00,3.0204814814213767,0.0
2046-09-20 17:00:00,3.0204814814213767,0.0
2046-09-20 17:30:00,3.0204814814213767,0.0
2046-09-20 18:00:00,3.0204814814213767,0.0
2046-09-20 18:30:00,3.0204814814213767,0.0
2046-09-20 19:00:00,3.0204814814213767,0.0
2046-09-20 19:30:00,3.0204814814213767,0.0
2046-09-20 20:00:00,3.0204814814213767,0.0
2046-09-20 20:30:00,3.0204814814213767,0.0
2046-09-20 21:00:00,3.0204814814213767,0.0
2046-09-20 21:30:00,3.0204814814213767,0.0
2046-09-20 22:00:00,3.0204814814213767,0.0
2046-09-20 22:30:00,3.0204814814213767,0.0
2046-09-20 23:00:00,3.0204814814213767,0.0
2046-09-20 23:30:00,3.0204814814213767,0.0
2046-09-21 00:00:00,3.0204814814213767,0.0
2046-09-21 00:30:00,3.0204814814213767,0.0
2046-09-21 01:00:00,3.0204814814213767,0.0
2046-09-21 01:30:00,3.0204814814213767,0.0
2046-09-21 02:00:00,3.0204814814213767,0.0
2046-09-21 02:30:00,3.0204814814213767,0.0
2046-09-21 03:00:00,3.0204814814213767,0.0
2046-09-21 03:30:00,3.0204814814213767,0.0
2046-09-21 04:00:00,3.0204814814213767,0.0
2046-09-21 04:30:00,3.0204814814213767,0.0
2046-09-21 05:00:00,3.0204814814213767,0.0
2046-09-21 05:30:00,3.0204814814213767,0.0
2046-09-21 06:00:00,3.0204814814213767,0.0
2046-09-21 06:30:00,3.0204814814213767,0.0062226572622080985
2046-09-21 07:00:00,3.017099602474522,0.0
2046-09-21 07:30:00,3.017099602474522,-0.007351910754032228
2046-09-21 08:00:00,3.0204814814213767,0.0
2046-09-21 08:30:00,3.0204814814213767,0.0
2046-09-21 09:00:00,3.0204814814213767,0.0
2046-09-21 09:30:00,3.0204814814213767,0.0
2046-09-21 10:00:00,3.0204814814213767,0.0
2046-09-21 10:30:00,3.0204814814213767,0.0
2046-09-21 11:00:00,3.0204814814213767,0.0
2046-09-21 11:30:00,3.0204814814213767,0.0
2046-09-21 12:00:00,3.0204814814213767,0.0
2046-09-21 12:30:00,3.0204814814213767,0.0
2046-09-21 13:00:00,3.0204814814213767,0.0
2046-09-21 13:30:00,3.0204814814213767,0.0
2046-09-21 14:00:00,3.0204814814213767,0.0
2046-09-21 14:30:00,3.0204814814213767,0.0
2046-09-21 15:00:00,3.0204814814213767,0.0
2046-09-21 15:30:00,3.0204814814213767,0.0
2046-09-21 16:00:00,3.0204814814213767,0.0
2046-09-21 16:30:00,3.0204814814213767,0.0
2046-09-21 17:00:00,3.0204814814213767,0.0
2046-09-21 17:30:00,3.0204814814213767,0.0
2046-09-21 18:00:00,3.0204814814213767,0.0
2046-09-21 18:30:00,3.0204814814213767,0.0
2046-09-21 19:00:00,3.0204814814213767,0.0
2046-09-21 19:30:00,3.0204814814213767,0.014213486013661115
2046-09-21 20:00:00,3.0127567607617722,0.0
2046-09-21 20:30:00,3.0127567607617722,0.0
2046-09-21 21:00:00,3.0127567607617722,0.0
2046-09-21 21:30:00,3.0127567607617722,0.0
2046-09-21 22:00:00,3.0127567607617722,0.0
2046-09-21 22:30:00,3.0127567607617722,0.014213486013661115
2046-09-21 23:00:00,3.0050320401021677,0.0
2046-09-21 23:30:00,3.0050320401021677,0.0
2046-09-22 00:00:00,3.0050320401021677,0.0
2046-09-22 00:30:00,3.0050320401021677,0.0
2046-09-22 01:00:00,3.0050320401021677,0.0
2046-09-22 01:30:00,3.0050320401021677,0.014213486013661115
2046-09-22 02:00:00,2.9973073194425632,0.0
2046-09-22 02:30:00,2.9973073194425632,0.0
2046-09-22 03:00:00,2.9973073194425632,0.0
2046-09-22 03:30:00,2.9973073194425632,0.0
2046-09-22 04:00:00,2.9973073194425632,0.0
2046-09-22 04:30:00,2.9973073194425632,0.0
2046-09-22 05:00:00,2.9973073194425632,0.0
2046-09-22 05:30:00,2.9973073194425632,0.0
2046-09-22 06:00:00,2.9973073194425632,0.0
2046-09-22 06:30:00,2.9973073194425632,0.0
2046-09-22 07:00:00,2.9973073194425632,-0.0077381549564366995
2046-09-22 07:30:00,3.000866870722524,-0.014213486013661115
2046-09-22 08:00:00,3.0074050742888083,-0.014213486013661115
2046-09-22 08:30:00,3.0139432778550925,-0.014213486013661115
2046-09-22 09:00:00,3.0204814814213767,0.0
2046-09-22 09:30:00,3.0204814814213767,0.0
2046-09-22 10:00:00,3.0204814814213767,0.0
2046-09-22 10:30:00,3.0204814814213767,0.0
2046-09-22 11:00:00,3.0204814814213767,0.0
2046-09-22 11:30:00,3.0204814814213767,0.0
2046-09-22 12:00:00,3.0204814814213767,0.0
2046-09-22 12:30:00,3.0204814814213767,0.0
2046-09-22 13:00:00,3.0204814814213767,0.0
2046-09-22 13:30:00,3.0204814814213767,0.0
2046-09-22 14:00:00,3.0204814814213767,0.0
2046-09-22 14:30:00,3.0204814814213767,0.0
2046-09-22 15:00:00,3.0204814814213767,0.0
2046-09-22 15:30:00,3.0204814814213767,0.0
2046-09-22 16:00:00,3.0204814814213767,0.0
2046-09-22 16:30:00,3.0204814814213767,0.0
2046-09-22 17:00:00,3.0204814814213767,0.0
2046-09-22 17:30:00,3.0204814814213767,0.0
2046-09-22 18:00:00,3.0204814814213767,0.0
2046-09-22 18:30:00,3.0204814814213767,0.0
2046-09-22 19:00:00,3.0204814814213767,0.0
2046-09-22 19:30:00,3.0204814814213767,0.0
2046-09-22 20:00:00,3.0204814814213767,0.0
2046-09-22 20:30:00,3.0204814814213767,0.0
2046-09-22 21:00:00,3.0204814814213767,0.0
2046-09-22 21:30:00,3.0204814814213767,0.0
2046-09-22 22:00:00,3.0204814814213767,0.0
2046-09-22 22:30:00,3.0204814814213767,0.0
2046-09-22 23:00:00,3.0204814814213767,0.0
2046-09-22 23:30:00,3.0204814814213767,0.0
2046-09-23 00:00:00,3.0204814814213767,0.0
2046-09-23 00:30:00,3.0204814814213767,0.0
2046-09-23 01:00:00,3.0204814814213767,0.0
2046-09-23 01:30:00,3.0204814814213767,0.0
2046-09-23 02:00:00,3.0204814814213767,0.0
2046-09-23 02:30:00,3.0204814814213767,0.0
2046-09-23 03:00:00,3.0204814814213767,0.0
2046-09-23 03:30:00,3.0204814814213767,0.0
2046-09-23 04:00:00,3.0204814814213767,0.0
2046-09-23 04:30:00,3.0204814814213767,0.0
2046-09-23 05:00:00,3.0204814814213767,0.0
2046-09-23 05:30:00,3.0204814814213767,0.0
2046-09-23 06:00:00,3.0204814814213767,0.0
2046-09-23 06:30:00,3.0204814814213767,0.0
2046-09-23 07:00:00,3.0204814814213767,0.0
2046-09-23 07:30:00,3.0204814814213767,0.0
2046-09-23 08:00:00,3.0204814814213767,0.0
2046-09-23 08:30:00,3.0204814814213767,0.0
2046-09-23 09:00:00,3.0204814814213767,0.0
2046-09-23 09:30:00,3.0204814814213767,0.0
2046-09-23 10:00:00,3.0204814814213767,0.0
2046-09-23 10:30:00,3.0204814814213767,0.0
2046-09-23 11:00:00,3.0204814814213767,0.0
2046-09-23 11:30:00,3.0204814814213767,0.0
2046-09-23 12:00:00,3.0204814814213767,0.0
2046-09-23 12:30:00,3.0204814814213767,0.0
2046-09-23 13:00:00,3.0204814814213767,0.0
2046-09-23 13:30:00,3.0204814814213767,0.0
2046-09-23 14:00:00,3.0204814814213767,0.0
2046-09-23 14:30:00,3.0204814814213767,0.0
2046-09-23 15:00:00,3.0204814814213767,0.0
2046-09-23 15:30:00,3.0204814814213767,0.0
2046-09-23 16:00:00,3.0204814814213767,0.0
2046-09-23 16:30:00,3.0204814814213767,0.0
2046-09-23 17:00:00,3.0204814814213767,0.0
2046-09-23 17:30:00,3.0204814814213767,0.0
2046-09-23 18:00:00,3.0204814814213767,0.0
2046-09-23 18:30:00,3.0204814814213767,0.0
2046-09-23 19:00:00,3.0204814814213767,0.0
2046-09-23 19:30:00,3.0204814814213767,0.0
2046-09-23 20:00:00,3.0204814814213767,0.0
2046-09-23 20:30:00,3.0204814814213767,0.0
2046-09-23 21:00:00,3.0204814814213767,0.0
2046-09-23 21:30:00,3.0204814814213767,0.0
2046-09-23 22:00:00,3.0204814814213767,0.0
2046-09-23 22:30:00,3.0204814814213767,0.0
2046-09-23 23:00:00,3.0204814814213767,0.0
2046-09-23 23:30:00,3.0204814814213767,0.0
2046-09-24 00:00:00,3.0204814814213767,0.0
2046-09-24 00:30:00,3.0204814814213767,0.0
2046-09-24 01:00:00,3.0204814814213767,0.0
2046-09-24 01:30:00,3.0204814814213767,0.0
2046-09-24 02:00:00,3.0204814814213767,0.0
2046-09-24 02:30:00,3.0204814814213767,0.0
2046-09-24 03:00:00,3.0204814814213767,0.0
2046-09-24 03:30:00,3.0204814814213767,0.0
2046-09-24 04:00:00,3.0204814814213767,0.0
2046-09-24 04:30:00,3.0204814814213767,0.0
2046-09-24 05:00:00,3.0204814814213767,0.0
2046-09-24 05:30:00,3.0204814814213767,0.0
2046-09-24 06:00:00,3.0204814814213767,0.0
2046-09-24 06:30:00,3.0204814814213767,0.0
2046-09-24 07:00:00,3.0204814814213767,0.0
2046-09-24 07:30:00,3.0204814814213767,0.0
2046-09-24 08:00:00,3.0204814814213767,0.0
2046-09-24 08:30:00,3.0204814814213767,0.0
2046-09-24 09:00:00,3.0204814814213767,0.0
2046-09-24 09:30:00,3.0204814814213767,0.0
2046-09-24 10:00:00,3.0204814814213767,0.0
2046-09-24 10:30:00,3.0204814814213767,0.0
2046-09-24 11:00:00,3.0204814814213767,0.0
2046-09-24 11:30:00,3.0204814814213767,0.0
2046-09-24 12:00:00,3.0204814814213767,0.0
2046-09-24 12:30:00,3.0204814814213767,0.0
2046-09-24 13:00:00,3.0204814814213767,0.0
2046-09-24 13:30:00,3.0204814814213767,0.0
2046-09-24 14:00:00,3.0204814814213767,0.0
2046-09-24 14:30:00,3.0204814814213767,0.0
2046-09-24 15:00:00,3.0204814814213767,0.0
2046-09-24 15:30:00,3.0204814814213767,0.0
2046-09-24 16:00:00,3.0204814814213767,0.0
2046-09-24 16:30:00,3.0204814814213767,0.0
2046-09-24 17:00:00,3.0204814814213767,0.0
2046-09-24 17:30:00,3.0204814814213767,0.0
2046-09-24 18:00:00,3.0204814814213767,0.0
2046-09-24 18:30:00,3.0204814814213767,0.0
2046-09-24 19:00:00,3.0204814814213767,0.014213486013661115
2046-09-24 19:30:00,3.0127567607617722,0.0
2046-09-24 20:00:00,3.0127567607617722,0.0
2046-09-24 20:30:00,3.0127567607617722,0.0
2046-09-24 21:00:00,3.0127567607617722,0.0
2046-09-24 21:30:00,3.0127567607617722,0.0
2046-09-24 22:00:00,3.0127567607617722,0.0
2046-09-24 22:30:00,3.0127567607617722,0.0
2046-09-24 23:00:00,3.0127567607617722,0.0
2046-09-24 23:30:00,3.0127567607617722,0.0
2046-09-25 00:00:00,3.0127567607617722,0.0
2046-09-25 00:30:00,3.0127567607617722,0.0
2046-09-25 01:00:00,3.0127567607617722,0.0
2046-09-25 01:30:00,3.0127567607617722,0.0
2046-09-25 02:00:00,3.0127567607617722,0.0
2046-09-25 02:30:00,3.0127567607617722,0.014213486013661115
2046-09-25 03:00:00,3.0050320401021677,0.0
2046-09-25 03:30:00,3.0050320401021677,0.014213486013661115
2046-09-25 04:00:00,2.9973073194425632,0.0
2046-09-25 04:30:00,2.9973073194425632,0.0
2046-09-25 05:00:00,2.9973073194425632,0.0
2046-09-25 05:30:00,2.9973073194425632,0.014213486013661115
2046-09-25 06:00:00,2.9895825987829587,0.0
2046-09-25 06:30:00,2.9895825987829587,0.0
2046-09-25 07:00:00,2.9895825987829587,0.0
2046-09-25 07:30:00,2.9895825987829587,0.0
2046-09-25 08:00:00,2.9895825987829587,-0.014213486013661115
2046-09-25 08:30:00,2.996120802349243,-0.014213486013661115
2046-09-25 09:00:00,3.002659005915527,-0.014213486013661115
2046-09-25 09:30:00,3.0091972094818114,-0.014213486013661115
2046-09-25 10:00:00,3.0157354130480956,-0.0103175399419156
2046-09-25 10:30:00,3.0204814814213767,0.0
2046-09-25 11:00:00,3.0204814814213767,0.0
2046-09-25 11:30:00,3.0204814814213767,0.0
2046-09-25 12:00:00,3.0204814814213767,0.0
2046-09-25 12:30:00,3.0204814814213767,0.0
2046-09-25 13:00:00,3.0204814814213767,0.0
2046-09-25 13:30:00,3.0204814814213767,0.0
2046-09-25 14:00:00,3.0204814814213767,0.0
2046-09-25 14:30:00,3.0204814814213767,0.0
2046-09-25 15:00:00,3.0204814814213767,0.0
2046-09-25 15:30:00,3.0204814814213767,0.0
2046-09-25 16:00:00,3.0204814814213767,0.0
2046-09-25 16:30:00,3.0204814814213767,0.0
2046-09-25 17:00:00,3.0204814814213767,0.0
2046-09-25 17:30:00,3.0204814814213767,0.0
2046-09-25 18:00:00,3.0204814814213767,0.0
2046-09-25 18:30:00,3.0204814814213767,0.0
2046-09-25 19:00:00,3.0204814814213767,0.0
2046-09-25 19:30:00,3.0204814814213767,0.0
2046-09-25 20:00:00,3.0204814814213767,0.0
2046-09-25 20:30:00,3.0204814814213767,0.0
2046-09-25 21:00:00,3.0204814814213767,0.0
2046-09-25 21:30:00,3.0204814814213767,0.0
2046-09-25 22:00:00,3.0204814814213767,0.0
2046-09-25 22:30:00,3.0204814814213767,0.0
2046-09-25 23:00:00,3.0204814814213767,0.0
2046-09-25 23:30:00,3.0204814814213767,0.0
2046-09-26 00:00:00,3.0204814814213767,0.0
2046-09-26 00:30:00,3.0204814814213767,0.0
2046-09-26 01:00:00,3.0204814814213767,0.0
2046-09-26 01:30:00,3.0204814814213767,0.0
2046-09-26 02:00:00,3.0204814814213767,0.0
2046-09-26 02:30:00,3.0204814814213767,0.0
2046-09-26 03:00:00,3.0204814814213767,0.0
2046-09-26 03:30:00,3.0204814814213767,0.0
2046-09-26 04:00:00,3.0204814814213767,0.0
2046-09-26 04:30:00,3.0204814814213767,0.0
2046-09-26 05:00:00,3.0204814814213767,0.0
2046-09-26 05:30:00,3.0204814814213767,0.0
2046-09-26 06:00:00,3.0204814814213767,0.0
2046-09-26 06:30:00,3.0204814814213767,0.0
2046-09-26 07:00:00,3.0204814814213767,0.0
2046-09-26 07:30:00,3.0204814814213767,0.0
2046-09-26 08:00:00,3.0204814814213767,0.0
2046-09-26 08:30:00,3.0204814814213767,0.0
2046-09-26 09:00:00,3.0204814814213767,0.0
2046-09-26 09:30:00,3.0204814814213767,0.0
2046-09-26 10:00:00,3.0204814814213767,0.0
2046-09-26 10:30:00,3.0204814814213767,0.0
2046-09-26 11:00:00,3.0204814814213767,0.0
2046-09-26 11:30:00,3.0204814814213767,0.0
2046-09-26 12:00:00,3.0204814814213767,0.0
2046-09-26 12:30:00,3.0204814814213767,0.0
2046-09-26 13:00:00,3.0204814814213767,0.0
2046-09-26 13:30:00,3.0204814814213767,0.0
2046-09-26 14:00:00,3.0204814814213767,0.0
2046-09-26 14:30:00,3.0204814814213767,0.0
2046-09-26 15:00:00,3.0204814814213767,0.0
2046-09-26 15:30:00,3.0204814814213767,0.0
2046-09-26 16:00:00,3.0204814814213767,0.0
2046-09-26 16:30:00,3.0204814814213767,0.0
2046-09-26 17:00:00,3.0204814814213767,0.0
2046-09-26 17:30:00,3.0204814814213767,0.0
2046-09-26 18:00:00,3.0204814814213767,0.0
2046-09-26 18:30:00,3.0204814814213767,0.0
2046-09-26 19:00:00,3.0204814814213767,0.0
2046-09-26 19:30:00,3.0204814814213767,0.012030294561953316
2046-09-26 20:00:00,3.0139432778550925,-0.014213486013661115
2046-09-26 20:30:00,3.0204814814213767,0.0
2046-09-26 21:00:00,3.0204814814213767,0.0
2046-09-26 21:30:00,3.0204814814213767,0.0
2046-09-26 22:00:00,3.0204814814213767,0.0
2046-09-26 22:30:00,3.0204814814213767,0.0
2046-09-26 23:00:00,3.0204814814213767,0.0
2046-09-26 23:30:00,3.0204814814213767,0.0
2046-09-27 00:00:00,3.0204814814213767,0.0
2046-09-27 00:30:00,3.0204814814213767,0.0
2046-09-27 01:00:00,3.0204814814213767,0.0
2046-09-27 01:30:00,3.0204814814213767,0.0
2046-09-27 02:00:00,3.0204814814213767,0.0
2046-09-27 02:30:00,3.0204814814213767,0.0
2046-09-27 03:00:00,3.0204814814213767,0.0
2046-09-27 03:30:00,3.0204814814213767,0.0
2046-09-27 04:00:00,3.0204814814213767,0.0
2046-09-27 04:30:00,3.0204814814213767,0.0
2046-09-27 05:00:00,3.0204814814213767,0.0
2046-09-27 05:30:00,3.0204814814213767,0.0
2046-09-27 06:00:00,3.0204814814213767,0.014213486013661115
2046-09-27 06:30:00,3.0127567607617722,0.009847103110245722
2046-09-27 07:00:00,3.0074050742888083,0.0
2046-09-27 07:30:00,3.0074050742888083,-0.014213486013661115
2046-09-27 08:00:00,3.0139432778550925,-0.014213486013661115
2046-09-27 08:30:00,3.0204814814213767,0.0
2046-09-27 09:00:00,3.0204814814213767,0.0
2046-09-27 09:30:00,3.0204814814213767,0.0
2046-09-27 10:00:00,3.0204814814213767,0.0
2046-09-27 10:30:00,3.0204814814213767,0.0
2046-09-27 11:00:00,3.0204814814213767,0.0
2046-09-27 11:30:00,3.0204814814213767,0.0
2046-09-27 12:00:00,3.0204814814213767,0.0
2046-09-27 12:30:00,3.0204814814213767,0.0
2046-09-27 13:00:00,3.0204814814213767,0.0
2046-09-27 13:30:00,3.0204814814213767,0.0
2046-09-27 14:00:00,3.0204814814213767,0.0
2046-09-27 14:30:00,3.0204814814213767,0.0
2046-09-27 15:00:00,3.0204814814213767,0.0
2046-09-27 15:30:00,3.0204814814213767,0.0
2046-09-27 16:00:00,3.0204814814213767,0.0
2046-09-27 16:30:00,3.0204814814213767,0.0
2046-09-27 17:00:00,3.0204814814213767,0.0
2046-09-27 17:30:00,3.0204814814213767,0.0
2046-09-27 18:00:00,3.0204814814213767,0.0
2046-09-27 18:30:00,3.0204814814213767,0.0
2046-09-27 19:00:00,3.0204814814213767,0.0
2046-09-27 19:30:00,3.0204814814213767,0.0
2046-09-27 20:00:00,3.0204814814213767,0.0
2046-09-27 20:30:00,3.0204814814213767,0.0
2046-09-27 21:00:00,3.0204814814213767,0.0
2046-09-27 21:30:00,3.0204814814213767,0.0
2046-09-27 22:00:00,3.0204814814213767,0.014213486013661115
2046-09-27 22:30:00,3.0127567607617722,0.0
2046-09-27 23:00:00,3.0127567607617722,0.0
2046-09-27 23:30:00,3.0127567607617722,0.0
2046-09-28 00:00:00,3.0127567607617722,0.0
2046-09-28 00:30:00,3.0127567607617722,0.0
2046-09-28 01:00:00,3.0127567607617722,0.0
2046-09-28 01:30:00,3.0127567607617722,0.0
2046-09-28 02:00:00,3.0127567607617722,0.0
2046-09-28 02:30:00,3.0127567607617722,0.0
2046-09-28 03:00:00,3.0127567607617722,0.0
2046-09-28 03:30:00,3.0127567607617722,-0.0025793849854789
2046-09-28 04:00:00,3.0139432778550925,-0.014213486013661115
2046-09-28 04:30:00,3.0204814814213767,0.0
2046-09-28 05:00:00,3.0204814814213767,0.0
2046-09-28 05:30:00,3.0204814814213767,0.0
2046-09-28 06:00:00,3.0204814814213767,0.0
2046-09-28 06:30:00,3.0204814814213767,0.0
2046-09-28 07:00:00,3.0204814814213767,0.0
2046-09-28 07:30:00,3.0204814814213767,0.0
2046-09-28 08:00:00,3.0204814814213767,0.0
2046-09-28 08:30:00,3.0204814814213767,0.0
2046-09-28 09:00:00,3.0204814814213767,0.0
2046-09-28 09:30:00,3.0204814814213767,0.0
2046-09-28 10:00:00,3.0204814814213767,0.0
2046-09-28 10:30:00,3.0204814814213767,0.0
2046-09-28 11:00:00,3.0204814814213767,0.0
2046-09-28 11:30:00,3.0204814814213767,0.0
2046-09-28 12:00:00,3.0204814814213767,0.0
2046-09-28 12:30:00,3.0204814814213767,0.0
2046-09-28 13:00:00,3.0204814814213767,0.0
2046-09-28 13:30:00,3.0204814814213767,0.0
2046-09-28 14:00:00,3.0204814814213767,0.0
2046-09-28 14:30:00,3.0204814814213767,0.0
2046-09-28 15:00:00,3.0204814814213767,0.0
2046-09-28 15:30:00,3.0204814814213767,0.0
2046-09-28 16:00:00,3.0204814814213767,0.0
2046-09-28 16:30:00,3.0204814814213767,0.0
2046-09-28 17:00:00,3.0204814814213767,0.0
2046-09-28 17:30:00,3.0204814814213767,0.0
2046-09-28 18:00:00,3.0204814814213767,0.0
2046-09-28 18:30:00,3.0204814814213767,0.0
2046-09-28 19:00:00,3.0204814814213767,0.0
2046-09-28 19:30:00,3.0204814814213767,0.0
2046-09-28 20:00:00,3.0204814814213767,0.0
2046-09-28 20:30:00,3.0204814814213767,0.0
2046-09-28 21:00:00,3.0204814814213767,0.0
2046-09-28 21:30:00,3.0204814814213767,0.0
2046-09-28 22:00:00,3.0204814814213767,0.0
2046-09-28 22:30:00,3.0204814814213767,0.0
2046-09-28 23:00:00,3.0204814814213767,0.0
2046-09-28 23:30:00,3.0204814814213767,0.0
2046-09-29 00:00:00,3.0204814814213767,0.0
2046-09-29 00:30:00,3.0204814814213767,0.0
2046-09-29 01:00:00,3.0204814814213767,0.0
2046-09-29 01:30:00,3.0204814814213767,0.0
2046-09-29 02:00:00,3.0204814814213767,0.0
2046-09-29 02:30:00,3.0204814814213767,0.0
2046-09-29 03:00:00,3.0204814814213767,0.0
2046-09-29 03:30:00,3.0204814814213767,0.0
2046-09-29 04:00:00,3.0204814814213767,0.0
2046-09-29 04:30:00,3.0204814814213767,0.0
2046-09-29 05:00:00,3.0204814814213767,0.0
2046-09-29 05:30:00,3.0204814814213767,0.0
2046-09-29 06:00:00,3.0204814814213767,0.0
2046-09-29 06:30:00,3.0204814814213767,0.0
2046-09-29 07:00:00,3.0204814814213767,0.0
2046-09-29 07:30:00,3.0204814814213767,0.0
2046-09-29 08:00:00,3.0204814814213767,0.0
2046-09-29 08:30:00,3.0204814814213767,0.0
2046-09-29 09:00:00,3.0204814814213767,0.0
2046-09-29 09:30:00,3.0204814814213767,0.0
2046-09-29 10:00:00,3.0204814814213767,0.0
2046-09-29 10:30:00,3.0204814814213767,0.0
2046-09-29 11:00:00,3.0204814814213767,0.0
2046-09-29 11:30:00,3.0204814814213767,0.0
2046-09-29 12:00:00,3.0204814814213767,0.0
2046-09-29 12:30:00,3.0204814814213767,0.0
2046-09-29 13:00:00,3.0204814814213767,0.0
2046-09-29 13:30:00,3.0204814814213767,0.0
2046-09-29 14:00:00,3.0204814814213767,0.0
2046-09-29 14:30:00,3.0204814814213767,0.0
2046-09-29 15:00:00,3.0204814814213767,0.0
2046-09-29 15:30:00,3.0204814814213767,0.0
2046-09-29 16:00:00,3.0204814814213767,0.0
2046-09-29 16:30:00,3.0204814814213767,0.0
2046-09-29 17:00:00,3.0204814814213767,0.0
2046-09-29 17:30:00,3.0204814814213767,0.0
2046-09-29 18:00:00,3.0204814814213767,0.0
2046-09-29 18:30:00,3.0204814814213767,0.0
2046-09-29 19:00:00,3.0204814814213767,0.0
2046-09-29 19:30:00,3.0204814814213767,0.0
2046-09-29 20:00:00,3.0204814814213767,0.0
2046-09-29 20:30:00,3.0204814814213767,0.0
2046-09-29 21:00:00,3.0204814814213767,0.0
2046-09-29 21:30:00,3.0204814814213767,0.0
2046-09-29 22:00:00,3.0204814814213767,0.0
2046-09-29 22:30:00,3.0204814814213767,0.0
2046-09-29 23:00:00,3.0204814814213767,0.0
2046-09-29 23:30:00,3.0204814814213767,0.0
2046-09-30 00:00:00,3.0204814814213767,0.0
2046-09-30 00:30:00,3.0204814814213767,0.0
2046-09-30 01:00:00,3.0204814814213767,0.0
2046-09-30 01:30:00,3.0204814814213767,0.0
2046-09-30 02:00:00,3.0204814814213767,0.014213486013661115
2046-09-30 02:30:00,3.0127567607617722,0.0
2046-09-30 03:00:00,3.0127567607617722,0.0
2046-09-30 03:30:00,3.0127567607617722,0.0
2046-09-30 04:00:00,3.0127567607617722,0.0
2046-09-30 04:30:00,3.0127567607617722,0.014213486013661115
2046-09-30 05:00:00,3.0050320401021677,0.0
2046-09-30 05:30:00,3.0050320401021677,0.014213486013661115
2046-09-30 06:00:00,2.9973073194425632,0.0
2046-09-30 06:30:00,2.9973073194425632,0.0
2046-09-30 07:00:00,2.9973073194425632,0.0
2046-09-30 07:30:00,2.9973073194425632,0.0
2046-09-30 08:00:00,2.9973073194425632,0.0
2046-09-30 08:30:00,2.9973073194425632,0.0
2046-09-30 09:00:00,2.9973073194425632,-0.014213486013661115
2046-09-30 09:30:00,3.0038455230088474,-0.014213486013661115
2046-09-30 10:00:00,3.0103837265751316,-0.0077381549564366995
2046-09-30 10:30:00,3.0139432778550925,-0.014213486013661115
2046-09-30 11:00:00,3.0204814814213767,0.0
2046-09-30 11:30:00,3.0204814814213767,0.0
2046-09-30 12:00:00,3.0204814814213767,0.0
2046-09-30 12:30:00,3.0204814814213767,0.0
2046-09-30 13:00:00,3.0204814814213767,0.0
2046-09-30 13:30:00,3.0204814814213767,0.0
2046-09-30 14:00:00,3.0204814814213767,0.0
2046-09-30 14:30:00,3.0204814814213767,0.0
2046-09-30 15:00:00,3.0204814814213767,0.0
2046-09-30 15:30:00,3.0204814814213767,0.0
2046-09-30 16:00:00,3.0204814814213767,0.0
2046-09-30 16:30:00,3.0204814814213767,0.0
2046-09-30 17:00:00,3.0204814814213767,0.0
2046-09-30 17:30:00,3.0204814814213767,0.0
2046-09-30 18:00:00,3.0204814814213767,0.0
2046-09-30 18:30:00,3.0204814814213767,0.014213486013661115
2046-09-30 19:00:00,3.0127567607617722,0.0
2046-09-30 19:30:00,3.0127567607617722,0.0
2046-09-30 20:00:00,3.0127567607617722,0.0
2046-09-30 20:30:00,3.0127567607617722,0.0
2046-09-30 21:00:00,3.0127567607617722,0.0
2046-09-30 21:30:00,3.0127567607617722,0.0
2046-09-30 22:00:00,3.0127567607617722,0.0
2046-09-30 22:30:00,3.0127567607617722,0.0
2046-09-30 23:00:00,3.0127567607617722,0.0
2046-09-30 23:30:00,3.0127567607617722,0.0
2046-10-01 00:00:00,3.0127567607617722,0.014213486013661115
2046-10-01 00:30:00,3.0050320401021677,0.0
2046-10-01 01:00:00,3.0050320401021677,0.0
2046-10-01 01:30:00,3.0050320401021677,0.014213486013661115
2046-10-01 02:00:00,2.9973073194425632,0.0
2046-10-01 02:30:00,2.9973073194425632,0.0
2046-10-01 03:00:00,2.9973073194425632,0.014213486013661115
2046-10-01 03:30:00,2.9895825987829587,0.0
2046-10-01 04:00:00,2.9895825987829587,0.0011143373034153438
2046-10-01 04:30:00,2.988976980683276,0.0
2046-10-01 05:00:00,2.988976980683276,0.014213486013661115
2046-10-01 05:30:00,2.9812522600236715,0.0
2046-10-01 06:00:00,2.9812522600236715,0.0
2046-10-01 06:30:00,2.9812522600236715,0.0
2046-10-01 07:00:00,2.9812522600236715,0.0
2046-10-01 07:30:00,2.9812522600236715,0.0
2046-10-01 08:00:00,2.9812522600236715,-0.014213486013661115
2046-10-01 08:30:00,2.9877904635899557,-0.014213486013661115
2046-10-01 09:00:00,2.99432866715624,-0.014213486013661115
2046-10-01 09:30:00,3.000866870722524,-0.014213486013661115
2046-10-01 10:00:00,3.0074050742888083,-0.014213486013661115
2046-10-01 10:30:00,3.0139432778550925,-0.014213486013661115
2046-10-01 11:00:00,3.0204814814213767,0.0
2046-10-01 11:30:00,3.0204814814213767,-0.002183191451707799
2046-10-01 12:00:00,3.0204814814213767,0.0
2046-10-01 12:30:00,3.0204814814213767,-0.002183191451707799
2046-10-01 13:00:00,3.0204814814213767,0.0
2046-10-01 13:30:00,3.0204814814213767,0.0
2046-10-01 14:00:00,3.0204814814213767,0.0
2046-10-01 14:30:00,3.0204814814213767,0.0
2046-10-01 15:00:00,3.0204814814213767,0.0
2046-10-01 15:30:00,3.0204814814213767,0.0
2046-10-01 16:00:00,3.0204814814213767,0.0
2046-10-01 16:30:00,3.0204814814213767,0.0
2046-10-01 17:00:00,3.0204814814213767,0.0
2046-10-01 17:30:00,3.0204814814213767,0.0
2046-10-01 18:00:00,3.0204814814213767,0.0
2046-10-01 18:30:00,3.0204814814213767,0.0
2046-10-01 19:00:00,3.0204814814213767,0.0
2046-10-01 19:30:00,3.0204814814213767,0.0
2046-10-01 20:00:00,3.0204814814213767,0.0
2046-10-01 20:30:00,3.0204814814213767,0.0
2046-10-01 21:00:00,3.0204814814213767,0.0
2046-10-01 21:30:00,3.0204814814213767,0.014213486013661115
2046-10-01 22:00:00,3.0127567607617722,0.0
2046-10-01 22:30:00,3.0127567607617722,0.0
2046-10-01 23:00:00,3.0127567607617722,0.0
2046-10-01 23:30:00,3.0127567607617722,0.0
2046-10-02 00:00:00,3.0127567607617722,0.0011143373034153438
2046-10-02 00:30:00,3.0121511426620895,0.0
2046-10-02 01:00:00,3.0121511426620895,0.014213486013661115
2046-10-02 01:30:00,3.004426422002485,0.0
2046-10-02 02:00:00,3.004426422002485,0.014213486013661115
2046-10-02 02:30:00,2.9967017013428805,0.0
2046-10-02 03:00:00,2.9967017013428805,0.014213486013661115
2046-10-02 03:30:00,2.988976980683276,0.0
2046-10-02 04:00:00,2.988976980683276,0.0
2046-10-02 04:30:00,2.988976980683276,0.014213486013661115
2046-10-02 05:00:00,2.9812522600236715,0.0
2046-10-02 05:30:00,2.9812522600236715,0.0
2046-10-02 06:00:00,2.9812522600236715,0.0
2046-10-02 06:30:00,2.9812522600236715,0.0
2046-10-02 07:00:00,2.9812522600236715,0.0
2046-10-02 07:30:00,2.9812522600236715,0.0
2046-10-02 08:00:00,2.9812522600236715,-0.014213486013661115
2046-10-02 08:30:00,2.9877904635899557,-0.014213486013661115
2046-10-02 09:00:00,2.99432866715624,-0.014213486013661115
2046-10-02 09:30:00,3.000866870722524,-0.014213486013661115
2046-10-02 10:00:00,3.0074050742888083,-0.014213486013661115
2046-10-02 10:30:00,3.0139432778550925,-0.014213486013661115
2046-10-02 11:00:00,3.0204814814213767,0.0
2046-10-02 11:30:00,3.0204814814213767,0.0
2046-10-02 12:00:00,3.0204814814213767,0.0
2046-10-02 12:30:00,3.0204814814213767,0.0
2046-10-02 13:00:00,3.0204814814213767,0.0
2046-10-02 13:30:00,3.0204814814213767,0.0
2046-10-02 14:00:00,3.0204814814213767,0.0
2046-10-02 14:30:00,3.0204814814213767,0.0
2046-10-02 15:00:00,3.0204814814213767,0.0
2046-10-02 15:30:00,3.0204814814213767,0.0
2046-10-02 16:00:00,3.0204814814213767,0.0
2046-10-02 16:30:00,3.0204814814213767,0.0
2046-10-02 17:00:00,3.0204814814213767,0.0
2046-10-02 17:30:00,3.0204814814213767,0.0
2046-10-02 18:00:00,3.0204814814213767,0.0
2046-10-02 18:30:00,3.0204814814213767,0.014213486013661115
2046-10-02 19:00:00,3.0127567607617722,0.0
2046-10-02 19:30:00,3.0127567607617722,0.0
2046-10-02 20:00:00,3.0127567607617722,0.0
2046-10-02 20:30:00,3.0127567607617722,0.0
2046-10-02 21:00:00,3.0127567607617722,0.0
2046-10-02 21:30:00,3.0127567607617722,0.0
2046-10-02 22:00:00,3.0127567607617722,0.0
2046-10-02 22:30:00,3.0127567607617722,0.0
2046-10-02 23:00:00,3.0127567607617722,0.014213486013661115
2046-10-02 23:30:00,3.0050320401021677,0.014213486013661115
2046-10-03 00:00:00,2.9973073194425632,0.0
2046-10-03 00:30:00,2.9973073194425632,0.0
2046-10-03 01:00:00,2.9973073194425632,0.0
2046-10-03 01:30:00,2.9973073194425632,0.014213486013661115
2046-10-03 02:00:00,2.9895825987829587,0.0
2046-10-03 02:30:00,2.9895825987829587,0.014213486013661115
2046-10-03 03:00:00,2.9818578781233542,0.0
2046-10-03 03:30:00,2.9818578781233542,0.0
2046-10-03 04:00:00,2.9818578781233542,0.0
2046-10-03 04:30:00,2.9818578781233542,0.0
2046-10-03 05:00:00,2.9818578781233542,0.0
2046-10-03 05:30:00,2.9818578781233542,0.0
2046-10-03 06:00:00,2.9818578781233542,0.014213486013661115
2046-10-03 06:30:00,2.9741331574637497,0.0
2046-10-03 07:00:00,2.9741331574637497,-0.0012628238992120815
2046-10-03 07:30:00,2.9747140564573873,-0.014213486013661115
2046-10-03 08:00:00,2.9812522600236715,-0.014213486013661115
2046-10-03 08:30:00,2.9877904635899557,-0.014213486013661115
2046-10-03 09:00:00,2.99432866715624,-0.014213486013661115
2046-10-03 09:30:00,3.000866870722524,-0.014213486013661115
2046-10-03 10:00:00,3.0074050742888083,-0.014213486013661115
2046-10-03 10:30:00,3.0139432778550925,-0.014213486013661115
2046-10-03 11:00:00,3.0204814814213767,0.0
2046-10-03 11:30:00,3.0204814814213767,0.0
2046-10-03 12:00:00,3.0204814814213767,0.0
2046-10-03 12:30:00,3.0204814814213767,0.0
2046-10-03 13:00:00,3.0204814814213767,0.0
2046-10-03 13:30:00,3.0204814814213767,0.0
2046-10-03 14:00:00,3.0204814814213767,0.0
2046-10-03 14:30:00,3.0204814814213767,0.0
2046-10-03 15:00:00,3.0204814814213767,0.0
2046-10-03 15:30:00,3.0204814814213767,0.0
2046-10-03 16:00:00,3.0204814814213767,0.0
2046-10-03 16:30:00,3.0204814814213767,0.0
2046-10-03 17:00:00,3.0204814814213767,0.0
2046-10-03 17:30:00,3.0204814814213767,0.0
2046-10-03 18:00:00,3.0204814814213767,0.0
2046-10-03 18:30:00,3.0204814814213767,0.0
2046-10-03 19:00:00,3.0204814814213767,0.0
2046-10-03 19:30:00,3.0204814814213767,0.0
2046-10-03 20:00:00,3.0204814814213767,0.0
2046-10-03 20:30:00,3.0204814814213767,0.0
2046-10-03 21:00:00,3.0204814814213767,0.0
2046-10-03 21:30:00,3.0204814814213767,0.0
2046-10-03 22:00:00,3.0204814814213767,0.0
2046-10-03 22:30:00,3.0204814814213767,0.0
2046-10-03 23:00:00,3.0204814814213767,0.0
2046-10-03 23:30:00,3.0204814814213767,0.0
2046-10-04 00:00:00,3.0204814814213767,0.0
2046-10-04 00:30:00,3.0204814814213767,0.0
2046-10-04 01:00:00,3.0204814814213767,0.0
2046-10-04 01:30:00,3.0204814814213767,0.0
2046-10-04 02:00:00,3.0204814814213767,0.0
2046-10-04 02:30:00,3.0204814814213767,0.0
2046-10-04 03:00:00,3.0204814814213767,0.0
2046-10-04 03:30:00,3.0204814814213767,0.0
2046-10-04 04:00:00,3.0204814814213767,0.0
2046-10-04 04:30:00,3.0204814814213767,0.0
2046-10-04 05:00:00,3.0204814814213767,0.0
2046-10-04 05:30:00,3.0204814814213767,0.0
2046-10-04 06:00:00,3.0204814814213767,0.0
2046-10-04 06:30:00,3.0204814814213767,0.0
2046-10-04 07:00:00,3.0204814814213767,0.0
2046-10-04 07:30:00,3.0204814814213767,0.0
2046-10-04 08:00:00,3.0204814814213767,0.0
2046-10-04 08:30:00,3.0204814814213767,0.0
2046-10-04 09:00:00,3.0204814814213767,0.0
2046-10-04 09:30:00,3.0204814814213767,0.0
2046-10-04 10:00:00,3.0204814814213767,0.0
2046-10-04 10:30:00,3.0204814814213767,0.0
2046-10-04 11:00:00,3.0204814814213767,0.0
2046-10-04 11:30:00,3.0204814814213767,0.0
2046-10-04 12:00:00,3.0204814814213767,0.0
2046-10-04 12:30:00,3.0204814814213767,0.0
2046-10-04 13:00:00,3.0204814814213767,0.0
2046-10-04 13:30:00,3.0204814814213767,0.0
2046-10-04 14:00:00,3.0204814814213767,0.0
2046-10-04 14:30:00,3.0204814814213767,0.0
2046-10-04 15:00:00,3.0204814814213767,0.0
2046-10-04 15:30:00,3.0204814814213767,0.0
2046-10-04 16:00:00,3.0204814814213767,0.0
2046-10-04 16:30:00,3.0204814814213767,0.0
2046-10-04 17:00:00,3.0204814814213767,0.0
2046-10-04 17:30:00,3.0204814814213767,0.0
2046-10-04 18:00:00,3.0204814814213767,0.0
2046-10-04 18:30:00,3.0204814814213767,0.0
2046-10-04 19:00:00,3.0204814814213767,0.0
2046-10-04 19:30:00,3.0204814814213767,0.0
2046-10-04 20:00:00,3.0204814814213767,0.0
2046-10-04 20:30:00,3.0204814814213767,0.0
2046-10-04 21:00:00,3.0204814814213767,0.0
2046-10-04 21:30:00,3.0204814814213767,0.0
2046-10-04 22:00:00,3.0204814814213767,0.0
2046-10-04 22:30:00,3.0204814814213767,0.0
2046-10-04 23:00:00,3.0204814814213767,0.0
2046-10-04 23:30:00,3.0204814814213767,0.0
2046-10-05 00:00:00,3.0204814814213767,0.0
2046-10-05 00:30:00,3.0204814814213767,0.0
2046-10-05 01:00:00,3.0204814814213767,0.0
2046-10-05 01:30:00,3.0204814814213767,0.0
2046-10-05 02:00:00,3.0204814814213767,0.0
2046-10-05 02:30:00,3.0204814814213767,0.0
2046-10-05 03:00:00,3.0204814814213767,0.0
2046-10-05 03:30:00,3.0204814814213767,0.0
2046-10-05 04:00:00,3.0204814814213767,0.0
2046-10-05 04:30:00,3.0204814814213767,0.0
2046-10-05 05:00:00,3.0204814814213767,0.0
2046-10-05 05:30:00,3.0204814814213767,0.014213486013661115
2046-10-05 06:00:00,3.0127567607617722,0.0
2046-10-05 06:30:00,3.0127567607617722,0.0
2046-10-05 07:00:00,3.0127567607617722,0.0
2046-10-05 07:30:00,3.0127567607617722,0.0
2046-10-05 08:00:00,3.0127567607617722,0.0
2046-10-05 08:30:00,3.0127567607617722,0.0
2046-10-05 09:00:00,3.0127567607617722,0.0
2046-10-05 09:30:00,3.0127567607617722,0.0
2046-10-05 10:00:00,3.0127567607617722,0.0
2046-10-05 10:30:00,3.0127567607617722,0.0
2046-10-05 11:00:00,3.0127567607617722,0.0
2046-10-05 11:30:00,3.0127567607617722,-0.0025793849854789
2046-10-05 12:00:00,3.0139432778550925,-0.014213486013661115
2046-10-05 12:30:00,3.0204814814213767,0.0
2046-10-05 13:00:00,3.0204814814213767,0.0
2046-10-05 13:30:00,3.0204814814213767,0.0
2046-10-05 14:00:00,3.0204814814213767,0.0
2046-10-05 14:30:00,3.0204814814213767,0.0
2046-10-05 15:00:00,3.0204814814213767,0.0
2046-10-05 15:30:00,3.0204814814213767,0.0
2046-10-05 16:00:00,3.0204814814213767,0.0
2046-10-05 16:30:00,3.0204814814213767,0.0
2046-10-05 17:00:00,3.0204814814213767,0.0
2046-10-05 17:30:00,3.0204814814213767,0.0
2046-10-05 18:00:00,3.0204814814213767,0.0
2046-10-05 18:30:00,3.0204814814213767,0.0
2046-10-05 19:00:00,3.0204814814213767,0.0
2046-10-05 19:30:00,3.0204814814213767,0.0
2046-10-05 20:00:00,3.0204814814213767,0.0
2046-10-05 20:30:00,3.0204814814213767,0.0
2046-10-05 21:00:00,3.0204814814213767,0.0
2046-10-05 21:30:00,3.0204814814213767,0.0
2046-10-05 22:00:00,3.0204814814213767,0.0
2046-10-05 22:30:00,3.0204814814213767,0.0
2046-10-05 23:00:00,3.0204814814213767,0.0
2046-10-05 23:30:00,3.0204814814213767,0.0
2046-10-06 00:00:00,3.0204814814213767,0.014213486013661115
2046-10-06 00:30:00,3.0127567607617722,0.0011143373034153438
2046-10-06 01:00:00,3.0121511426620895,0.014213486013661115
2046-10-06 01:30:00,3.004426422002485,0.0
2046-10-06 02:00:00,3.004426422002485,0.014213486013661115
2046-10-06 02:30:00,2.9967017013428805,0.0
2046-10-06 03:00:00,2.9967017013428805,0.0
2046-10-06 03:30:00,2.9967017013428805,0.0
2046-10-06 04:00:00,2.9967017013428805,0.0
2046-10-06 04:30:00,2.9967017013428805,0.014213486013661115
2046-10-06 05:00:00,2.988976980683276,0.0
2046-10-06 05:30:00,2.988976980683276,0.0
2046-10-06 06:00:00,2.988976980683276,0.014213486013661115
2046-10-06 06:30:00,2.9812522600236715,0.0
2046-10-06 07:00:00,2.9812522600236715,0.0
2046-10-06 07:30:00,2.9812522600236715,0.0
2046-10-06 08:00:00,2.9812522600236715,-0.014213486013661115
2046-10-06 08:30:00,2.9877904635899557,-0.014213486013661115
2046-10-06 09:00:00,2.99432866715624,-0.014213486013661115
2046-10-06 09:30:00,3.000866870722524,-0.014213486013661115
2046-10-06 10:00:00,3.0074050742888083,-0.014213486013661115
2046-10-06 10:30:00,3.0139432778550925,-0.014213486013661115
2046-10-06 11:00:00,3.0204814814213767,0.0
2046-10-06 11:30:00,3.0204814814213767,0.0
2046-10-06 12:00:00,3.0204814814213767,0.0
2046-10-06 12:30:00,3.0204814814213767,0.0
2046-10-06 13:00:00,3.0204814814213767,0.0
2046-10-06 13:30:00,3.0204814814213767,0.0
2046-10-06 14:00:00,3.0204814814213767,0.0
2046-10-06 14:30:00,3.0204814814213767,0.0
2046-10-06 15:00:00,3.0204814814213767,0.0
2046-10-06 15:30:00,3.0204814814213767,0.0
2046-10-06 16:00:00,3.0204814814213767,0.0
2046-10-06 16:30:00,3.0204814814213767,0.0
2046-10-06 17:00:00,3.0204814814213767,0.0
2046-10-06 17:30:00,3.0204814814213767,0.0
2046-10-06 18:00:00,3.0204814814213767,0.0
2046-10-06 18:30:00,3.0204814814213767,0.0
2046-10-06 19:00:00,3.0204814814213767,0.0
2046-10-06 19:30:00,3.0204814814213767,0.0
2046-10-06 20:00:00,3.0204814814213767,0.0
2046-10-06 20:30:00,3.0204814814213767,0.0
2046-10-06 21:00:00,3.0204814814213767,0.0
2046-10-06 21:30:00,3.0204814814213767,0.0
2046-10-06 22:00:00,3.0204814814213767,0.0
2046-10-06 22:30:00,3.0204814814213767,0.0
2046-10-06 23:00:00,3.0204814814213767,0.0
2046-10-06 23:30:00,3.0204814814213767,0.0
2046-10-07 00:00:00,3.0204814814213767,0.0
2046-10-07 00:30:00,3.0204814814213767,0.0
2046-10-07 01:00:00,3.0204814814213767,0.0
2046-10-07 01:30:00,3.0204814814213767,0.0
2046-10-07 02:00:00,3.0204814814213767,0.0
2046-10-07 02:30:00,3.0204814814213767,0.0
2046-10-07 03:00:00,3.0204814814213767,0.0
2046-10-07 03:30:00,3.0204814814213767,0.0
2046-10-07 04:00:00,3.0204814814213767,0.0
2046-10-07 04:30:00,3.0204814814213767,0.0
2046-10-07 05:00:00,3.0204814814213767,0.0
2046-10-07 05:30:00,3.0204814814213767,0.0
2046-10-07 06:00:00,3.0204814814213767,0.0
2046-10-07 06:30:00,3.0204814814213767,0.0
2046-10-07 07:00:00,3.0204814814213767,0.0
2046-10-07 07:30:00,3.0204814814213767,0.0
2046-10-07 08:00:00,3.0204814814213767,0.0
2046-10-07 08:30:00,3.0204814814213767,0.0
2046-10-07 09:00:00,3.0204814814213767,0.0
2046-10-07 09:30:00,3.0204814814213767,0.0
2046-10-07 10:00:00,3.0204814814213767,0.0
2046-10-07 10:30:00,3.0204814814213767,0.0
2046-10-07 11:00:00,3.0204814814213767,0.0
2046-10-07 11:30:00,3.0204814814213767,0.0
2046-10-07 12:00:00,3.0204814814213767,0.0
2046-10-07 12:30:00,3.0204814814213767,0.0
2046-10-07 13:00:00,3.0204814814213767,0.0
2046-10-07 13:30:00,3.0204814814213767,0.0
2046-10-07 14:00:00,3.0204814814213767,0.0
2046-10-07 14:30:00,3.0204814814213767,0.0
2046-10-07 15:00:00,3.0204814814213767,0.0
2046-10-07 15:30:00,3.0204814814213767,0.0
2046-10-07 16:00:00,3.0204814814213767,0.0
2046-10-07 16:30:00,3.0204814814213767,0.0
2046-10-07 17:00:00,3.0204814814213767,0.0
2046-10-07 17:30:00,3.0204814814213767,0.0
2046-10-07 18:00:00,3.0204814814213767,0.0
2046-10-07 18:30:00,3.0204814814213767,0.0
2046-10-07 19:00:00,3.0204814814213767,0.0
2046-10-07 19:30:00,3.0204814814213767,0.0
2046-10-07 20:00:00,3.0204814814213767,0.0
2046-10-07 20:30:00,3.0204814814213767,0.0
2046-10-07 21:00:00,3.0204814814213767,0.0
2046-10-07 21:30:00,3.0204814814213767,0.0
2046-10-07 22:00:00,3.0204814814213767,0.0
2046-10-07 22:30:00,3.0204814814213767,0.0
2046-10-07 23:00:00,3.0204814814213767,0.0
2046-10-07 23:30:00,3.0204814814213767,0.0
2046-10-08 00:00:00,3.0204814814213767,0.0
2046-10-08 00:30:00,3.0204814814213767,0.0
2046-10-08 01:00:00,3.0204814814213767,0.0
2046-10-08 01:30:00,3.0204814814213767,0.014213486013661115
2046-10-08 02:00:00,3.0127567607617722,0.0
2046-10-08 02:30:00,3.0127567607617722,0.014213486013661115
2046-10-08 03:00:00,3.0050320401021677,0.0
2046-10-08 03:30:00,3.0050320401021677,0.014213486013661115
2046-10-08 04:00:00,2.9973073194425632,0.0
2046-10-08 04:30:00,2.9973073194425632,0.0
2046-10-08 05:00:00,2.9973073194425632,0.014213486013661115
2046-10-08 05:30:00,2.9895825987829587,0.014213486013661115
2046-10-08 06:00:00,2.9818578781233542,0.014213486013661115
2046-10-08 06:30:00,2.9741331574637497,0.0
2046-10-08 07:00:00,2.9741331574637497,0.0
2046-10-08 07:30:00,2.9741331574637497,0.0
2046-10-08 08:00:00,2.9741331574637497,0.0
2046-10-08 08:30:00,2.9741331574637497,0.0
2046-10-08 09:00:00,2.9741331574637497,0.0
2046-10-08 09:30:00,2.9741331574637497,-0.014213486013661115
2046-10-08 10:00:00,2.980671361030034,-0.014213486013661115
2046-10-08 10:30:00,2.987209564596318,-0.014213486013661115
2046-10-08 11:00:00,2.9937477681626024,-0.014213486013661115
2046-10-08 11:30:00,3.0002859717288866,-0.014213486013661115
2046-10-08 12:00:00,3.0068241752951708,-0.0012628238992120815
2046-10-08 12:30:00,3.0074050742888083,0.0
2046-10-08 13:00:00,3.0074050742888083,-0.014213486013661115
2046-10-08 13:30:00,3.0139432778550925,-0.014213486013661115
2046-10-08 14:00:00,3.0204814814213767,0.0
2046-10-08 14:30:00,3.0204814814213767,0.0
2046-10-08 15:00:00,3.0204814814213767,0.0
2046-10-08 15:30:00,3.0204814814213767,0.0
2046-10-08 16:00:00,3.0204814814213767,-0.002183191451707799
2046-10-08 16:30:00,3.0204814814213767,0.0
2046-10-08 17:00:00,3.0204814814213767,0.0
2046-10-08 17:30:00,3.0204814814213767,0.0
2046-10-08 18:00:00,3.0204814814213767,0.0
2046-10-08 18:30:00,3.0204814814213767,0.014213486013661115
2046-10-08 19:00:00,3.0127567607617722,0.014213486013661115
2046-10-08 19:30:00,3.0050320401021677,0.014213486013661115
2046-10-08 20:00:00,2.9973073194425632,0.0
2046-10-08 20:30:00,2.9973073194425632,0.0
2046-10-08 21:00:00,2.9973073194425632,0.0
2046-10-08 21:30:00,2.9973073194425632,0.0
2046-10-08 22:00:00,2.9973073194425632,0.0
2046-10-08 22:30:00,2.9973073194425632,0.0
2046-10-08 23:00:00,2.9973073194425632,0.0
2046-10-08 23:30:00,2.9973073194425632,0.0
2046-10-09 00:00:00,2.9973073194425632,0.0
2046-10-09 00:30:00,2.9973073194425632,0.0
2046-10-09 01:00:00,2.9973073194425632,0.014213486013661115
2046-10-09 01:30:00,2.9895825987829587,0.014213486013661115
2046-10-09 02:00:00,2.9818578781233542,0.014213486013661115
2046-10-09 02:30:00,2.9741331574637497,0.0
2046-10-09 03:00:00,2.9741331574637497,0.014213486013661115
2046-10-09 03:30:00,2.9664084368041452,0.0
2046-10-09 04:00:00,2.9664084368041452,0.014213486013661115
2046-10-09 04:30:00,2.9586837161445407,0.0
2046-10-09 05:00:00,2.9586837161445407,0.0
2046-10-09 05:30:00,2.9586837161445407,0.0
2046-10-09 06:00:00,2.9586837161445407,0.0
2046-10-09 06:30:00,2.9586837161445407,0.0
2046-10-09 07:00:00,2.9586837161445407,0.0
2046-10-09 07:30:00,2.9586837161445407,0.0
2046-10-09 08:00:00,2.9586837161445407,-0.014213486013661115
2046-10-09 08:30:00,2.965221919710825,-0.014213486013661115
2046-10-09 09:00:00,2.971760123277109,-0.014213486013661115
2046-10-09 09:30:00,2.9782983268433934,-0.014213486013661115
2046-10-09 10:00:00,2.9848365304096776,-0.014213486013661115
2046-10-09 10:30:00,2.9913747339759618,-0.014213486013661115
2046-10-09 11:00:00,2.997912937542246,-0.014213486013661115
2046-10-09 11:30:00,3.00445114110853,-0.014213486013661115
2046-10-09 12:00:00,3.0109893446748144,-0.014213486013661115
2046-10-09 12:30:00,3.0175275482410986,-0.006421593870169881
2046-10-09 13:00:00,3.0204814814213767,0.0
2046-10-09 13:30:00,3.0204814814213767,0.0
2046-10-09 14:00:00,3.0204814814213767,0.0
2046-10-09 14:30:00,3.0204814814213767,-0.002183191451707799
2046-10-09 15:00:00,3.0204814814213767,0.0
2046-10-09 15:30:00,3.0204814814213767,0.0
2046-10-09 16:00:00,3.0204814814213767,0.0
2046-10-09 16:30:00,3.0204814814213767,0.0
2046-10-09 17:00:00,3.0204814814213767,0.0
2046-10-09 17:30:00,3.0204814814213767,0.0
2046-10-09 18:00:00,3.0204814814213767,0.0
2046-10-09 18:30:00,3.0204814814213767,0.0
2046-10-09 19:00:00,3.0204814814213767,0.0
2046-10-09 19:30:00,3.0204814814213767,0.0
2046-10-09 20:00:00,3.0204814814213767,0.0
2046-10-09 20:30:00,3.0204814814213767,0.0
2046-10-09 21:00:00,3.0204814814213767,0.0
2046-10-09 21:30:00,3.0204814814213767,0.0
2046-10-09 22:00:00,3.0204814814213767,0.0
2046-10-09 22:30:00,3.0204814814213767,0.0
2046-10-09 23:00:00,3.0204814814213767,0.0
2046-10-09 23:30:00,3.0204814814213767,0.0
2046-10-10 00:00:00,3.0204814814213767,0.0
2046-10-10 00:30:00,3.0204814814213767,0.0
2046-10-10 01:00:00,3.0204814814213767,0.0
2046-10-10 01:30:00,3.0204814814213767,0.0
2046-10-10 02:00:00,3.0204814814213767,0.0
2046-10-10 02:30:00,3.0204814814213767,0.014213486013661115
2046-10-10 03:00:00,3.0127567607617722,0.0
2046-10-10 03:30:00,3.0127567607617722,0.0
2046-10-10 04:00:00,3.0127567607617722,0.014213486013661115
2046-10-10 04:30:00,3.0050320401021677,0.014213486013661115
2046-10-10 05:00:00,2.9973073194425632,0.014213486013661115
2046-10-10 05:30:00,2.9895825987829587,0.014213486013661115
2046-10-10 06:00:00,2.9818578781233542,0.01314463186536866
2046-10-10 06:30:00,2.9747140564573873,0.0
2046-10-10 07:00:00,2.9747140564573873,0.0
2046-10-10 07:30:00,2.9747140564573873,0.0
2046-10-10 08:00:00,2.9747140564573873,0.0
2046-10-10 08:30:00,2.9747140564573873,0.0
2046-10-10 09:00:00,2.9747140564573873,0.0
2046-10-10 09:30:00,2.9747140564573873,0.0
2046-10-10 10:00:00,2.9747140564573873,0.0
2046-10-10 10:30:00,2.9747140564573873,0.0
2046-10-10 11:00:00,2.9747140564573873,-0.014213486013661115
2046-10-10 11:30:00,2.9812522600236715,-0.014213486013661115
2046-10-10 12:00:00,2.9877904635899557,-0.014213486013661115
2046-10-10 12:30:00,2.99432866715624,-0.014213486013661115
2046-10-10 13:00:00,3.000866870722524,-0.014213486013661115
2046-10-10 13:30:00,3.0074050742888083,-0.014213486013661115
2046-10-10 14:00:00,3.0139432778550925,-0.014213486013661115
2046-10-10 14:30:00,3.0204814814213767,0.0
2046-10-10 15:00:00,3.0204814814213767,0.0
2046-10-10 15:30:00,3.0204814814213767,0.0
2046-10-10 16:00:00,3.0204814814213767,0.0
2046-10-10 16:30:00,3.0204814814213767,0.0
2046-10-10 17:00:00,3.0204814814213767,0.0
2046-10-10 17:30:00,3.0204814814213767,0.0
2046-10-10 18:00:00,3.0204814814213767,0.0
2046-10-10 18:30:00,3.0204814814213767,0.0
2046-10-10 19:00:00,3.0204814814213767,0.0
2046-10-10 19:30:00,3.0204814814213767,0.0
2046-10-10 20:00:00,3.0204814814213767,0.0
2046-10-10 20:30:00,3.0204814814213767,0.0
2046-10-10 21:00:00,3.0204814814213767,0.0
2046-10-10 21:30:00,3.0204814814213767,0.0
2046-10-10 22:00:00,3.0204814814213767,0.0
2046-10-10 22:30:00,3.0204814814213767,0.0
2046-10-10 23:00:00,3.0204814814213767,0.0
2046-10-10 23:30:00,3.0204814814213767,0.0
2046-10-11 00:00:00,3.0204814814213767,0.0
2046-10-11 00:30:00,3.0204814814213767,0.0
2046-10-11 01:00:00,3.0204814814213767,0.0
2046-10-11 01:30:00,3.0204814814213767,0.0
2046-10-11 02:00:00,3.0204814814213767,0.0
2046-10-11 02:30:00,3.0204814814213767,0.0
2046-10-11 03:00:00,3.0204814814213767,0.0
2046-10-11 03:30:00,3.0204814814213767,0.0
2046-10-11 04:00:00,3.0204814814213767,0.0
2046-10-11 04:30:00,3.0204814814213767,0.0
2046-10-11 05:00:00,3.0204814814213767,0.0
2046-10-11 05:30:00,3.0204814814213767,0.0
2046-10-11 06:00:00,3.0204814814213767,0.0
2046-10-11 06:30:00,3.0204814814213767,0.0
2046-10-11 07:00:00,3.0204814814213767,0.0
2046-10-11 07:30:00,3.0204814814213767,0.0
2046-10-11 08:00:00,3.0204814814213767,0.0
2046-10-11 08:30:00,3.0204814814213767,0.0
2046-10-11 09:00:00,3.0204814814213767,0.0
2046-10-11 09:30:00,3.0204814814213767,0.0
2046-10-11 10:00:00,3.0204814814213767,0.0
2046-10-11 10:30:00,3.0204814814213767,0.0
2046-10-11 11:00:00,3.0204814814213767,0.0
2046-10-11 11:30:00,3.0204814814213767,0.0
2046-10-11 12:00:00,3.0204814814213767,0.0
2046-10-11 12:30:00,3.0204814814213767,0.0
2046-10-11 13:00:00,3.0204814814213767,0.0
2046-10-11 13:30:00,3.0204814814213767,0.0
2046-10-11 14:00:00,3.0204814814213767,0.0
2046-10-11 14:30:00,3.0204814814213767,0.0
2046-10-11 15:00:00,3.0204814814213767,0.0
2046-10-11 15:30:00,3.0204814814213767,0.0
2046-10-11 16:00:00,3.0204814814213767,0.0
2046-10-11 16:30:00,3.0204814814213767,0.0
2046-10-11 17:00:00,3.0204814814213767,0.0
2046-10-11 17:30:00,3.0204814814213767,0.0
2046-10-11 18:00:00,3.0204814814213767,0.0
2046-10-11 18:30:00,3.0204814814213767,0.0
2046-10-11 19:00:00,3.0204814814213767,0.0
2046-10-11 19:30:00,3.0204814814213767,0.0
2046-10-11 20:00:00,3.0204814814213767,0.0
2046-10-11 20:30:00,3.0204814814213767,0.0
2046-10-11 21:00:00,3.0204814814213767,0.0
2046-10-11 21:30:00,3.0204814814213767,0.0
2046-10-11 22:00:00,3.0204814814213767,0.0
2046-10-11 22:30:00,3.0204814814213767,0.0
2046-10-11 23:00:00,3.0204814814213767,0.0
2046-10-11 23:30:00,3.0204814814213767,0.0
2046-10-12 00:00:00,3.0204814814213767,0.0
2046-10-12 00:30:00,3.0204814814213767,0.0
2046-10-12 01:00:00,3.0204814814213767,0.0
2046-10-12 01:30:00,3.0204814814213767,0.0
2046-10-12 02:00:00,3.0204814814213767,0.0
2046-10-12 02:30:00,3.0204814814213767,0.0
2046-10-12 03:00:00,3.0204814814213767,0.0
2046-10-12 03:30:00,3.0204814814213767,0.0
2046-10-12 04:00:00,3.0204814814213767,0.0
2046-10-12 04:30:00,3.0204814814213767,0.0
2046-10-12 05:00:00,3.0204814814213767,0.0
2046-10-12 05:30:00,3.0204814814213767,0.0
2046-10-12 06:00:00,3.0204814814213767,0.0
2046-10-12 06:30:00,3.0204814814213767,0.0
2046-10-12 07:00:00,3.0204814814213767,0.0
2046-10-12 07:30:00,3.0204814814213767,0.0
2046-10-12 08:00:00,3.0204814814213767,0.0
2046-10-12 08:30:00,3.0204814814213767,0.0
2046-10-12 09:00:00,3.0204814814213767,0.0
2046-10-12 09:30:00,3.0204814814213767,0.0
2046-10-12 10:00:00,3.0204814814213767,0.0
2046-10-12 10:30:00,3.0204814814213767,0.0
2046-10-12 11:00:00,3.0204814814213767,0.0
2046-10-12 11:30:00,3.0204814814213767,0.0
2046-10-12 12:00:00,3.0204814814213767,0.0
2046-10-12 12:30:00,3.0204814814213767,0.0
2046-10-12 13:00:00,3.0204814814213767,0.0
2046-10-12 13:30:00,3.0204814814213767,0.0
2046-10-12 14:00:00,3.0204814814213767,0.0
2046-10-12 14:30:00,3.0204814814213767,0.0
2046-10-12 15:00:00,3.0204814814213767,0.0
2046-10-12 15:30:00,3.0204814814213767,0.0
2046-10-12 16:00:00,3.0204814814213767,0.0
2046-10-12 16:30:00,3.0204814814213767,0.0
2046-10-12 17:00:00,3.0204814814213767,0.0
2046-10-12 17:30:00,3.0204814814213767,0.0
2046-10-12 18:00:00,3.0204814814213767,0.0
2046-10-12 18:30:00,3.0204814814213767,0.0
2046-10-12 19:00:00,3.0204814814213767,0.0
2046-10-12 19:30:00,3.0204814814213767,0.0
2046-10-12 20:00:00,3.0204814814213767,0.0
2046-10-12 20:30:00,3.0204814814213767,0.0
2046-10-12 21:00:00,3.0204814814213767,0.0
2046-10-12 21:30:00,3.0204814814213767,0.0
2046-10-12 22:00:00,3.0204814814213767,0.0
2046-10-12 22:30:00,3.0204814814213767,0.0
2046-10-12 23:00:00,3.0204814814213767,0.0
2046-10-12 23:30:00,3.0204814814213767,0.0
2046-10-13 00:00:00,3.0204814814213767,0.0
2046-10-13 00:30:00,3.0204814814213767,0.0
2046-10-13 01:00:00,3.0204814814213767,0.004411866058538282
2046-10-13 01:30:00,3.018083728128691,0.014213486013661115
2046-10-13 02:00:00,3.0103590074690865,0.014213486013661115
2046-10-13 02:30:00,3.002634286809482,0.014213486013661115
2046-10-13 03:00:00,2.9949095661498775,0.0
2046-10-13 03:30:00,2.9949095661498775,0.014213486013661115
2046-10-13 04:00:00,2.987184845490273,0.014213486013661115
2046-10-13 04:30:00,2.9794601248306685,0.0
2046-10-13 05:00:00,2.9794601248306685,0.014213486013661115
2046-10-13 05:30:00,2.971735404171064,0.014213486013661115
2046-10-13 06:00:00,2.9640106835114595,0.014213486013661115
2046-10-13 06:30:00,2.956285962851855,0.014213486013661115
2046-10-13 07:00:00,2.9485612421922505,0.0
2046-10-13 07:30:00,2.9485612421922505,0.0
2046-10-13 08:00:00,2.9485612421922505,-0.014213486013661115
2046-10-13 08:30:00,2.9550994457585347,-0.014213486013661115
2046-10-13 09:00:00,2.961637649324819,-0.014213486013661115
2046-10-13 09:30:00,2.968175852891103,-0.014213486013661115
2046-10-13 10:00:00,2.9747140564573873,-0.014213486013661115
2046-10-13 10:30:00,2.9812522600236715,-0.014213486013661115
2046-10-13 11:00:00,2.9877904635899557,-0.014213486013661115
2046-10-13 11:30:00,2.99432866715624,-0.014213486013661115
2046-10-13 12:00:00,3.000866870722524,-0.014213486013661115
2046-10-13 12:30:00,3.0074050742888083,-0.014213486013661115
2046-10-13 13:00:00,3.0139432778550925,-0.014213486013661115
2046-10-13 13:30:00,3.0204814814213767,0.0
2046-10-13 14:00:00,3.0204814814213767,0.0
2046-10-13 14:30:00,3.0204814814213767,-0.002183191451707799
2046-10-13 15:00:00,3.0204814814213767,0.0
2046-10-13 15:30:00,3.0204814814213767,0.0
2046-10-13 16:00:00,3.0204814814213767,0.0
2046-10-13 16:30:00,3.0204814814213767,0.0
2046-10-13 17:00:00,3.0204814814213767,0.0
2046-10-13 17:30:00,3.0204814814213767,0.0
2046-10-13 18:00:00,3.0204814814213767,0.0
2046-10-13 18:30:00,3.0204814814213767,0.014213486013661115
2046-10-13 19:00:00,3.0127567607617722,0.014213486013661115
2046-10-13 19:30:00,3.0050320401021677,0.0
2046-10-13 20:00:00,3.0050320401021677,0.0
2046-10-13 20:30:00,3.0050320401021677,0.0
2046-10-13 21:00:00,3.0050320401021677,0.014213486013661115
2046-10-13 21:30:00,2.9973073194425632,0.014213486013661115
2046-10-13 22:00:00,2.9895825987829587,0.0
2046-10-13 22:30:00,2.9895825987829587,0.0
2046-10-13 23:00:00,2.9895825987829587,0.0
2046-10-13 23:30:00,2.9895825987829587,0.014213486013661115
2046-10-14 00:00:00,2.9818578781233542,0.014213486013661115
2046-10-14 00:30:00,2.9741331574637497,0.0
2046-10-14 01:00:00,2.9741331574637497,0.014213486013661115
2046-10-14 01:30:00,2.9664084368041452,0.014213486013661115
2046-10-14 02:00:00,2.9586837161445407,0.0
2046-10-14 02:30:00,2.9586837161445407,0.0
2046-10-14 03:00:00,2.9586837161445407,0.014213486013661115
2046-10-14 03:30:00,2.9509589954849362,0.0
2046-10-14 04:00:00,2.9509589954849362,0.0
2046-10-14 04:30:00,2.9509589954849362,0.0
2046-10-14 05:00:00,2.9509589954849362,0.014213486013661115
2046-10-14 05:30:00,2.9432342748253317,0.0
2046-10-14 06:00:00,2.9432342748253317,0.0
2046-10-14 06:30:00,2.9432342748253317,0.0
2046-10-14 07:00:00,2.9432342748253317,-0.011580363841127681
2046-10-14 07:30:00,2.9485612421922505,-0.014213486013661115
2046-10-14 08:00:00,2.9550994457585347,-0.014213486013661115
2046-10-14 08:30:00,2.961637649324819,-0.014213486013661115
2046-10-14 09:00:00,2.968175852891103,-0.014213486013661115
2046-10-14 09:30:00,2.9747140564573873,-0.014213486013661115
2046-10-14 10:00:00,2.9812522600236715,-0.014213486013661115
2046-10-14 10:30:00,2.9877904635899557,-0.014213486013661115
2046-10-14 11:00:00,2.99432866715624,-0.014213486013661115
2046-10-14 11:30:00,3.000866870722524,-0.014213486013661115
2046-10-14 12:00:00,3.0074050742888083,-0.014213486013661115
2046-10-14 12:30:00,3.0139432778550925,-0.014213486013661115
2046-10-14 13:00:00,3.0204814814213767,0.0
2046-10-14 13:30:00,3.0204814814213767,0.0
2046-10-14 14:00:00,3.0204814814213767,0.0
2046-10-14 14:30:00,3.0204814814213767,0.0
2046-10-14 15:00:00,3.0204814814213767,0.0
2046-10-14 15:30:00,3.0204814814213767,0.0
2046-10-14 16:00:00,3.0204814814213767,0.0
2046-10-14 16:30:00,3.0204814814213767,0.0
2046-10-14 17:00:00,3.0204814814213767,0.0
2046-10-14 17:30:00,3.0204814814213767,0.0
2046-10-14 18:00:00,3.0204814814213767,0.0
2046-10-14 18:30:00,3.0204814814213767,0.0
2046-10-14 19:00:00,3.0204814814213767,0.0
2046-10-14 19:30:00,3.0204814814213767,0.0
2046-10-14 20:00:00,3.0204814814213767,0.0
2046-10-14 20:30:00,3.0204814814213767,0.0
2046-10-14 21:00:00,3.0204814814213767,0.0
2046-10-14 21:30:00,3.0204814814213767,0.0
2046-10-14 22:00:00,3.0204814814213767,0.0
2046-10-14 22:30:00,3.0204814814213767,0.0
2046-10-14 23:00:00,3.0204814814213767,0.0
2046-10-14 23:30:00,3.0204814814213767,0.0
2046-10-15 00:00:00,3.0204814814213767,0.0
2046-10-15 00:30:00,3.0204814814213767,0.0
2046-10-15 01:00:00,3.0204814814213767,0.0
2046-10-15 01:30:00,3.0204814814213767,0.0
2046-10-15 02:00:00,3.0204814814213767,0.0
2046-10-15 02:30:00,3.0204814814213767,0.0
2046-10-15 03:00:00,3.0204814814213767,0.0
2046-10-15 03:30:00,3.0204814814213767,0.0
2046-10-15 04:00:00,3.0204814814213767,0.0
2046-10-15 04:30:00,3.0204814814213767,0.0
2046-10-15 05:00:00,3.0204814814213767,0.0
2046-10-15 05:30:00,3.0204814814213767,0.0
2046-10-15 06:00:00,3.0204814814213767,0.0
2046-10-15 06:30:00,3.0204814814213767,0.0
2046-10-15 07:00:00,3.0204814814213767,0.0
2046-10-15 07:30:00,3.0204814814213767,0.0
2046-10-15 08:00:00,3.0204814814213767,0.0
2046-10-15 08:30:00,3.0204814814213767,0.0
2046-10-15 09:00:00,3.0204814814213767,0.0
2046-10-15 09:30:00,3.0204814814213767,0.0
2046-10-15 10:00:00,3.0204814814213767,0.0
2046-10-15 10:30:00,3.0204814814213767,0.0
2046-10-15 11:00:00,3.0204814814213767,0.0
2046-10-15 11:30:00,3.0204814814213767,0.0
2046-10-15 12:00:00,3.0204814814213767,0.0
2046-10-15 12:30:00,3.0204814814213767,0.0
2046-10-15 13:00:00,3.0204814814213767,0.0
2046-10-15 13:30:00,3.0204814814213767,0.0
2046-10-15 14:00:00,3.0204814814213767,0.0
2046-10-15 14:30:00,3.0204814814213767,0.0
2046-10-15 15:00:00,3.0204814814213767,0.0
2046-10-15 15:30:00,3.0204814814213767,0.0
2046-10-15 16:00:00,3.0204814814213767,0.0
2046-10-15 16:30:00,3.0204814814213767,0.0
2046-10-15 17:00:00,3.0204814814213767,0.0
2046-10-15 17:30:00,3.0204814814213767,0.0
2046-10-15 18:00:00,3.0204814814213767,0.0
2046-10-15 18:30:00,3.0204814814213767,0.0
2046-10-15 19:00:00,3.0204814814213767,0.0
2046-10-15 19:30:00,3.0204814814213767,0.0
2046-10-15 20:00:00,3.0204814814213767,0.0
2046-10-15 20:30:00,3.0204814814213767,0.0
2046-10-15 21:00:00,3.0204814814213767,0.0
2046-10-15 21:30:00,3.0204814814213767,0.0
2046-10-15 22:00:00,3.0204814814213767,0.0
2046-10-15 22:30:00,3.0204814814213767,0.004411866058538282
2046-10-15 23:00:00,3.018083728128691,0.0
2046-10-15 23:30:00,3.018083728128691,0.0
2046-10-16 00:00:00,3.018083728128691,0.0
2046-10-16 00:30:00,3.018083728128691,0.014213486013661115
2046-10-16 01:00:00,3.0103590074690865,0.0
2046-10-16 01:30:00,3.0103590074690865,0.0
2046-10-16 02:00:00,3.0103590074690865,0.0
2046-10-16 02:30:00,3.0103590074690865,0.014213486013661115
2046-10-16 03:00:00,3.002634286809482,0.014213486013661115
2046-10-16 03:30:00,2.9949095661498775,0.014213486013661115
2046-10-16 04:00:00,2.987184845490273,0.014213486013661115
2046-10-16 04:30:00,2.9794601248306685,0.0
2046-10-16 05:00:00,2.9794601248306685,0.0
2046-10-16 05:30:00,2.9794601248306685,0.014213486013661115
2046-10-16 06:00:00,2.971735404171064,0.014213486013661115
2046-10-16 06:30:00,2.9640106835114595,0.0
2046-10-16 07:00:00,2.9640106835114595,0.014213486013661115
2046-10-16 07:30:00,2.956285962851855,0.0
2046-10-16 08:00:00,2.956285962851855,0.014213486013661115
2046-10-16 08:30:00,2.9485612421922505,0.0
2046-10-16 09:00:00,2.9485612421922505,0.0
2046-10-16 09:30:00,2.9485612421922505,0.0
2046-10-16 10:00:00,2.9485612421922505,0.0
2046-10-16 10:30:00,2.9485612421922505,0.0
2046-10-16 11:00:00,2.9485612421922505,0.0
2046-10-16 11:30:00,2.9485612421922505,-0.014213486013661115
2046-10-16 12:00:00,2.9550994457585347,-0.014213486013661115
2046-10-16 12:30:00,2.961637649324819,-0.014213486013661115
2046-10-16 13:00:00,2.968175852891103,-0.014213486013661115
2046-10-16 13:30:00,2.9747140564573873,-0.014213486013661115
2046-10-16 14:00:00,2.9812522600236715,-0.014213486013661115
2046-10-16 14:30:00,2.9877904635899557,-0.014213486013661115
2046-10-16 15:00:00,2.99432866715624,-0.014213486013661115
2046-10-16 15:30:00,3.000866870722524,-0.014213486013661115
2046-10-16 16:00:00,3.0074050742888083,-0.014213486013661115
2046-10-16 16:30:00,3.0139432778550925,-0.014213486013661115
2046-10-16 17:00:00,3.0204814814213767,0.0
2046-10-16 17:30:00,3.0204814814213767,0.0
2046-10-16 18:00:00,3.0204814814213767,0.0
2046-10-16 18:30:00,3.0204814814213767,0.0
2046-10-16 19:00:00,3.0204814814213767,0.0
2046-10-16 19:30:00,3.0204814814213767,0.0
2046-10-16 20:00:00,3.0204814814213767,0.0
2046-10-16 20:30:00,3.0204814814213767,0.0
2046-10-16 21:00:00,3.0204814814213767,0.0
2046-10-16 21:30:00,3.0204814814213767,0.0
2046-10-16 22:00:00,3.0204814814213767,0.0
2046-10-16 22:30:00,3.0204814814213767,0.0
2046-10-16 23:00:00,3.0204814814213767,0.0
2046-10-16 23:30:00,3.0204814814213767,0.0
2046-10-17 00:00:00,3.0204814814213767,0.0
2046-10-17 00:30:00,3.0204814814213767,0.0
2046-10-17 01:00:00,3.0204814814213767,-0.002183191451707799
2046-10-17 01:30:00,3.0204814814213767,0.0
2046-10-17 02:00:00,3.0204814814213767,0.0
2046-10-17 02:30:00,3.0204814814213767,0.0
2046-10-17 03:00:00,3.0204814814213767,0.0
2046-10-17 03:30:00,3.0204814814213767,0.0
2046-10-17 04:00:00,3.0204814814213767,0.0
2046-10-17 04:30:00,3.0204814814213767,0.0
2046-10-17 05:00:00,3.0204814814213767,0.0
2046-10-17 05:30:00,3.0204814814213767,0.0
2046-10-17 06:00:00,3.0204814814213767,0.0
2046-10-17 06:30:00,3.0204814814213767,0.0
2046-10-17 07:00:00,3.0204814814213767,0.0
2046-10-17 07:30:00,3.0204814814213767,0.0
2046-10-17 08:00:00,3.0204814814213767,0.0
2046-10-17 08:30:00,3.0204814814213767,0.0
2046-10-17 09:00:00,3.0204814814213767,-0.002183191451707799
2046-10-17 09:30:00,3.0204814814213767,0.0
2046-10-17 10:00:00,3.0204814814213767,0.0
2046-10-17 10:30:00,3.0204814814213767,0.0
2046-10-17 11:00:00,3.0204814814213767,0.0
2046-10-17 11:30:00,3.0204814814213767,0.0
2046-10-17 12:00:00,3.0204814814213767,0.0
2046-10-17 12:30:00,3.0204814814213767,0.0
2046-10-17 13:00:00,3.0204814814213767,0.0
2046-10-17 13:30:00,3.0204814814213767,0.0
2046-10-17 14:00:00,3.0204814814213767,0.0
2046-10-17 14:30:00,3.0204814814213767,0.0
2046-10-17 15:00:00,3.0204814814213767,0.0
2046-10-17 15:30:00,3.0204814814213767,0.0
2046-10-17 16:00:00,3.0204814814213767,0.0
2046-10-17 16:30:00,3.0204814814213767,0.0
2046-10-17 17:00:00,3.0204814814213767,0.0
2046-10-17 17:30:00,3.0204814814213767,0.0
2046-10-17 18:00:00,3.0204814814213767,0.0
2046-10-17 18:30:00,3.0204814814213767,0.0
2046-10-17 19:00:00,3.0204814814213767,0.0
2046-10-17 19:30:00,3.0204814814213767,0.0
2046-10-17 20:00:00,3.0204814814213767,0.0
2046-10-17 20:30:00,3.0204814814213767,0.0
2046-10-17 21:00:00,3.0204814814213767,0.0
2046-10-17 21:30:00,3.0204814814213767,0.0
2046-10-17 22:00:00,3.0204814814213767,0.0
2046-10-17 22:30:00,3.0204814814213767,0.0
2046-10-17 23:00:00,3.0204814814213767,0.0
2046-10-17 23:30:00,3.0204814814213767,0.0
2046-10-18 00:00:00,3.0204814814213767,0.0
2046-10-18 00:30:00,3.0204814814213767,0.0
2046-10-18 01:00:00,3.0204814814213767,0.0
2046-10-18 01:30:00,3.0204814814213767,0.0
2046-10-18 02:00:00,3.0204814814213767,0.0
2046-10-18 02:30:00,3.0204814814213767,0.0
2046-10-18 03:00:00,3.0204814814213767,0.0
2046-10-18 03:30:00,3.0204814814213767,0.0
2046-10-18 04:00:00,3.0204814814213767,0.0
2046-10-18 04:30:00,3.0204814814213767,0.0
2046-10-18 05:00:00,3.0204814814213767,0.0
2046-10-18 05:30:00,3.0204814814213767,0.0
2046-10-18 06:00:00,3.0204814814213767,0.0
2046-10-18 06:30:00,3.0204814814213767,0.0
2046-10-18 07:00:00,3.0204814814213767,0.0
2046-10-18 07:30:00,3.0204814814213767,0.0
2046-10-18 08:00:00,3.0204814814213767,0.0
2046-10-18 08:30:00,3.0204814814213767,0.0
2046-10-18 09:00:00,3.0204814814213767,0.0
2046-10-18 09:30:00,3.0204814814213767,0.0
2046-10-18 10:00:00,3.0204814814213767,0.0
2046-10-18 10:30:00,3.0204814814213767,0.0
2046-10-18 11:00:00,3.0204814814213767,0.0
2046-10-18 11:30:00,3.0204814814213767,0.0
2046-10-18 12:00:00,3.0204814814213767,0.0
2046-10-18 12:30:00,3.0204814814213767,0.0
2046-10-18 13:00:00,3.0204814814213767,0.0
2046-10-18 13:30:00,3.0204814814213767,0.0
2046-10-18 14:00:00,3.0204814814213767,0.0
2046-10-18 14:30:00,3.0204814814213767,0.0
2046-10-18 15:00:00,3.0204814814213767,0.0
2046-10-18 15:30:00,3.0204814814213767,0.0
2046-10-18 16:00:00,3.0204814814213767,0.0
2046-10-18 16:30:00,3.0204814814213767,0.0
2046-10-18 17:00:00,3.0204814814213767,0.0
2046-10-18 17:30:00,3.0204814814213767,0.0
2046-10-18 18:00:00,3.0204814814213767,0.0
2046-10-18 18:30:00,3.0204814814213767,0.0
2046-10-18 19:00:00,3.0204814814213767,0.0
2046-10-18 19:30:00,3.0204814814213767,0.0
2046-10-18 20:00:00,3.0204814814213767,0.0
2046-10-18 20:30:00,3.0204814814213767,0.0
2046-10-18 21:00:00,3.0204814814213767,0.0
2046-10-18 21:30:00,3.0204814814213767,0.0
2046-10-18 22:00:00,3.0204814814213767,0.0
2046-10-18 22:30:00,3.0204814814213767,0.0
2046-10-18 23:00:00,3.0204814814213767,0.0
2046-10-18 23:30:00,3.0204814814213767,0.0
2046-10-19 00:00:00,3.0204814814213767,0.0
2046-10-19 00:30:00,3.0204814814213767,0.005480720206830533
2046-10-19 01:00:00,3.0175028291350534,0.0
2046-10-19 01:30:00,3.0175028291350534,0.0
2046-10-19 02:00:00,3.0175028291350534,0.0
2046-10-19 02:30:00,3.0175028291350534,0.0
2046-10-19 03:00:00,3.0175028291350534,0.014213486013661115
2046-10-19 03:30:00,3.009778108475449,0.0
2046-10-19 04:00:00,3.009778108475449,0.014213486013661115
2046-10-19 04:30:00,3.0020533878158444,0.0
2046-10-19 05:00:00,3.0020533878158444,0.0
2046-10-19 05:30:00,3.0020533878158444,0.0
2046-10-19 06:00:00,3.0020533878158444,0.0
2046-10-19 06:30:00,3.0020533878158444,0.014213486013661115
2046-10-19 07:00:00,2.99432866715624,0.0
2046-10-19 07:30:00,2.99432866715624,0.0
2046-10-19 08:00:00,2.99432866715624,-0.014213486013661115
2046-10-19 08:30:00,3.000866870722524,-0.014213486013661115
2046-10-19 09:00:00,3.0074050742888083,-0.014213486013661115
2046-10-19 09:30:00,3.0139432778550925,-0.014213486013661115
2046-10-19 10:00:00,3.0204814814213767,0.0
2046-10-19 10:30:00,3.0204814814213767,0.0
2046-10-19 11:00:00,3.0204814814213767,0.0
2046-10-19 11:30:00,3.0204814814213767,0.0
2046-10-19 12:00:00,3.0204814814213767,0.0
2046-10-19 12:30:00,3.0204814814213767,0.0
2046-10-19 13:00:00,3.0204814814213767,0.0
2046-10-19 13:30:00,3.0204814814213767,0.0
2046-10-19 14:00:00,3.0204814814213767,0.0
2046-10-19 14:30:00,3.0204814814213767,0.0
2046-10-19 15:00:00,3.0204814814213767,0.0
2046-10-19 15:30:00,3.0204814814213767,0.0
2046-10-19 16:00:00,3.0204814814213767,0.0
2046-10-19 16:30:00,3.0204814814213767,0.0
2046-10-19 17:00:00,3.0204814814213767,0.0
2046-10-19 17:30:00,3.0204814814213767,0.0
2046-10-19 18:00:00,3.0204814814213767,0.0
2046-10-19 18:30:00,3.0204814814213767,0.0
2046-10-19 19:00:00,3.0204814814213767,0.0
2046-10-19 19:30:00,3.0204814814213767,0.0
2046-10-19 20:00:00,3.0204814814213767,0.0
2046-10-19 20:30:00,3.0204814814213767,0.0
2046-10-19 21:00:00,3.0204814814213767,0.0
2046-10-19 21:30:00,3.0204814814213767,0.0
2046-10-19 22:00:00,3.0204814814213767,0.0
2046-10-19 22:30:00,3.0204814814213767,0.0
2046-10-19 23:00:00,3.0204814814213767,0.0
2046-10-19 23:30:00,3.0204814814213767,0.0
2046-10-20 00:00:00,3.0204814814213767,0.014213486013661115
2046-10-20 00:30:00,3.0127567607617722,0.0
2046-10-20 01:00:00,3.0127567607617722,0.0
2046-10-20 01:30:00,3.0127567607617722,0.0
2046-10-20 02:00:00,3.0127567607617722,0.014213486013661115
2046-10-20 02:30:00,3.0050320401021677,0.00877824896195347
2046-10-20 03:00:00,3.0002612526228414,0.014213486013661115
2046-10-20 03:30:00,2.992536531963237,0.014213486013661115
2046-10-20 04:00:00,2.9848118113036324,0.0
2046-10-20 04:30:00,2.9848118113036324,0.014213486013661115
2046-10-20 05:00:00,2.977087090644028,0.014213486013661115
2046-10-20 05:30:00,2.9693623699844234,0.014213486013661115
2046-10-20 06:00:00,2.961637649324819,0.0
2046-10-20 06:30:00,2.961637649324819,0.0
2046-10-20 07:00:00,2.961637649324819,0.0
2046-10-20 07:30:00,2.961637649324819,0.0
2046-10-20 08:00:00,2.961637649324819,-0.014213486013661115
2046-10-20 08:30:00,2.968175852891103,-0.014213486013661115
2046-10-20 09:00:00,2.9747140564573873,-0.014213486013661115
2046-10-20 09:30:00,2.9812522600236715,-0.014213486013661115
2046-10-20 10:00:00,2.9877904635899557,-0.014213486013661115
2046-10-20 10:30:00,2.99432866715624,-0.014213486013661115
2046-10-20 11:00:00,3.000866870722524,-0.014213486013661115
2046-10-20 11:30:00,3.0074050742888083,-0.014213486013661115
2046-10-20 12:00:00,3.0139432778550925,-0.014213486013661115
2046-10-20 12:30:00,3.0204814814213767,0.0
2046-10-20 13:00:00,3.0204814814213767,0.0
2046-10-20 13:30:00,3.0204814814213767,0.0
2046-10-20 14:00:00,3.0204814814213767,-0.002183191451707799
2046-10-20 14:30:00,3.0204814814213767,0.0
2046-10-20 15:00:00,3.0204814814213767,0.0
2046-10-20 15:30:00,3.0204814814213767,0.0
2046-10-20 16:00:00,3.0204814814213767,0.0
2046-10-20 16:30:00,3.0204814814213767,0.0
2046-10-20 17:00:00,3.0204814814213767,0.0
2046-10-20 17:30:00,3.0204814814213767,0.0
2046-10-20 18:00:00,3.0204814814213767,0.0
2046-10-20 18:30:00,3.0204814814213767,0.0
2046-10-20 19:00:00,3.0204814814213767,0.0
2046-10-20 19:30:00,3.0204814814213767,0.0
2046-10-20 20:00:00,3.0204814814213767,0.0
2046-10-20 20:30:00,3.0204814814213767,0.0
2046-10-20 21:00:00,3.0204814814213767,0.0
2046-10-20 21:30:00,3.0204814814213767,0.0
2046-10-20 22:00:00,3.0204814814213767,0.0
2046-10-20 22:30:00,3.0204814814213767,0.0
2046-10-20 23:00:00,3.0204814814213767,0.0
2046-10-20 23:30:00,3.0204814814213767,0.0
2046-10-21 00:00:00,3.0204814814213767,0.0
2046-10-21 00:30:00,3.0204814814213767,0.0
2046-10-21 01:00:00,3.0204814814213767,0.0
2046-10-21 01:30:00,3.0204814814213767,0.0
2046-10-21 02:00:00,3.0204814814213767,0.0
2046-10-21 02:30:00,3.0204814814213767,0.0
2046-10-21 03:00:00,3.0204814814213767,0.0
2046-10-21 03:30:00,3.0204814814213767,0.0
2046-10-21 04:00:00,3.0204814814213767,0.0
2046-10-21 04:30:00,3.0204814814213767,0.0
2046-10-21 05:00:00,3.0204814814213767,0.0
2046-10-21 05:30:00,3.0204814814213767,0.0
2046-10-21 06:00:00,3.0204814814213767,0.0
2046-10-21 06:30:00,3.0204814814213767,0.0
2046-10-21 07:00:00,3.0204814814213767,0.0
2046-10-21 07:30:00,3.0204814814213767,0.0
2046-10-21 08:00:00,3.0204814814213767,0.0
2046-10-21 08:30:00,3.0204814814213767,0.0
2046-10-21 09:00:00,3.0204814814213767,0.0
2046-10-21 09:30:00,3.0204814814213767,0.0
2046-10-21 10:00:00,3.0204814814213767,0.0
2046-10-21 10:30:00,3.0204814814213767,0.0
2046-10-21 11:00:00,3.0204814814213767,0.0
2046-10-21 11:30:00,3.0204814814213767,0.0
2046-10-21 12:00:00,3.0204814814213767,0.0
2046-10-21 12:30:00,3.0204814814213767,0.0
2046-10-21 13:00:00,3.0204814814213767,0.0
2046-10-21 13:30:00,3.0204814814213767,0.0
2046-10-21 14:00:00,3.0204814814213767,0.0
2046-10-21 14:30:00,3.0204814814213767,0.0
2046-10-21 15:00:00,3.0204814814213767,0.0
2046-10-21 15:30:00,3.0204814814213767,0.0
2046-10-21 16:00:00,3.0204814814213767,0.0
2046-10-21 16:30:00,3.0204814814213767,0.0
2046-10-21 17:00:00,3.0204814814213767,0.0
2046-10-21 17:30:00,3.0204814814213767,0.0
2046-10-21 18:00:00,3.0204814814213767,0.0
2046-10-21 18:30:00,3.0204814814213767,0.0
2046-10-21 19:00:00,3.0204814814213767,0.0
2046-10-21 19:30:00,3.0204814814213767,0.0
2046-10-21 20:00:00,3.0204814814213767,0.0
2046-10-21 20:30:00,3.0204814814213767,0.0
2046-10-21 21:00:00,3.0204814814213767,0.0
2046-10-21 21:30:00,3.0204814814213767,0.0
2046-10-21 22:00:00,3.0204814814213767,0.0
2046-10-21 22:30:00,3.0204814814213767,0.0
2046-10-21 23:00:00,3.0204814814213767,0.0
2046-10-21 23:30:00,3.0204814814213767,0.0
2046-10-22 00:00:00,3.0204814814213767,0.0
2046-10-22 00:30:00,3.0204814814213767,0.0
2046-10-22 01:00:00,3.0204814814213767,0.0
2046-10-22 01:30:00,3.0204814814213767,0.0
2046-10-22 02:00:00,3.0204814814213767,0.0
2046-10-22 02:30:00,3.0204814814213767,0.0
2046-10-22 03:00:00,3.0204814814213767,0.0
2046-10-22 03:30:00,3.0204814814213767,0.0
2046-10-22 04:00:00,3.0204814814213767,0.0
2046-10-22 04:30:00,3.0204814814213767,0.0
2046-10-22 05:00:00,3.0204814814213767,0.0
2046-10-22 05:30:00,3.0204814814213767,0.0
2046-10-22 06:00:00,3.0204814814213767,0.012030294561953316
2046-10-22 06:30:00,3.0139432778550925,0.0
2046-10-22 07:00:00,3.0139432778550925,-0.014213486013661115
2046-10-22 07:30:00,3.0204814814213767,0.0
2046-10-22 08:00:00,3.0204814814213767,0.0
2046-10-22 08:30:00,3.0204814814213767,0.0
2046-10-22 09:00:00,3.0204814814213767,0.0
2046-10-22 09:30:00,3.0204814814213767,-0.002183191451707799
2046-10-22 10:00:00,3.0204814814213767,0.0
2046-10-22 10:30:00,3.0204814814213767,0.0
2046-10-22 11:00:00,3.0204814814213767,0.0
2046-10-22 11:30:00,3.0204814814213767,0.0
2046-10-22 12:00:00,3.0204814814213767,0.0
2046-10-22 12:30:00,3.0204814814213767,0.0
2046-10-22 13:00:00,3.0204814814213767,0.0
2046-10-22 13:30:00,3.0204814814213767,0.0
2046-10-22 14:00:00,3.0204814814213767,0.0
2046-10-22 14:30:00,3.0204814814213767,0.0
2046-10-22 15:00:00,3.0204814814213767,0.0
2046-10-22 15:30:00,3.0204814814213767,0.0
2046-10-22 16:00:00,3.0204814814213767,0.0
2046-10-22 16:30:00,3.0204814814213767,0.0
2046-10-22 17:00:00,3.0204814814213767,0.0
2046-10-22 17:30:00,3.0204814814213767,0.0
2046-10-22 18:00:00,3.0204814814213767,0.0
2046-10-22 18:30:00,3.0204814814213767,0.0
2046-10-22 19:00:00,3.0204814814213767,0.0
2046-10-22 19:30:00,3.0204814814213767,0.0
2046-10-22 20:00:00,3.0204814814213767,0.0
2046-10-22 20:30:00,3.0204814814213767,0.0
2046-10-22 21:00:00,3.0204814814213767,0.0
2046-10-22 21:30:00,3.0204814814213767,0.0
2046-10-22 22:00:00,3.0204814814213767,0.0
2046-10-22 22:30:00,3.0204814814213767,0.0
2046-10-22 23:00:00,3.0204814814213767,0.0
2046-10-22 23:30:00,3.0204814814213767,0.0
2046-10-23 00:00:00,3.0204814814213767,0.0
2046-10-23 00:30:00,3.0204814814213767,0.0
2046-10-23 01:00:00,3.0204814814213767,0.0
2046-10-23 01:30:00,3.0204814814213767,0.0
2046-10-23 02:00:00,3.0204814814213767,0.0
2046-10-23 02:30:00,3.0204814814213767,0.0
2046-10-23 03:00:00,3.0204814814213767,0.0
2046-10-23 03:30:00,3.0204814814213767,0.0
2046-10-23 04:00:00,3.0204814814213767,0.0
2046-10-23 04:30:00,3.0204814814213767,0.0
2046-10-23 05:00:00,3.0204814814213767,0.0
2046-10-23 05:30:00,3.0204814814213767,0.0
2046-10-23 06:00:00,3.0204814814213767,0.0
2046-10-23 06:30:00,3.0204814814213767,0.0
2046-10-23 07:00:00,3.0204814814213767,0.0
2046-10-23 07:30:00,3.0204814814213767,0.0
2046-10-23 08:00:00,3.0204814814213767,0.0
2046-10-23 08:30:00,3.0204814814213767,0.0
2046-10-23 09:00:00,3.0204814814213767,0.0
2046-10-23 09:30:00,3.0204814814213767,0.0
2046-10-23 10:00:00,3.0204814814213767,0.0
2046-10-23 10:30:00,3.0204814814213767,0.0
2046-10-23 11:00:00,3.0204814814213767,0.0
2046-10-23 11:30:00,3.0204814814213767,0.0
2046-10-23 12:00:00,3.0204814814213767,0.0
2046-10-23 12:30:00,3.0204814814213767,0.0
2046-10-23 13:00:00,3.0204814814213767,0.0
2046-10-23 13:30:00,3.0204814814213767,0.0
2046-10-23 14:00:00,3.0204814814213767,0.0
2046-10-23 14:30:00,3.0204814814213767,0.0
2046-10-23 15:00:00,3.0204814814213767,0.0
2046-10-23 15:30:00,3.0204814814213767,0.0
2046-10-23 16:00:00,3.0204814814213767,0.0
2046-10-23 16:30:00,3.0204814814213767,0.0
2046-10-23 17:00:00,3.0204814814213767,0.0
2046-10-23 17:30:00,3.0204814814213767,0.0
2046-10-23 18:00:00,3.0204814814213767,0.0
2046-10-23 18:30:00,3.0204814814213767,0.0
2046-10-23 19:00:00,3.0204814814213767,0.0
2046-10-23 19:30:00,3.0204814814213767,0.0
2046-10-23 20:00:00,3.0204814814213767,0.0
2046-10-23 20:30:00,3.0204814814213767,0.0
2046-10-23 21:00:00,3.0204814814213767,0.0
2046-10-23 21:30:00,3.0204814814213767,0.0
2046-10-23 22:00:00,3.0192949643280564,-0.0025793849854789
2046-10-23 22:30:00,3.0204814814213767,0.0
2046-10-23 23:00:00,3.0204814814213767,0.0
2046-10-23 23:30:00,3.0204814814213767,0.0
2046-10-24 00:00:00,3.0204814814213767,0.0
2046-10-24 00:30:00,3.0204814814213767,0.0
2046-10-24 01:00:00,3.0204814814213767,0.0
2046-10-24 01:30:00,3.0204814814213767,0.005296472026579123
2046-10-24 02:00:00,3.017602964015625,0.0014557859365961225
2046-10-24 02:30:00,3.0168117760066044,-0.002817758316579153
2046-10-24 03:00:00,3.0181079448322308,-0.005159862150317312
2046-10-24 03:30:00,3.0204814814213767,0.0
2046-10-24 04:00:00,3.0204814814213767,0.0
2046-10-24 04:30:00,3.0204814814213767,-0.0021831914517079706
2046-10-24 05:00:00,3.0204814814213767,0.0
2046-10-24 05:30:00,3.0204814814213767,0.0
2046-10-24 06:00:00,3.0204814814213767,0.0003975098915791598
2046-10-24 06:30:00,3.0202654434368226,0.0
2046-10-24 07:00:00,3.0202654434368226,-0.00041271740203223275
2046-10-24 07:30:00,3.0204552934417572,-5.693039047719016e-05
2046-10-24 08:00:00,3.0204814814213767,0.0
2046-10-24 08:30:00,3.0204814814213767,0.0
2046-10-24 09:00:00,3.0204814814213767,0.0
2046-10-24 09:30:00,3.0204814814213767,0.0
2046-10-24 10:00:00,3.0204814814213767,0.0
2046-10-24 10:30:00,3.0204814814213767,0.0
2046-10-24 11:00:00,3.0204814814213767,0.0
2046-10-24 11:30:00,3.0204814814213767,0.0
2046-10-24 12:00:00,3.0204814814213767,0.0
2046-10-24 12:30:00,3.0204814814213767,0.0
2046-10-24 13:00:00,3.0204814814213767,0.0
2046-10-24 13:30:00,3.0204814814213767,0.0
2046-10-24 14:00:00,3.0204814814213767,0.0
2046-10-24 14:30:00,3.0204814814213767,0.0
2046-10-24 15:00:00,3.0204814814213767,0.0
2046-10-24 15:30:00,3.0204814814213767,0.0
2046-10-24 16:00:00,3.0204814814213767,0.0
2046-10-24 16:30:00,3.0204814814213767,0.0
2046-10-24 17:00:00,3.0204814814213767,0.0
2046-10-24 17:30:00,3.0204814814213767,0.0
2046-10-24 18:00:00,3.0204814814213767,0.0
2046-10-24 18:30:00,3.0204814814213767,0.0
2046-10-24 19:00:00,3.0204814814213767,0.0
2046-10-24 19:30:00,3.0204814814213767,0.0
2046-10-24 20:00:00,3.0204814814213767,0.0
2046-10-24 20:30:00,3.0204814814213767,0.0
2046-10-24 21:00:00,3.0204814814213767,0.0
2046-10-24 21:30:00,3.0204814814213767,0.0
2046-10-24 22:00:00,3.0204814814213767,0.0
2046-10-24 22:30:00,3.0204814814213767,0.0
2046-10-24 23:00:00,3.0204814814213767,0.0
2046-10-24 23:30:00,3.0204814814213767,0.0
2046-10-25 00:00:00,3.0204814814213767,0.0
2046-10-25 00:30:00,3.0204814814213767,0.0
2046-10-25 01:00:00,3.0204814814213767,0.0
2046-10-25 01:30:00,3.0204814814213767,0.0
2046-10-25 02:00:00,3.0204814814213767,0.0
2046-10-25 02:30:00,3.0204814814213767,0.0
2046-10-25 03:00:00,3.0204814814213767,0.0
2046-10-25 03:30:00,3.0204814814213767,0.0
2046-10-25 04:00:00,3.0204814814213767,0.0
2046-10-25 04:30:00,3.0204814814213767,0.0
2046-10-25 05:00:00,3.0204814814213767,0.0
2046-10-25 05:30:00,3.0204814814213767,0.0
2046-10-25 06:00:00,3.0204814814213767,0.0
2046-10-25 06:30:00,3.0204814814213767,0.0
2046-10-25 07:00:00,3.0204814814213767,0.0
2046-10-25 07:30:00,3.0204814814213767,0.0
2046-10-25 08:00:00,3.0204814814213767,0.0
2046-10-25 08:30:00,3.0204814814213767,0.0
2046-10-25 09:00:00,3.0204814814213767,0.0
2046-10-25 09:30:00,3.0204814814213767,0.0
2046-10-25 10:00:00,3.0204814814213767,0.0
2046-10-25 10:30:00,3.0204814814213767,0.0
2046-10-25 11:00:00,3.0204814814213767,0.0
2046-10-25 11:30:00,3.0204814814213767,0.0
2046-10-25 12:00:00,3.0204814814213767,0.0
2046-10-25 12:30:00,3.0204814814213767,0.0
2046-10-25 13:00:00,3.0204814814213767,0.0
2046-10-25 13:30:00,3.0204814814213767,0.0
2046-10-25 14:00:00,3.0204814814213767,0.0
2046-10-25 14:30:00,3.0204814814213767,0.0
2046-10-25 15:00:00,3.0204814814213767,0.0
2046-10-25 15:30:00,3.0204814814213767,0.0
2046-10-25 16:00:00,3.0204814814213767,0.0
2046-10-25 16:30:00,3.0204814814213767,0.0
2046-10-25 17:00:00,3.0204814814213767,0.0
2046-10-25 17:30:00,3.0204814814213767,0.0
2046-10-25 18:00:00,3.0204814814213767,0.0
2046-10-25 18:30:00,3.0204814814213767,0.0
2046-10-25 19:00:00,3.0204814814213767,0.0
2046-10-25 19:30:00,3.0204814814213767,0.0
2046-10-25 20:00:00,3.0204814814213767,0.0
2046-10-25 20:30:00,3.0204814814213767,0.0
2046-10-25 21:00:00,3.0204814814213767,0.0
2046-10-25 21:30:00,3.0204814814213767,0.0
2046-10-25 22:00:00,3.0204814814213767,0.0
2046-10-25 22:30:00,3.0204814814213767,0.0
2046-10-25 23:00:00,3.0204814814213767,0.0
2046-10-25 23:30:00,3.0204814814213767,0.0
2046-10-26 00:00:00,3.0204814814213767,0.0
2046-10-26 00:30:00,3.0204814814213767,0.0
2046-10-26 01:00:00,3.0204814814213767,0.0
2046-10-26 01:30:00,3.0204814814213767,0.0
2046-10-26 02:00:00,3.0204814814213767,0.0
2046-10-26 02:30:00,3.0204814814213767,0.0
2046-10-26 03:00:00,3.0204814814213767,0.0
2046-10-26 03:30:00,3.0204814814213767,0.0
2046-10-26 04:00:00,3.0204814814213767,0.0
2046-10-26 04:30:00,3.0204814814213767,0.0
2046-10-26 05:00:00,3.0204814814213767,0.0
2046-10-26 05:30:00,3.0204814814213767,0.014213486013661115
2046-10-26 06:00:00,3.0127567607617722,0.014213486013661115
2046-10-26 06:30:00,3.0050320401021677,0.0
2046-10-26 07:00:00,3.0050320401021677,0.0
2046-10-26 07:30:00,3.0050320401021677,-0.0051587699709578
2046-10-26 08:00:00,3.0074050742888083,-0.014213486013661115
2046-10-26 08:30:00,3.0139432778550925,-0.014213486013661115
2046-10-26 09:00:00,3.0204814814213767,0.0
2046-10-26 09:30:00,3.0204814814213767,0.0
2046-10-26 10:00:00,3.0204814814213767,0.0
2046-10-26 10:30:00,3.0204814814213767,0.0
2046-10-26 11:00:00,3.0204814814213767,0.0
2046-10-26 11:30:00,3.0204814814213767,0.0
2046-10-26 12:00:00,3.0204814814213767,0.0
2046-10-26 12:30:00,3.0204814814213767,0.0
2046-10-26 13:00:00,3.0204814814213767,0.0
2046-10-26 13:30:00,3.0204814814213767,0.0
2046-10-26 14:00:00,3.0204814814213767,0.0
2046-10-26 14:30:00,3.0204814814213767,0.0
2046-10-26 15:00:00,3.0204814814213767,0.0
2046-10-26 15:30:00,3.0204814814213767,0.0
2046-10-26 16:00:00,3.0204814814213767,0.0
2046-10-26 16:30:00,3.0204814814213767,0.0
2046-10-26 17:00:00,3.0204814814213767,0.0
2046-10-26 17:30:00,3.0204814814213767,0.0
2046-10-26 18:00:00,3.0204814814213767,0.0
2046-10-26 18:30:00,3.0204814814213767,0.0
2046-10-26 19:00:00,3.0204814814213767,0.012030294561953316
2046-10-26 19:30:00,3.0139432778550925,-0.014213486013661115
2046-10-26 20:00:00,3.0204814814213767,0.0
2046-10-26 20:30:00,3.0204814814213767,0.0
2046-10-26 21:00:00,3.0204814814213767,0.0
2046-10-26 21:30:00,3.0204814814213767,0.0
2046-10-26 22:00:00,3.0204814814213767,0.009324997125869205
2046-10-26 22:30:00,3.0154135482007915,0.0
2046-10-26 23:00:00,3.0154135482007915,0.0
2046-10-26 23:30:00,3.0154135482007915,0.0
2046-10-27 00:00:00,3.0154135482007915,0.0
2046-10-27 00:30:00,3.0154135482007915,0.0
2046-10-27 01:00:00,3.0154135482007915,0.0
2046-10-27 01:30:00,3.0154135482007915,0.0
2046-10-27 02:00:00,3.0154135482007915,0.0
2046-10-27 02:30:00,3.0154135482007915,0.0
2046-10-27 03:00:00,3.0154135482007915,0.002705297436084034
2046-10-27 03:30:00,3.0139432778550925,0.0
2046-10-27 04:00:00,3.0139432778550925,0.0
2046-10-27 04:30:00,3.0139432778550925,0.0
2046-10-27 05:00:00,3.0139432778550925,0.0
2046-10-27 05:30:00,3.0139432778550925,0.0
2046-10-27 06:00:00,3.0139432778550925,0.0
2046-10-27 06:30:00,3.0139432778550925,0.0
2046-10-27 07:00:00,3.0139432778550925,0.0
2046-10-27 07:30:00,3.0139432778550925,-0.014213486013661115
2046-10-27 08:00:00,3.0204814814213767,0.0
2046-10-27 08:30:00,3.0204814814213767,0.0
2046-10-27 09:00:00,3.0204814814213767,0.0
2046-10-27 09:30:00,3.0204814814213767,0.0
2046-10-27 10:00:00,3.0204814814213767,0.0
2046-10-27 10:30:00,3.0204814814213767,0.0
2046-10-27 11:00:00,3.0204814814213767,0.0
2046-10-27 11:30:00,3.0204814814213767,0.0
2046-10-27 12:00:00,3.0204814814213767,0.0
2046-10-27 12:30:00,3.0204814814213767,0.0
2046-10-27 13:00:00,3.0204814814213767,0.0
2046-10-27 13:30:00,3.0204814814213767,0.0
2046-10-27 14:00:00,3.0204814814213767,0.0
2046-10-27 14:30:00,3.0204814814213767,0.0
2046-10-27 15:00:00,3.0204814814213767,0.0
2046-10-27 15:30:00,3.0204814814213767,0.0
2046-10-27 16:00:00,3.0204814814213767,0.0
2046-10-27 16:30:00,3.0204814814213767,0.0
2046-10-27 17:00:00,3.0204814814213767,0.0
2046-10-27 17:30:00,3.0204814814213767,0.0
2046-10-27 18:00:00,3.0204814814213767,0.0
2046-10-27 18:30:00,3.0204814814213767,0.0
2046-10-27 19:00:00,3.0204814814213767,0.014213486013661115
2046-10-27 19:30:00,3.0127567607617722,0.0
2046-10-27 20:00:00,3.0127567607617722,0.0
2046-10-27 20:30:00,3.0127567607617722,0.0
2046-10-27 21:00:00,3.0127567607617722,0.0
2046-10-27 21:30:00,3.0127567607617722,0.0
2046-10-27 22:00:00,3.0127567607617722,0.0
2046-10-27 22:30:00,3.0127567607617722,0.0
2046-10-27 23:00:00,3.0127567607617722,0.0
2046-10-27 23:30:00,3.0127567607617722,0.0
2046-10-28 00:00:00,3.0127567607617722,0.014213486013661115
2046-10-28 00:30:00,3.0050320401021677,0.0
2046-10-28 01:00:00,3.0050320401021677,0.0
2046-10-28 01:30:00,3.0050320401021677,0.0
2046-10-28 02:00:00,3.0050320401021677,0.014213486013661115
2046-10-28 02:30:00,2.9973073194425632,0.0
2046-10-28 03:00:00,2.9973073194425632,0.0
2046-10-28 03:30:00,2.9973073194425632,0.0
2046-10-28 04:00:00,2.9973073194425632,0.0
2046-10-28 04:30:00,2.9973073194425632,0.0
2046-10-28 05:00:00,2.9973073194425632,0.0
2046-10-28 05:30:00,2.9973073194425632,0.0
2046-10-28 06:00:00,2.9973073194425632,0.0
2046-10-28 06:30:00,2.9973073194425632,0.0
2046-10-28 07:00:00,2.9973073194425632,0.0
2046-10-28 07:30:00,2.9973073194425632,-0.0077381549564366995
2046-10-28 08:00:00,3.000866870722524,-0.014213486013661115
2046-10-28 08:30:00,3.0074050742888083,-0.014213486013661115
2046-10-28 09:00:00,3.0139432778550925,-0.014213486013661115
2046-10-28 09:30:00,3.0204814814213767,0.0
2046-10-28 10:00:00,3.0204814814213767,0.0
2046-10-28 10:30:00,3.0204814814213767,0.0
2046-10-28 11:00:00,3.0204814814213767,0.0
2046-10-28 11:30:00,3.0204814814213767,0.0
2046-10-28 12:00:00,3.0204814814213767,0.0
2046-10-28 12:30:00,3.0204814814213767,0.0
2046-10-28 13:00:00,3.0204814814213767,0.0
2046-10-28 13:30:00,3.0204814814213767,0.0
2046-10-28 14:00:00,3.0204814814213767,0.0
2046-10-28 14:30:00,3.0204814814213767,0.0
2046-10-28 15:00:00,3.0204814814213767,0.0
2046-10-28 15:30:00,3.0204814814213767,0.0
2046-10-28 16:00:00,3.0204814814213767,0.0
2046-10-28 16:30:00,3.0204814814213767,0.0
2046-10-28 17:00:00,3.0204814814213767,0.0
2046-10-28 17:30:00,3.0204814814213767,0.0
2046-10-28 18:00:00,3.0204814814213767,0.0
2046-10-28 18:30:00,3.0204814814213767,0.0
2046-10-28 19:00:00,3.0204814814213767,0.0
2046-10-28 19:30:00,3.0204814814213767,0.0
2046-10-28 20:00:00,3.0204814814213767,0.01314463186536866
2046-10-28 20:30:00,3.01333765975541,0.0
2046-10-28 21:00:00,3.01333765975541,0.014213486013661115
2046-10-28 21:30:00,3.0056129390958053,0.0
2046-10-28 22:00:00,3.0056129390958053,0.0
2046-10-28 22:30:00,3.0056129390958053,0.0
2046-10-28 23:00:00,3.0056129390958053,0.0
2046-10-28 23:30:00,3.0056129390958053,0.0
2046-10-29 00:00:00,3.0056129390958053,0.0
2046-10-29 00:30:00,3.0056129390958053,0.014213486013661115
2046-10-29 01:00:00,2.997888218436201,0.014213486013661115
2046-10-29 01:30:00,2.9901634977765963,0.0
2046-10-29 02:00:00,2.9901634977765963,0.0
2046-10-29 02:30:00,2.9901634977765963,0.0
2046-10-29 03:00:00,2.9901634977765963,0.0
2046-10-29 03:30:00,2.9901634977765963,0.0
2046-10-29 04:00:00,2.9901634977765963,0.014213486013661115
2046-10-29 04:30:00,2.982438777116992,0.0
2046-10-29 05:00:00,2.982438777116992,0.014213486013661115
2046-10-29 05:30:00,2.9747140564573873,0.0
2046-10-29 06:00:00,2.9747140564573873,0.0
2046-10-29 06:30:00,2.9747140564573873,0.0
2046-10-29 07:00:00,2.9747140564573873,0.0
2046-10-29 07:30:00,2.9747140564573873,-0.014213486013661115
2046-10-29 08:00:00,2.9812522600236715,-0.014213486013661115
2046-10-29 08:30:00,2.9877904635899557,-0.014213486013661115
2046-10-29 09:00:00,2.99432866715624,-0.014213486013661115
2046-10-29 09:30:00,3.000866870722524,-0.014213486013661115
2046-10-29 10:00:00,3.0074050742888083,-0.014213486013661115
2046-10-29 10:30:00,3.0139432778550925,-0.014213486013661115
2046-10-29 11:00:00,3.0204814814213767,0.0
2046-10-29 11:30:00,3.0204814814213767,0.0
2046-10-29 12:00:00,3.0204814814213767,0.0
2046-10-29 12:30:00,3.0204814814213767,-0.0021831914517079706
2046-10-29 13:00:00,3.0204814814213767,0.0
2046-10-29 13:30:00,3.0204814814213767,0.0
2046-10-29 14:00:00,3.0204814814213767,0.0
2046-10-29 14:30:00,3.0204814814213767,0.0
2046-10-29 15:00:00,3.0204814814213767,0.0
2046-10-29 15:30:00,3.0204814814213767,0.0
2046-10-29 16:00:00,3.0204814814213767,0.0
2046-10-29 16:30:00,3.0204814814213767,0.0
2046-10-29 17:00:00,3.0204814814213767,0.0
2046-10-29 17:30:00,3.0204814814213767,0.0
2046-10-29 18:00:00,3.0204814814213767,0.014213486013661115
2046-10-29 18:30:00,3.0127567607617722,0.0
2046-10-29 19:00:00,3.0127567607617722,0.0
2046-10-29 19:30:00,3.0127567607617722,0.014213486013661115
2046-10-29 20:00:00,3.0050320401021677,0.0
2046-10-29 20:30:00,3.0050320401021677,0.014213486013661115
2046-10-29 21:00:00,2.9973073194425632,0.0
2046-10-29 21:30:00,2.9973073194425632,0.0
2046-10-29 22:00:00,2.9973073194425632,0.0
2046-10-29 22:30:00,2.9973073194425632,0.0
2046-10-29 23:00:00,2.9973073194425632,0.0
2046-10-29 23:30:00,2.9973073194425632,0.014213486013661115
2046-10-30 00:00:00,2.9895825987829587,0.0
2046-10-30 00:30:00,2.9895825987829587,0.0
2046-10-30 01:00:00,2.9895825987829587,0.014213486013661115
2046-10-30 01:30:00,2.9818578781233542,0.0
2046-10-30 02:00:00,2.9818578781233542,0.0
2046-10-30 02:30:00,2.9818578781233542,0.0
2046-10-30 03:00:00,2.9818578781233542,0.014213486013661115
2046-10-30 03:30:00,2.9741331574637497,0.0
2046-10-30 04:00:00,2.9741331574637497,0.0
2046-10-30 04:30:00,2.9741331574637497,0.014213486013661115
2046-10-30 05:00:00,2.9664084368041452,0.0
2046-10-30 05:30:00,2.9664084368041452,0.0
2046-10-30 06:00:00,2.9664084368041452,0.0
2046-10-30 06:30:00,2.9664084368041452,0.0
2046-10-30 07:00:00,2.9664084368041452,-0.0038422088846909812
2046-10-30 07:30:00,2.968175852891103,-0.014213486013661115
2046-10-30 08:00:00,2.9747140564573873,-0.014213486013661115
2046-10-30 08:30:00,2.9812522600236715,-0.014213486013661115
2046-10-30 09:00:00,2.9877904635899557,-0.014213486013661115
2046-10-30 09:30:00,2.99432866715624,-0.014213486013661115
2046-10-30 10:00:00,3.000866870722524,-0.014213486013661115
2046-10-30 10:30:00,3.0074050742888083,-0.014213486013661115
2046-10-30 11:00:00,3.0139432778550925,-0.014213486013661115
2046-10-30 11:30:00,3.0204814814213767,0.0
2046-10-30 12:00:00,3.0204814814213767,0.0
2046-10-30 12:30:00,3.0204814814213767,-0.002183191451707799
2046-10-30 13:00:00,3.0204814814213767,0.0
2046-10-30 13:30:00,3.0204814814213767,0.0
2046-10-30 14:00:00,3.0204814814213767,0.0
2046-10-30 14:30:00,3.0204814814213767,0.0
2046-10-30 15:00:00,3.0204814814213767,0.0
2046-10-30 15:30:00,3.0204814814213767,0.0
2046-10-30 16:00:00,3.0204814814213767,0.0
2046-10-30 16:30:00,3.0204814814213767,0.0
2046-10-30 17:00:00,3.0204814814213767,0.0
2046-10-30 17:30:00,3.0204814814213767,0.0
2046-10-30 18:00:00,3.0204814814213767,0.0
2046-10-30 18:30:00,3.0204814814213767,0.0
2046-10-30 19:00:00,3.0204814814213767,0.0
2046-10-30 19:30:00,3.0204814814213767,0.0
2046-10-30 20:00:00,3.0204814814213767,0.0
2046-10-30 20:30:00,3.0204814814213767,0.0
2046-10-30 21:00:00,3.0204814814213767,0.0
2046-10-30 21:30:00,3.0204814814213767,0.0
2046-10-30 22:00:00,3.0204814814213767,0.0
2046-10-30 22:30:00,3.0204814814213767,0.0
2046-10-30 23:00:00,3.0204814814213767,0.0
2046-10-30 23:30:00,3.0204814814213767,0.0
2046-10-31 00:00:00,3.0204814814213767,0.0
2046-10-31 00:30:00,3.0204814814213767,0.0
2046-10-31 01:00:00,3.0204814814213767,0.0
2046-10-31 01:30:00,3.0204814814213767,0.0
2046-10-31 02:00:00,3.0204814814213767,0.0
2046-10-31 02:30:00,3.0204814814213767,0.0
2046-10-31 03:00:00,3.0204814814213767,0.0
2046-10-31 03:30:00,3.0204814814213767,0.0
2046-10-31 04:00:00,3.0204814814213767,0.0
2046-10-31 04:30:00,3.0204814814213767,0.0
2046-10-31 05:00:00,3.0204814814213767,0.0
2046-10-31 05:30:00,3.0204814814213767,0.0
2046-10-31 06:00:00,3.0204814814213767,0.0
2046-10-31 06:30:00,3.0204814814213767,0.0
2046-10-31 07:00:00,3.0204814814213767,0.0
2046-10-31 07:30:00,3.0204814814213767,0.0
2046-10-31 08:00:00,3.0204814814213767,0.0
2046-10-31 08:30:00,3.0204814814213767,0.0
2046-10-31 09:00:00,3.0204814814213767,0.0
2046-10-31 09:30:00,3.0204814814213767,0.0
2046-10-31 10:00:00,3.0204814814213767,0.0
2046-10-31 10:30:00,3.0204814814213767,0.0
2046-10-31 11:00:00,3.0204814814213767,0.0
2046-10-31 11:30:00,3.0204814814213767,0.0
2046-10-31 12:00:00,3.0204814814213767,0.0
2046-10-31 12:30:00,3.0204814814213767,0.0
2046-10-31 13:00:00,3.0204814814213767,0.006719835984579146
2046-10-31 13:30:00,3.016829396647146,0.008088563753597415
2046-10-31 14:00:00,3.012433438085405,0.0050205285719999715
2046-10-31 14:30:00,3.009704889948446,-0.009213886753579146
2046-10-31 15:00:00,3.0139432778550925,-0.014213486013661115
2046-10-31 15:30:00,3.0204814814213767,0.0
2046-10-31 16:00:00,3.0204814814213767,0.0
2046-10-31 16:30:00,3.0204814814213767,0.0
2046-10-31 17:00:00,3.0204814814213767,0.0
2046-10-31 17:30:00,3.0204814814213767,0.0
2046-10-31 18:00:00,3.0204814814213767,0.0
2046-10-31 18:30:00,3.0204814814213767,0.0
2046-10-31 19:00:00,3.0204814814213767,0.0
2046-10-31 19:30:00,3.0204814814213767,0.0
2046-10-31 20:00:00,3.0204814814213767,0.0
2046-10-31 20:30:00,3.0204814814213767,0.0
2046-10-31 21:00:00,3.0204814814213767,0.0
2046-10-31 21:30:00,3.0204814814213767,0.0
2046-10-31 22:00:00,3.0204814814213767,0.0
2046-10-31 22:30:00,3.0204814814213767,0.0
2046-10-31 23:00:00,3.0204814814213767,0.0
2046-10-31 23:30:00,3.0204814814213767,0.0
2046-11-01 00:00:00,3.0204814814213767,0.0
2046-11-01 00:30:00,3.0204814814213767,0.0
2046-11-01 01:00:00,3.0204814814213767,0.0
2046-11-01 01:30:00,3.0204814814213767,0.0
2046-11-01 02:00:00,3.0204814814213767,0.0
2046-11-01 02:30:00,3.0204814814213767,0.0
2046-11-01 03:00:00,3.0204814814213767,0.0
2046-11-01 03:30:00,3.0204814814213767,0.0
2046-11-01 04:00:00,3.0204814814213767,0.0
2046-11-01 04:30:00,3.0204814814213767,0.0
2046-11-01 05:00:00,3.0204814814213767,-0.002183191451707799
2046-11-01 05:30:00,3.0204814814213767,0.0
2046-11-01 06:00:00,3.0204814814213767,0.0
2046-11-01 06:30:00,3.0204814814213767,0.0
2046-11-01 07:00:00,3.0204814814213767,0.0
2046-11-01 07:30:00,3.0204814814213767,0.0
2046-11-01 08:00:00,3.0204814814213767,0.0
2046-11-01 08:30:00,3.0204814814213767,0.0
2046-11-01 09:00:00,3.0204814814213767,0.0
2046-11-01 09:30:00,3.0204814814213767,0.0
2046-11-01 10:00:00,3.0204814814213767,0.0
2046-11-01 10:30:00,3.0204814814213767,0.0
2046-11-01 11:00:00,3.0204814814213767,0.0
2046-11-01 11:30:00,3.0204814814213767,0.0
2046-11-01 12:00:00,3.0204814814213767,0.0
2046-11-01 12:30:00,3.0204814814213767,0.0
2046-11-01 13:00:00,3.0204814814213767,0.0
2046-11-01 13:30:00,3.0204814814213767,0.0
2046-11-01 14:00:00,3.0204814814213767,0.0
2046-11-01 14:30:00,3.0204814814213767,0.0
2046-11-01 15:00:00,3.0204814814213767,0.0
2046-11-01 15:30:00,3.0204814814213767,0.0
2046-11-01 16:00:00,3.0204814814213767,0.0
2046-11-01 16:30:00,3.0204814814213767,0.0
2046-11-01 17:00:00,3.0204814814213767,0.0
2046-11-01 17:30:00,3.0204814814213767,0.0
2046-11-01 18:00:00,3.0204814814213767,0.0
2046-11-01 18:30:00,3.0204814814213767,0.0
2046-11-01 19:00:00,3.0204814814213767,0.0
2046-11-01 19:30:00,3.0204814814213767,0.0
2046-11-01 20:00:00,3.0204814814213767,0.0
2046-11-01 20:30:00,3.0204814814213767,0.0
2046-11-01 21:00:00,3.0204814814213767,0.0
2046-11-01 21:30:00,3.0204814814213767,0.0
2046-11-01 22:00:00,3.0204814814213767,0.0
2046-11-01 22:30:00,3.0204814814213767,0.0
2046-11-01 23:00:00,3.0204814814213767,0.0
2046-11-01 23:30:00,3.0204814814213767,0.012030294561953316
2046-11-02 00:00:00,3.0139432778550925,-0.014213486013661115
2046-11-02 00:30:00,3.0204814814213767,0.0
2046-11-02 01:00:00,3.0204814814213767,0.0
2046-11-02 01:30:00,3.0204814814213767,0.0
2046-11-02 02:00:00,3.0204814814213767,0.0
2046-11-02 02:30:00,3.0204814814213767,0.0
2046-11-02 03:00:00,3.0204814814213767,0.0
2046-11-02 03:30:00,3.0204814814213767,0.0
2046-11-02 04:00:00,3.0204814814213767,0.0
2046-11-02 04:30:00,3.0204814814213767,0.0
2046-11-02 05:00:00,3.0204814814213767,0.0
2046-11-02 05:30:00,3.0204814814213767,0.0
2046-11-02 06:00:00,3.0204814814213767,0.0
2046-11-02 06:30:00,3.0204814814213767,0.0
2046-11-02 07:00:00,3.0204814814213767,0.0
2046-11-02 07:30:00,3.0204814814213767,0.0
2046-11-02 08:00:00,3.0204814814213767,0.0
2046-11-02 08:30:00,3.0204814814213767,0.0
2046-11-02 09:00:00,3.0204814814213767,0.0
2046-11-02 09:30:00,3.0204814814213767,0.0
2046-11-02 10:00:00,3.0204814814213767,0.0
2046-11-02 10:30:00,3.0204814814213767,0.0
2046-11-02 11:00:00,3.0204814814213767,0.0
2046-11-02 11:30:00,3.0204814814213767,0.0
2046-11-02 12:00:00,3.0204814814213767,0.0
2046-11-02 12:30:00,3.0204814814213767,0.0
2046-11-02 13:00:00,3.0204814814213767,0.0
2046-11-02 13:30:00,3.0204814814213767,0.0
2046-11-02 14:00:00,3.0204814814213767,0.0
2046-11-02 14:30:00,3.0204814814213767,0.0
2046-11-02 15:00:00,3.0204814814213767,0.0
2046-11-02 15:30:00,3.0204814814213767,0.0
2046-11-02 16:00:00,3.0204814814213767,0.0
2046-11-02 16:30:00,3.0204814814213767,0.0
2046-11-02 17:00:00,3.0204814814213767,0.0
2046-11-02 17:30:00,3.0204814814213767,0.0
2046-11-02 18:00:00,3.0204814814213767,0.0
2046-11-02 18:30:00,3.0204814814213767,0.0
2046-11-02 19:00:00,3.0204814814213767,0.0
2046-11-02 19:30:00,3.0204814814213767,0.0
2046-11-02 20:00:00,3.0204814814213767,0.0
2046-11-02 20:30:00,3.0204814814213767,0.0
2046-11-02 21:00:00,3.0204814814213767,0.014213486013661115
2046-11-02 21:30:00,3.0127567607617722,0.0
2046-11-02 22:00:00,3.0127567607617722,0.0
2046-11-02 22:30:00,3.0127567607617722,0.0
2046-11-02 23:00:00,3.0127567607617722,0.0
2046-11-02 23:30:00,3.0127567607617722,0.0
2046-11-03 00:00:00,3.0127567607617722,0.0
2046-11-03 00:30:00,3.0127567607617722,0.0
2046-11-03 01:00:00,3.0127567607617722,0.0
2046-11-03 01:30:00,3.0127567607617722,0.0
2046-11-03 02:00:00,3.0127567607617722,0.0
2046-11-03 02:30:00,3.0127567607617722,0.0
2046-11-03 03:00:00,3.0127567607617722,0.0
2046-11-03 03:30:00,3.0127567607617722,0.014213486013661115
2046-11-03 04:00:00,3.0050320401021677,0.0
2046-11-03 04:30:00,3.0050320401021677,0.014213486013661115
2046-11-03 05:00:00,2.9973073194425632,0.0
2046-11-03 05:30:00,2.9973073194425632,0.0
2046-11-03 06:00:00,2.9973073194425632,0.0
2046-11-03 06:30:00,2.9973073194425632,0.0
2046-11-03 07:00:00,2.9973073194425632,0.0
2046-11-03 07:30:00,2.9973073194425632,0.0
2046-11-03 08:00:00,2.9973073194425632,0.0
2046-11-03 08:30:00,2.9973073194425632,0.0
2046-11-03 09:00:00,2.9973073194425632,0.0
2046-11-03 09:30:00,2.9973073194425632,-0.014213486013661115
2046-11-03 10:00:00,3.0038455230088474,-0.0077381549564366995
2046-11-03 10:30:00,3.0074050742888083,-0.014213486013661115
2046-11-03 11:00:00,3.0139432778550925,-0.014213486013661115
2046-11-03 11:30:00,3.0204814814213767,0.0
2046-11-03 12:00:00,3.0204814814213767,0.0
2046-11-03 12:30:00,3.0204814814213767,0.0
2046-11-03 13:00:00,3.0204814814213767,0.0
2046-11-03 13:30:00,3.0204814814213767,0.0
2046-11-03 14:00:00,3.0204814814213767,0.0
2046-11-03 14:30:00,3.0204814814213767,0.0
2046-11-03 15:00:00,3.0204814814213767,0.0
2046-11-03 15:30:00,3.0204814814213767,0.0
2046-11-03 16:00:00,3.0204814814213767,0.0
2046-11-03 16:30:00,3.0204814814213767,0.0
2046-11-03 17:00:00,3.0204814814213767,0.0
2046-11-03 17:30:00,3.0204814814213767,0.007885326152883659
2046-11-03 18:00:00,3.016195978077415,0.0019617769573617716
2046-11-03 18:30:00,3.015129794948413,0.0
2046-11-03 19:00:00,3.015129794948413,0.0
2046-11-03 19:30:00,3.015129794948413,0.0
2046-11-03 20:00:00,3.015129794948413,0.0
2046-11-03 20:30:00,3.015129794948413,0.0
2046-11-03 21:00:00,3.015129794948413,0.0
2046-11-03 21:30:00,3.015129794948413,0.0
2046-11-03 22:00:00,3.015129794948413,0.0
2046-11-03 22:30:00,3.015129794948413,0.0
2046-11-03 23:00:00,3.015129794948413,0.0
2046-11-03 23:30:00,3.015129794948413,0.014213486013661115
2046-11-04 00:00:00,3.0074050742888083,0.0
2046-11-04 00:30:00,3.0074050742888083,0.0
2046-11-04 01:00:00,3.0074050742888083,0.0
2046-11-04 01:30:00,3.0074050742888083,0.0
2046-11-04 02:00:00,3.0074050742888083,0.0
2046-11-04 02:30:00,3.0074050742888083,0.0
2046-11-04 03:00:00,3.0074050742888083,0.0
2046-11-04 03:30:00,3.0074050742888083,0.0
2046-11-04 04:00:00,3.0074050742888083,0.0
2046-11-04 04:30:00,3.0074050742888083,0.0
2046-11-04 05:00:00,3.0074050742888083,0.0
2046-11-04 05:30:00,3.0074050742888083,0.0
2046-11-04 06:00:00,3.0074050742888083,0.0
2046-11-04 06:30:00,3.0074050742888083,-0.014213486013661115
2046-11-04 07:00:00,3.0139432778550925,-0.014213486013661115
2046-11-04 07:30:00,3.0204814814213767,0.0
2046-11-04 08:00:00,3.0204814814213767,0.0
2046-11-04 08:30:00,3.0204814814213767,0.0
2046-11-04 09:00:00,3.0204814814213767,0.0
2046-11-04 09:30:00,3.0204814814213767,0.0
2046-11-04 10:00:00,3.0204814814213767,0.0
2046-11-04 10:30:00,3.0204814814213767,0.0
2046-11-04 11:00:00,3.0204814814213767,0.0
2046-11-04 11:30:00,3.0204814814213767,0.0
2046-11-04 12:00:00,3.0204814814213767,0.0
2046-11-04 12:30:00,3.0204814814213767,0.0
2046-11-04 13:00:00,3.0204814814213767,0.0
2046-11-04 13:30:00,3.0204814814213767,0.0
2046-11-04 14:00:00,3.0204814814213767,0.0
2046-11-04 14:30:00,3.0204814814213767,0.0
2046-11-04 15:00:00,3.0204814814213767,0.0
2046-11-04 15:30:00,3.0204814814213767,0.0
2046-11-04 16:00:00,3.0204814814213767,0.0
2046-11-04 16:30:00,3.0204814814213767,0.0
2046-11-04 17:00:00,3.0204814814213767,0.0
2046-11-04 17:30:00,3.0204814814213767,0.0
2046-11-04 18:00:00,3.0204814814213767,0.0
2046-11-04 18:30:00,3.0204814814213767,0.0
2046-11-04 19:00:00,3.0204814814213767,0.0
2046-11-04 19:30:00,3.0204814814213767,0.0
2046-11-04 20:00:00,3.0204814814213767,0.0
2046-11-04 20:30:00,3.0204814814213767,0.0
2046-11-04 21:00:00,3.0204814814213767,0.0
2046-11-04 21:30:00,3.0204814814213767,0.0
2046-11-04 22:00:00,3.0204814814213767,0.0
2046-11-04 22:30:00,3.0204814814213767,0.0
2046-11-04 23:00:00,3.0204814814213767,0.0
2046-11-04 23:30:00,3.0204814814213767,0.0
2046-11-05 00:00:00,3.0204814814213767,0.0
2046-11-05 00:30:00,3.0204814814213767,0.0
2046-11-05 01:00:00,3.0204814814213767,0.0
2046-11-05 01:30:00,3.0204814814213767,0.0
2046-11-05 02:00:00,3.0204814814213767,0.0
2046-11-05 02:30:00,3.0204814814213767,0.0
2046-11-05 03:00:00,3.0204814814213767,0.0
2046-11-05 03:30:00,3.0204814814213767,0.0
2046-11-05 04:00:00,3.0204814814213767,0.0
2046-11-05 04:30:00,3.0204814814213767,0.0
2046-11-05 05:00:00,3.0204814814213767,0.0
2046-11-05 05:30:00,3.0204814814213767,0.0
2046-11-05 06:00:00,3.0204814814213767,0.0
2046-11-05 06:30:00,3.0204814814213767,0.0
2046-11-05 07:00:00,3.0204814814213767,0.0
2046-11-05 07:30:00,3.0204814814213767,0.0
2046-11-05 08:00:00,3.0204814814213767,0.0
2046-11-05 08:30:00,3.0204814814213767,0.0
2046-11-05 09:00:00,3.0204814814213767,0.0
2046-11-05 09:30:00,3.0204814814213767,0.0
2046-11-05 10:00:00,3.0204814814213767,0.0
2046-11-05 10:30:00,3.0204814814213767,0.0
2046-11-05 11:00:00,3.0204814814213767,0.0
2046-11-05 11:30:00,3.0204814814213767,0.0
2046-11-05 12:00:00,3.0204814814213767,0.0
2046-11-05 12:30:00,3.0204814814213767,0.0
2046-11-05 13:00:00,3.0204814814213767,0.0
2046-11-05 13:30:00,3.0204814814213767,0.0
2046-11-05 14:00:00,3.0204814814213767,0.0
2046-11-05 14:30:00,3.0204814814213767,0.0
2046-11-05 15:00:00,3.0204814814213767,0.0
2046-11-05 15:30:00,3.0204814814213767,0.0
2046-11-05 16:00:00,3.0204814814213767,0.0
2046-11-05 16:30:00,3.0204814814213767,0.0
2046-11-05 17:00:00,3.0204814814213767,-0.002183191451707799
2046-11-05 17:30:00,3.0204814814213767,0.0
2046-11-05 18:00:00,3.0204814814213767,0.0
2046-11-05 18:30:00,3.0204814814213767,0.0
2046-11-05 19:00:00,3.0204814814213767,0.0
2046-11-05 19:30:00,3.0204814814213767,0.0
2046-11-05 20:00:00,3.0204814814213767,0.0
2046-11-05 20:30:00,3.0204814814213767,0.0
2046-11-05 21:00:00,3.0204814814213767,0.0
2046-11-05 21:30:00,3.0204814814213767,0.0
2046-11-05 22:00:00,3.0204814814213767,0.0
2046-11-05 22:30:00,3.0204814814213767,0.0
2046-11-05 23:00:00,3.0204814814213767,0.0
2046-11-05 23:30:00,3.0204814814213767,0.0
2046-11-06 00:00:00,3.0204814814213767,0.0
2046-11-06 00:30:00,3.0204814814213767,0.0
2046-11-06 01:00:00,3.0204814814213767,0.0
2046-11-06 01:30:00,3.0204814814213767,0.0
2046-11-06 02:00:00,3.0204814814213767,0.0
2046-11-06 02:30:00,3.0204814814213767,0.009847103110245722
2046-11-06 03:00:00,3.015129794948413,0.0
2046-11-06 03:30:00,3.015129794948413,0.0
2046-11-06 04:00:00,3.015129794948413,0.0
2046-11-06 04:30:00,3.015129794948413,0.0
2046-11-06 05:00:00,3.015129794948413,0.0
2046-11-06 05:30:00,3.015129794948413,0.014213486013661115
2046-11-06 06:00:00,3.0074050742888083,0.0
2046-11-06 06:30:00,3.0074050742888083,0.0
2046-11-06 07:00:00,3.0074050742888083,0.0
2046-11-06 07:30:00,3.0074050742888083,0.0
2046-11-06 08:00:00,3.0074050742888083,0.0
2046-11-06 08:30:00,3.0074050742888083,-0.014213486013661115
2046-11-06 09:00:00,3.0139432778550925,-0.014213486013661115
2046-11-06 09:30:00,3.0204814814213767,0.0
2046-11-06 10:00:00,3.0204814814213767,0.0
2046-11-06 10:30:00,3.0204814814213767,0.0
2046-11-06 11:00:00,3.0204814814213767,0.0
2046-11-06 11:30:00,3.0204814814213767,0.0
2046-11-06 12:00:00,3.0204814814213767,0.0
2046-11-06 12:30:00,3.0204814814213767,0.0
2046-11-06 13:00:00,3.0204814814213767,0.0
2046-11-06 13:30:00,3.0204814814213767,0.0
2046-11-06 14:00:00,3.0204814814213767,0.0
2046-11-06 14:30:00,3.0204814814213767,0.0
2046-11-06 15:00:00,3.0204814814213767,0.0
2046-11-06 15:30:00,3.0204814814213767,0.0
2046-11-06 16:00:00,3.0204814814213767,0.0
2046-11-06 16:30:00,3.0204814814213767,0.0
2046-11-06 17:00:00,3.0204814814213767,0.0
2046-11-06 17:30:00,3.0204814814213767,0.0
2046-11-06 18:00:00,3.0204814814213767,0.0
2046-11-06 18:30:00,3.0204814814213767,0.0
2046-11-06 19:00:00,3.0204814814213767,0.0
2046-11-06 19:30:00,3.0204814814213767,0.0
2046-11-06 20:00:00,3.0204814814213767,0.0
2046-11-06 20:30:00,3.0204814814213767,0.0
2046-11-06 21:00:00,3.0204814814213767,0.0
2046-11-06 21:30:00,3.0204814814213767,0.0
2046-11-06 22:00:00,3.0204814814213767,0.0
2046-11-06 22:30:00,3.0204814814213767,0.0
2046-11-06 23:00:00,3.0204814814213767,0.0
2046-11-06 23:30:00,3.0204814814213767,0.0
2046-11-07 00:00:00,3.0204814814213767,0.0
2046-11-07 00:30:00,3.0204814814213767,0.0
2046-11-07 01:00:00,3.0204814814213767,0.0
2046-11-07 01:30:00,3.0204814814213767,0.0
2046-11-07 02:00:00,3.0204814814213767,0.0
2046-11-07 02:30:00,3.0204814814213767,0.0
2046-11-07 03:00:00,3.0204814814213767,0.014213486013661115
2046-11-07 03:30:00,3.0127567607617722,0.014213486013661115
2046-11-07 04:00:00,3.0050320401021677,0.0
2046-11-07 04:30:00,3.0050320401021677,0.014213486013661115
2046-11-07 05:00:00,2.9973073194425632,0.014213486013661115
2046-11-07 05:30:00,2.9895825987829587,0.014213486013661115
2046-11-07 06:00:00,2.9818578781233542,0.014213486013661115
2046-11-07 06:30:00,2.9741331574637497,0.0
2046-11-07 07:00:00,2.9741331574637497,0.0
2046-11-07 07:30:00,2.9741331574637497,0.0
2046-11-07 08:00:00,2.9741331574637497,0.0
2046-11-07 08:30:00,2.9741331574637497,0.0
2046-11-07 09:00:00,2.9741331574637497,0.0
2046-11-07 09:30:00,2.9741331574637497,-0.014213486013661115
2046-11-07 10:00:00,2.980671361030034,-0.014213486013661115
2046-11-07 10:30:00,2.987209564596318,-0.014213486013661115
2046-11-07 11:00:00,2.9937477681626024,-0.014213486013661115
2046-11-07 11:30:00,3.0002859717288866,-0.014213486013661115
2046-11-07 12:00:00,3.0068241752951708,-0.014213486013661115
2046-11-07 12:30:00,3.013362378861455,-0.014213486013661115
2046-11-07 13:00:00,3.019900582427739,-0.0012628238992120815
2046-11-07 13:30:00,3.0204814814213767,0.0
2046-11-07 14:00:00,3.0204814814213767,0.0
2046-11-07 14:30:00,3.0204814814213767,0.0
2046-11-07 15:00:00,3.0204814814213767,0.0
2046-11-07 15:30:00,3.0204814814213767,0.0
2046-11-07 16:00:00,3.0204814814213767,0.0
2046-11-07 16:30:00,3.0204814814213767,0.0
2046-11-07 17:00:00,3.0204814814213767,0.0
2046-11-07 17:30:00,3.0204814814213767,0.0
2046-11-07 18:00:00,3.0204814814213767,0.0
2046-11-07 18:30:00,3.0204814814213767,0.0
2046-11-07 19:00:00,3.0204814814213767,0.0
2046-11-07 19:30:00,3.0204814814213767,0.0
2046-11-07 20:00:00,3.0204814814213767,0.0
2046-11-07 20:30:00,3.0204814814213767,0.0
2046-11-07 21:00:00,3.0204814814213767,0.0
2046-11-07 21:30:00,3.0204814814213767,0.0
2046-11-07 22:00:00,3.0204814814213767,0.0
2046-11-07 22:30:00,3.0204814814213767,0.0
2046-11-07 23:00:00,3.0204814814213767,0.0
2046-11-07 23:30:00,3.0204814814213767,0.0
2046-11-08 00:00:00,3.0204814814213767,0.0
2046-11-08 00:30:00,3.0204814814213767,0.014213486013661115
2046-11-08 01:00:00,3.0127567607617722,0.0
2046-11-08 01:30:00,3.0127567607617722,0.014213486013661115
2046-11-08 02:00:00,3.0050320401021677,0.0011143373034153438
2046-11-08 02:30:00,3.004426422002485,0.014213486013661115
2046-11-08 03:00:00,2.9967017013428805,0.0
2046-11-08 03:30:00,2.9967017013428805,0.0
2046-11-08 04:00:00,2.9967017013428805,0.0
2046-11-08 04:30:00,2.9967017013428805,0.0
2046-11-08 05:00:00,2.9967017013428805,0.014213486013661115
2046-11-08 05:30:00,2.988976980683276,0.0
2046-11-08 06:00:00,2.988976980683276,0.0
2046-11-08 06:30:00,2.988976980683276,0.014213486013661115
2046-11-08 07:00:00,2.9812522600236715,0.0
2046-11-08 07:30:00,2.9812522600236715,0.0
2046-11-08 08:00:00,2.9812522600236715,-0.014213486013661115
2046-11-08 08:30:00,2.9877904635899557,-0.014213486013661115
2046-11-08 09:00:00,2.99432866715624,-0.014213486013661115
2046-11-08 09:30:00,3.000866870722524,-0.014213486013661115
2046-11-08 10:00:00,3.0074050742888083,-0.014213486013661115
2046-11-08 10:30:00,3.0139432778550925,-0.014213486013661115
2046-11-08 11:00:00,3.0204814814213767,0.0
2046-11-08 11:30:00,3.0204814814213767,0.0
2046-11-08 12:00:00,3.0204814814213767,0.0
2046-11-08 12:30:00,3.0204814814213767,0.0
2046-11-08 13:00:00,3.0204814814213767,0.0
2046-11-08 13:30:00,3.0204814814213767,0.0
2046-11-08 14:00:00,3.0204814814213767,0.0
2046-11-08 14:30:00,3.0204814814213767,0.0
2046-11-08 15:00:00,3.0204814814213767,0.0
2046-11-08 15:30:00,3.0204814814213767,0.0
2046-11-08 16:00:00,3.0204814814213767,0.0
2046-11-08 16:30:00,3.0204814814213767,0.0
2046-11-08 17:00:00,3.0204814814213767,0.0
2046-11-08 17:30:00,3.0204814814213767,0.0
2046-11-08 18:00:00,3.0204814814213767,0.0
2046-11-08 18:30:00,3.0204814814213767,0.0
2046-11-08 19:00:00,3.0204814814213767,0.0
2046-11-08 19:30:00,3.0204814814213767,0.014213486013661115
2046-11-08 20:00:00,3.0127567607617722,0.0
2046-11-08 20:30:00,3.0127567607617722,0.0
2046-11-08 21:00:00,3.0127567607617722,0.0
2046-11-08 21:30:00,3.0127567607617722,0.0
2046-11-08 22:00:00,3.0127567607617722,0.0
2046-11-08 22:30:00,3.0127567607617722,0.0
2046-11-08 23:00:00,3.0127567607617722,0.0
2046-11-08 23:30:00,3.0127567607617722,0.0
2046-11-09 00:00:00,3.0127567607617722,0.0
2046-11-09 00:30:00,3.0127567607617722,0.0
2046-11-09 01:00:00,3.0127567607617722,0.0
2046-11-09 01:30:00,3.0127567607617722,0.009847103110245722
2046-11-09 02:00:00,3.0074050742888083,0.0
2046-11-09 02:30:00,3.0074050742888083,0.0
2046-11-09 03:00:00,3.0074050742888083,0.0
2046-11-09 03:30:00,3.0074050742888083,0.0
2046-11-09 04:00:00,3.0074050742888083,0.0
2046-11-09 04:30:00,3.0074050742888083,0.0
2046-11-09 05:00:00,3.0074050742888083,0.0
2046-11-09 05:30:00,3.0074050742888083,0.0
2046-11-09 06:00:00,3.0074050742888083,0.0
2046-11-09 06:30:00,3.0074050742888083,0.0
2046-11-09 07:00:00,3.0074050742888083,0.0
2046-11-09 07:30:00,3.0074050742888083,-0.014213486013661115
2046-11-09 08:00:00,3.0139432778550925,-0.014213486013661115
2046-11-09 08:30:00,3.0204814814213767,0.0
2046-11-09 09:00:00,3.0204814814213767,0.0
2046-11-09 09:30:00,3.0204814814213767,0.0
2046-11-09 10:00:00,3.0204814814213767,0.0
2046-11-09 10:30:00,3.0204814814213767,0.0
2046-11-09 11:00:00,3.0204814814213767,0.0
2046-11-09 11:30:00,3.0204814814213767,0.0
2046-11-09 12:00:00,3.0204814814213767,0.0
2046-11-09 12:30:00,3.0204814814213767,0.0
2046-11-09 13:00:00,3.0204814814213767,0.0
2046-11-09 13:30:00,3.0204814814213767,0.0
2046-11-09 14:00:00,3.0204814814213767,0.0
2046-11-09 14:30:00,3.0204814814213767,0.0
2046-11-09 15:00:00,3.0204814814213767,0.0
2046-11-09 15:30:00,3.0204814814213767,0.0
2046-11-09 16:00:00,3.0204814814213767,0.0
2046-11-09 16:30:00,3.0204814814213767,0.0
2046-11-09 17:00:00,3.0204814814213767,0.0
2046-11-09 17:30:00,3.0204814814213767,0.0
2046-11-09 18:00:00,3.0204814814213767,0.0
2046-11-09 18:30:00,3.0204814814213767,0.0
2046-11-09 19:00:00,3.0204814814213767,0.012030294561953316
2046-11-09 19:30:00,3.0139432778550925,-0.014213486013661115
2046-11-09 20:00:00,3.0204814814213767,0.0
2046-11-09 20:30:00,3.0204814814213767,0.0
2046-11-09 21:00:00,3.0204814814213767,0.0
2046-11-09 21:30:00,3.0204814814213767,0.0
2046-11-09 22:00:00,3.0204814814213767,0.0
2046-11-09 22:30:00,3.0204814814213767,0.0
2046-11-09 23:00:00,3.0204814814213767,0.0
2046-11-09 23:30:00,3.0204814814213767,0.0
2046-11-10 00:00:00,3.0204814814213767,0.0
2046-11-10 00:30:00,3.0204814814213767,0.0
2046-11-10 01:00:00,3.0204814814213767,0.0
2046-11-10 01:30:00,3.0204814814213767,0.0
2046-11-10 02:00:00,3.0204814814213767,0.0
2046-11-10 02:30:00,3.0204814814213767,0.0
2046-11-10 03:00:00,3.0204814814213767,0.0
2046-11-10 03:30:00,3.0204814814213767,0.0
2046-11-10 04:00:00,3.0204814814213767,0.012030294561953316
2046-11-10 04:30:00,3.0139432778550925,0.0
2046-11-10 05:00:00,3.0139432778550925,0.0
2046-11-10 05:30:00,3.0139432778550925,0.0
2046-11-10 06:00:00,3.0139432778550925,0.0
2046-11-10 06:30:00,3.0139432778550925,0.0
2046-11-10 07:00:00,3.0139432778550925,0.0
2046-11-10 07:30:00,3.0139432778550925,-0.014213486013661115
2046-11-10 08:00:00,3.0204814814213767,0.0
2046-11-10 08:30:00,3.0204814814213767,0.0
2046-11-10 09:00:00,3.0204814814213767,0.0
2046-11-10 09:30:00,3.0204814814213767,0.0
2046-11-10 10:00:00,3.0204814814213767,0.0
2046-11-10 10:30:00,3.0204814814213767,0.0
2046-11-10 11:00:00,3.0204814814213767,0.0
2046-11-10 11:30:00,3.0204814814213767,0.0
2046-11-10 12:00:00,3.0204814814213767,0.0
2046-11-10 12:30:00,3.0204814814213767,0.0
2046-11-10 13:00:00,3.0204814814213767,0.0
2046-11-10 13:30:00,3.0204814814213767,0.0
2046-11-10 14:00:00,3.0204814814213767,0.0
2046-11-10 14:30:00,3.0204814814213767,0.0
2046-11-10 15:00:00,3.0204814814213767,0.0
2046-11-10 15:30:00,3.0204814814213767,0.0
2046-11-10 16:00:00,3.0204814814213767,0.0
2046-11-10 16:30:00,3.0204814814213767,0.0
2046-11-10 17:00:00,3.0204814814213767,0.0
2046-11-10 17:30:00,3.0204814814213767,0.0
2046-11-10 18:00:00,3.0204814814213767,0.0
2046-11-10 18:30:00,3.0204814814213767,0.0
2046-11-10 19:00:00,3.0204814814213767,0.0
2046-11-10 19:30:00,3.0204814814213767,0.0
2046-11-10 20:00:00,3.0204814814213767,0.0
2046-11-10 20:30:00,3.0204814814213767,0.0
2046-11-10 21:00:00,3.0204814814213767,0.0
2046-11-10 21:30:00,3.0204814814213767,0.0
2046-11-10 22:00:00,3.0204814814213767,0.0
2046-11-10 22:30:00,3.0204814814213767,0.0
2046-11-10 23:00:00,3.0204814814213767,0.0
2046-11-10 23:30:00,3.0204814814213767,0.0
2046-11-11 00:00:00,3.0204814814213767,0.0
2046-11-11 00:30:00,3.0204814814213767,0.0
2046-11-11 01:00:00,3.0204814814213767,0.0
2046-11-11 01:30:00,3.0204814814213767,0.0
2046-11-11 02:00:00,3.0204814814213767,0.0
2046-11-11 02:30:00,3.0204814814213767,0.0
2046-11-11 03:00:00,3.0204814814213767,0.0
2046-11-11 03:30:00,3.0204814814213767,0.0
2046-11-11 04:00:00,3.0204814814213767,0.0
2046-11-11 04:30:00,3.0204814814213767,0.0
2046-11-11 05:00:00,3.0204814814213767,0.0
2046-11-11 05:30:00,3.0204814814213767,0.0
2046-11-11 06:00:00,3.0204814814213767,0.0
2046-11-11 06:30:00,3.0204814814213767,0.0
2046-11-11 07:00:00,3.0204814814213767,0.0
2046-11-11 07:30:00,3.0204814814213767,0.0
2046-11-11 08:00:00,3.0204814814213767,0.0
2046-11-11 08:30:00,3.0204814814213767,0.0
2046-11-11 09:00:00,3.0204814814213767,0.0
2046-11-11 09:30:00,3.0204814814213767,0.0
2046-11-11 10:00:00,3.0204814814213767,0.0
2046-11-11 10:30:00,3.0204814814213767,0.0
2046-11-11 11:00:00,3.0204814814213767,0.0
2046-11-11 11:30:00,3.0204814814213767,0.0
2046-11-11 12:00:00,3.0204814814213767,0.0
2046-11-11 12:30:00,3.0204814814213767,0.0
2046-11-11 13:00:00,3.0204814814213767,0.0
2046-11-11 13:30:00,3.0204814814213767,0.0
2046-11-11 14:00:00,3.0204814814213767,0.0
2046-11-11 14:30:00,3.0204814814213767,0.0
2046-11-11 15:00:00,3.0204814814213767,0.0
2046-11-11 15:30:00,3.0204814814213767,0.0
2046-11-11 16:00:00,3.0204814814213767,0.0
2046-11-11 16:30:00,3.0204814814213767,0.0
2046-11-11 17:00:00,3.0204814814213767,0.0
2046-11-11 17:30:00,3.0204814814213767,0.0
2046-11-11 18:00:00,3.0204814814213767,0.0
2046-11-11 18:30:00,3.0204814814213767,0.0
2046-11-11 19:00:00,3.0204814814213767,0.0
2046-11-11 19:30:00,3.0204814814213767,0.0
2046-11-11 20:00:00,3.0204814814213767,0.0
2046-11-11 20:30:00,3.0204814814213767,0.0
2046-11-11 21:00:00,3.0204814814213767,0.0
2046-11-11 21:30:00,3.0204814814213767,0.0
2046-11-11 22:00:00,3.0204814814213767,0.0
2046-11-11 22:30:00,3.0204814814213767,0.0
2046-11-11 23:00:00,3.0204814814213767,0.0
2046-11-11 23:30:00,3.0204814814213767,0.0
2046-11-12 00:00:00,3.0204814814213767,0.0
2046-11-12 00:30:00,3.0204814814213767,0.0
2046-11-12 01:00:00,3.0204814814213767,0.0
2046-11-12 01:30:00,3.0204814814213767,0.0
2046-11-12 02:00:00,3.0204814814213767,0.0
2046-11-12 02:30:00,3.0204814814213767,0.0
2046-11-12 03:00:00,3.0204814814213767,0.0
2046-11-12 03:30:00,3.0204814814213767,-0.002183191451707799
2046-11-12 04:00:00,3.0204814814213767,0.0
2046-11-12 04:30:00,3.0204814814213767,0.0
2046-11-12 05:00:00,3.0204814814213767,0.0
2046-11-12 05:30:00,3.0204814814213767,0.0
2046-11-12 06:00:00,3.0204814814213767,0.0
2046-11-12 06:30:00,3.0204814814213767,0.0
2046-11-12 07:00:00,3.0204814814213767,0.0
2046-11-12 07:30:00,3.0204814814213767,0.0
2046-11-12 08:00:00,3.0204814814213767,0.0
2046-11-12 08:30:00,3.0204814814213767,0.0
2046-11-12 09:00:00,3.0204814814213767,0.0
2046-11-12 09:30:00,3.0204814814213767,0.0
2046-11-12 10:00:00,3.0204814814213767,0.0
2046-11-12 10:30:00,3.0204814814213767,0.0
2046-11-12 11:00:00,3.0204814814213767,0.0
2046-11-12 11:30:00,3.0204814814213767,0.0
2046-11-12 12:00:00,3.0204814814213767,0.0
2046-11-12 12:30:00,3.0204814814213767,0.0
2046-11-12 13:00:00,3.0204814814213767,0.0
2046-11-12 13:30:00,3.0204814814213767,0.0
2046-11-12 14:00:00,3.0204814814213767,0.0
2046-11-12 14:30:00,3.0204814814213767,0.0
2046-11-12 15:00:00,3.0204814814213767,0.0
2046-11-12 15:30:00,3.0204814814213767,0.0
2046-11-12 16:00:00,3.0204814814213767,0.0
2046-11-12 16:30:00,3.0204814814213767,0.0
2046-11-12 17:00:00,3.0204814814213767,0.0
2046-11-12 17:30:00,3.0204814814213767,0.0
2046-11-12 18:00:00,3.0204814814213767,0.0
2046-11-12 18:30:00,3.0204814814213767,0.0
2046-11-12 19:00:00,3.0204814814213767,0.0
2046-11-12 19:30:00,3.0204814814213767,0.0
2046-11-12 20:00:00,3.0204814814213767,0.0
2046-11-12 20:30:00,3.0204814814213767,0.0
2046-11-12 21:00:00,3.0204814814213767,0.0
2046-11-12 21:30:00,3.0204814814213767,0.0
2046-11-12 22:00:00,3.0204814814213767,0.0
2046-11-12 22:30:00,3.0204814814213767,0.0
2046-11-12 23:00:00,3.0204814814213767,0.0
2046-11-12 23:30:00,3.0204814814213767,0.0
2046-11-13 00:00:00,3.0204814814213767,0.0
2046-11-13 00:30:00,3.0204814814213767,0.0
2046-11-13 01:00:00,3.0204814814213767,0.0
2046-11-13 01:30:00,3.0204814814213767,0.0
2046-11-13 02:00:00,3.0204814814213767,0.0
2046-11-13 02:30:00,3.0204814814213767,0.0
2046-11-13 03:00:00,3.0204814814213767,0.0
2046-11-13 03:30:00,3.0204814814213767,0.012030294561953316
2046-11-13 04:00:00,3.0139432778550925,0.0
2046-11-13 04:30:00,3.0139432778550925,0.0
2046-11-13 05:00:00,3.0139432778550925,0.0
2046-11-13 05:30:00,3.0139432778550925,0.0
2046-11-13 06:00:00,3.0139432778550925,0.0
2046-11-13 06:30:00,3.0139432778550925,0.0
2046-11-13 07:00:00,3.0139432778550925,0.0
2046-11-13 07:30:00,3.0139432778550925,-0.014213486013661115
2046-11-13 08:00:00,3.0204814814213767,0.0
2046-11-13 08:30:00,3.0204814814213767,0.0
2046-11-13 09:00:00,3.0204814814213767,0.0
2046-11-13 09:30:00,3.0204814814213767,0.0
2046-11-13 10:00:00,3.0204814814213767,-0.002183191451707799
2046-11-13 10:30:00,3.0204814814213767,0.0
2046-11-13 11:00:00,3.0204814814213767,0.0
2046-11-13 11:30:00,3.0204814814213767,0.0
2046-11-13 12:00:00,3.0204814814213767,0.0
2046-11-13 12:30:00,3.0204814814213767,0.0
2046-11-13 13:00:00,3.0204814814213767,0.0
2046-11-13 13:30:00,3.0204814814213767,0.0
2046-11-13 14:00:00,3.0204814814213767,0.0
2046-11-13 14:30:00,3.0204814814213767,0.0
2046-11-13 15:00:00,3.0204814814213767,0.0
2046-11-13 15:30:00,3.0204814814213767,0.0
2046-11-13 16:00:00,3.0204814814213767,0.0
2046-11-13 16:30:00,3.0204814814213767,0.0
2046-11-13 17:00:00,3.0204814814213767,0.0
2046-11-13 17:30:00,3.0204814814213767,0.0
2046-11-13 18:00:00,3.0204814814213767,0.0
2046-11-13 18:30:00,3.0204814814213767,0.0
2046-11-13 19:00:00,3.0204814814213767,0.0
2046-11-13 19:30:00,3.0204814814213767,0.0
2046-11-13 20:00:00,3.0204814814213767,0.0
2046-11-13 20:30:00,3.0204814814213767,0.014213486013661115
2046-11-13 21:00:00,3.0127567607617722,0.0
2046-11-13 21:30:00,3.0127567607617722,0.0
2046-11-13 22:00:00,3.0127567607617722,0.0
2046-11-13 22:30:00,3.0127567607617722,0.0
2046-11-13 23:00:00,3.0127567607617722,0.0
2046-11-13 23:30:00,3.0127567607617722,0.0
2046-11-14 00:00:00,3.0127567607617722,0.0
2046-11-14 00:30:00,3.0127567607617722,0.0
2046-11-14 01:00:00,3.0127567607617722,0.0
2046-11-14 01:30:00,3.0127567607617722,0.0
2046-11-14 02:00:00,3.0127567607617722,0.0
2046-11-14 02:30:00,3.0127567607617722,0.0
2046-11-14 03:00:00,3.0127567607617722,0.0032975287551229382
2046-11-14 03:30:00,3.010964625568769,0.014213486013661115
2046-11-14 04:00:00,3.0032399049091647,0.0
2046-11-14 04:30:00,3.0032399049091647,0.014213486013661115
2046-11-14 05:00:00,2.99551518424956,0.0
2046-11-14 05:30:00,2.99551518424956,0.0
2046-11-14 06:00:00,2.99551518424956,0.014213486013661115
2046-11-14 06:30:00,2.9877904635899557,0.0
2046-11-14 07:00:00,2.9877904635899557,0.0
2046-11-14 07:30:00,2.9877904635899557,0.0
2046-11-14 08:00:00,2.9877904635899557,-0.014213486013661115
2046-11-14 08:30:00,2.99432866715624,-0.014213486013661115
2046-11-14 09:00:00,3.000866870722524,-0.014213486013661115
2046-11-14 09:30:00,3.0074050742888083,-0.014213486013661115
2046-11-14 10:00:00,3.0139432778550925,-0.014213486013661115
2046-11-14 10:30:00,3.0204814814213767,0.0
2046-11-14 11:00:00,3.0204814814213767,0.0
2046-11-14 11:30:00,3.0204814814213767,0.0
2046-11-14 12:00:00,3.0204814814213767,0.0
2046-11-14 12:30:00,3.0204814814213767,0.0
2046-11-14 13:00:00,3.0204814814213767,0.0
2046-11-14 13:30:00,3.0204814814213767,0.0
2046-11-14 14:00:00,3.0204814814213767,0.0
2046-11-14 14:30:00,3.0204814814213767,0.0
2046-11-14 15:00:00,3.0204814814213767,0.0
2046-11-14 15:30:00,3.0204814814213767,0.0
2046-11-14 16:00:00,3.0204814814213767,0.0
2046-11-14 16:30:00,3.0204814814213767,0.0
2046-11-14 17:00:00,3.0204814814213767,0.0
2046-11-14 17:30:00,3.0204814814213767,0.0
2046-11-14 18:00:00,3.0204814814213767,0.0
2046-11-14 18:30:00,3.0204814814213767,0.0
2046-11-14 19:00:00,3.0204814814213767,0.0
2046-11-14 19:30:00,3.0204814814213767,0.0
2046-11-14 20:00:00,3.0204814814213767,0.0
2046-11-14 20:30:00,3.0204814814213767,0.0
2046-11-14 21:00:00,3.0204814814213767,0.0
2046-11-14 21:30:00,3.0204814814213767,0.0
2046-11-14 22:00:00,3.0204814814213767,0.0
2046-11-14 22:30:00,3.0204814814213767,0.0
2046-11-14 23:00:00,3.0204814814213767,0.0
2046-11-14 23:30:00,3.0204814814213767,0.0
2046-11-15 00:00:00,3.0204814814213767,0.0077093948136612205
2046-11-15 00:30:00,3.016291592935688,0.0
2046-11-15 01:00:00,3.016291592935688,0.0
2046-11-15 01:30:00,3.016291592935688,0.0
2046-11-15 02:00:00,3.016291592935688,0.0
2046-11-15 02:30:00,3.016291592935688,0.0
2046-11-15 03:00:00,3.016291592935688,0.0
2046-11-15 03:30:00,3.016291592935688,0.0
2046-11-15 04:00:00,3.016291592935688,0.0
2046-11-15 04:30:00,3.016291592935688,0.0
2046-11-15 05:00:00,3.016291592935688,0.0
2046-11-15 05:30:00,3.016291592935688,0.0
2046-11-15 06:00:00,3.016291592935688,0.0
2046-11-15 06:30:00,3.016291592935688,0.0
2046-11-15 07:00:00,3.016291592935688,0.0
2046-11-15 07:30:00,3.016291592935688,0.0
2046-11-15 08:00:00,3.016291592935688,0.0
2046-11-15 08:30:00,3.016291592935688,0.0
2046-11-15 09:00:00,3.016291592935688,0.0
2046-11-15 09:30:00,3.016291592935688,0.0
2046-11-15 10:00:00,3.016291592935688,0.0
2046-11-15 10:30:00,3.016291592935688,0.0
2046-11-15 11:00:00,3.016291592935688,0.0
2046-11-15 11:30:00,3.016291592935688,0.0
2046-11-15 12:00:00,3.016291592935688,0.0
2046-11-15 12:30:00,3.016291592935688,0.0
2046-11-15 13:00:00,3.016291592935688,0.0
2046-11-15 13:30:00,3.016291592935688,0.0
2046-11-15 14:00:00,3.016291592935688,0.0
2046-11-15 14:30:00,3.016291592935688,0.0
2046-11-15 15:00:00,3.016291592935688,0.0
2046-11-15 15:30:00,3.016291592935688,0.0
2046-11-15 16:00:00,3.016291592935688,0.014213486013661115
2046-11-15 16:30:00,3.0085668722760834,0.014213486013661115
2046-11-15 17:00:00,3.000842151616479,0.0
2046-11-15 17:30:00,3.000842151616479,0.014213486013661115
2046-11-15 18:00:00,2.9931174309568744,0.014213486013661115
2046-11-15 18:30:00,2.98539271029727,0.0
2046-11-15 19:00:00,2.98539271029727,0.014213486013661115
2046-11-15 19:30:00,2.9776679896376654,0.0
2046-11-15 20:00:00,2.9776679896376654,0.014213486013661115
2046-11-15 20:30:00,2.969943268978061,0.014213486013661115
2046-11-15 21:00:00,2.9622185483184564,0.0
2046-11-15 21:30:00,2.9622185483184564,0.014213486013661115
2046-11-15 22:00:00,2.954493827658852,0.014213486013661115
2046-11-15 22:30:00,2.9467691069992474,0.0
2046-11-15 23:00:00,2.9467691069992474,0.0
2046-11-15 23:30:00,2.9467691069992474,0.014213486013661115
2046-11-16 00:00:00,2.939044386339643,0.0
2046-11-16 00:30:00,2.939044386339643,0.014213486013661115
2046-11-16 01:00:00,2.9313196656800384,0.0
2046-11-16 01:30:00,2.9313196656800384,0.014213486013661115
2046-11-16 02:00:00,2.923594945020434,0.0
2046-11-16 02:30:00,2.923594945020434,0.0
2046-11-16 03:00:00,2.923594945020434,0.014213486013661115
2046-11-16 03:30:00,2.9158702243608294,0.0
2046-11-16 04:00:00,2.9158702243608294,0.0
2046-11-16 04:30:00,2.9158702243608294,0.0
2046-11-16 05:00:00,2.9158702243608294,0.0
2046-11-16 05:30:00,2.9158702243608294,0.0
2046-11-16 06:00:00,2.9158702243608294,0.0
2046-11-16 06:30:00,2.9158702243608294,0.0
2046-11-16 07:00:00,2.9158702243608294,-0.014213486013661115
2046-11-16 07:30:00,2.9224084279271136,-0.014213486013661115
2046-11-16 08:00:00,2.928946631493398,-0.014213486013661115
2046-11-16 08:30:00,2.935484835059682,-0.014213486013661115
2046-11-16 09:00:00,2.9420230386259663,-0.014213486013661115
2046-11-16 09:30:00,2.9485612421922505,-0.014213486013661115
2046-11-16 10:00:00,2.9550994457585347,-0.014213486013661115
2046-11-16 10:30:00,2.961637649324819,-0.014213486013661115
2046-11-16 11:00:00,2.968175852891103,-0.014213486013661115
2046-11-16 11:30:00,2.9747140564573873,-0.014213486013661115
2046-11-16 12:00:00,2.9812522600236715,-0.014213486013661115
2046-11-16 12:30:00,2.9877904635899557,-0.014213486013661115
2046-11-16 13:00:00,2.99432866715624,-0.014213486013661115
2046-11-16 13:30:00,3.000866870722524,-0.014213486013661115
2046-11-16 14:00:00,3.0074050742888083,-0.014213486013661115
2046-11-16 14:30:00,3.0139432778550925,-0.014213486013661115
2046-11-16 15:00:00,3.0204814814213767,0.0
2046-11-16 15:30:00,3.0204814814213767,0.0
2046-11-16 16:00:00,3.0204814814213767,0.0
2046-11-16 16:30:00,3.0204814814213767,0.0
2046-11-16 17:00:00,3.0204814814213767,0.0
2046-11-16 17:30:00,3.0204814814213767,0.0
2046-11-16 18:00:00,3.0204814814213767,0.0
2046-11-16 18:30:00,3.0204814814213767,0.0
2046-11-16 19:00:00,3.0204814814213767,0.0
2046-11-16 19:30:00,3.0204814814213767,0.0
2046-11-16 20:00:00,3.0204814814213767,0.0
2046-11-16 20:30:00,3.0204814814213767,0.0
2046-11-16 21:00:00,3.0204814814213767,0.0
2046-11-16 21:30:00,3.0204814814213767,0.0
2046-11-16 22:00:00,3.0204814814213767,0.0
2046-11-16 22:30:00,3.0204814814213767,0.0
2046-11-16 23:00:00,3.0204814814213767,0.0
2046-11-16 23:30:00,3.0204814814213767,0.0
2046-11-17 00:00:00,3.0204814814213767,0.0
2046-11-17 00:30:00,3.0204814814213767,0.0
2046-11-17 01:00:00,3.0204814814213767,0.0
2046-11-17 01:30:00,3.0204814814213767,0.0
2046-11-17 02:00:00,3.0204814814213767,0.0
2046-11-17 02:30:00,3.0204814814213767,0.0
2046-11-17 03:00:00,3.0204814814213767,0.0
2046-11-17 03:30:00,3.0204814814213767,0.0
2046-11-17 04:00:00,3.0204814814213767,0.014213486013661115
2046-11-17 04:30:00,3.0127567607617722,0.0
2046-11-17 05:00:00,3.0127567607617722,0.0
2046-11-17 05:30:00,3.0127567607617722,0.0
2046-11-17 06:00:00,3.0127567607617722,0.0
2046-11-17 06:30:00,3.0127567607617722,0.0
2046-11-17 07:00:00,3.0127567607617722,0.0
2046-11-17 07:30:00,3.0127567607617722,0.0
2046-11-17 08:00:00,3.0127567607617722,-0.0025793849854789
2046-11-17 08:30:00,3.0139432778550925,-0.014213486013661115
2046-11-17 09:00:00,3.0204814814213767,0.0
2046-11-17 09:30:00,3.0204814814213767,0.0
2046-11-17 10:00:00,3.0204814814213767,0.0
2046-11-17 10:30:00,3.0204814814213767,0.0
2046-11-17 11:00:00,3.0204814814213767,0.0
2046-11-17 11:30:00,3.0204814814213767,0.0
2046-11-17 12:00:00,3.0204814814213767,0.0
2046-11-17 12:30:00,3.0204814814213767,0.0
2046-11-17 13:00:00,3.0204814814213767,0.0
2046-11-17 13:30:00,3.0204814814213767,0.0
2046-11-17 14:00:00,3.0204814814213767,0.0
2046-11-17 14:30:00,3.0204814814213767,0.0
2046-11-17 15:00:00,3.0204814814213767,0.0
2046-11-17 15:30:00,3.0204814814213767,0.0
2046-11-17 16:00:00,3.0204814814213767,0.0
2046-11-17 16:30:00,3.0204814814213767,0.0
2046-11-17 17:00:00,3.0204814814213767,0.0
2046-11-17 17:30:00,3.0204814814213767,0.0
2046-11-17 18:00:00,3.0204814814213767,0.0
2046-11-17 18:30:00,3.0204814814213767,0.0
2046-11-17 19:00:00,3.0204814814213767,0.0
2046-11-17 19:30:00,3.0204814814213767,0.0
2046-11-17 20:00:00,3.0204814814213767,0.0
2046-11-17 20:30:00,3.0204814814213767,0.0
2046-11-17 21:00:00,3.0204814814213767,0.0
2046-11-17 21:30:00,3.0204814814213767,0.0
2046-11-17 22:00:00,3.0204814814213767,0.0
2046-11-17 22:30:00,3.0204814814213767,0.014213486013661115
2046-11-17 23:00:00,3.0127567607617722,0.0
2046-11-17 23:30:00,3.0127567607617722,0.0
2046-11-18 00:00:00,3.0127567607617722,0.0
2046-11-18 00:30:00,3.0127567607617722,0.0
2046-11-18 01:00:00,3.0127567607617722,0.0
2046-11-18 01:30:00,3.0127567607617722,0.0
2046-11-18 02:00:00,3.0127567607617722,0.0
2046-11-18 02:30:00,3.0127567607617722,0.014213486013661115
2046-11-18 03:00:00,3.0050320401021677,0.0
2046-11-18 03:30:00,3.0050320401021677,0.0
2046-11-18 04:00:00,3.0050320401021677,0.005480720206830533
2046-11-18 04:30:00,3.0020533878158444,0.0
2046-11-18 05:00:00,3.0020533878158444,0.0
2046-11-18 05:30:00,3.0020533878158444,0.0
2046-11-18 06:00:00,3.0020533878158444,0.014213486013661115
2046-11-18 06:30:00,2.99432866715624,0.0
2046-11-18 07:00:00,2.99432866715624,0.0
2046-11-18 07:30:00,2.99432866715624,-0.014213486013661115
2046-11-18 08:00:00,3.000866870722524,-0.014213486013661115
2046-11-18 08:30:00,3.0074050742888083,-0.014213486013661115
2046-11-18 09:00:00,3.0139432778550925,-0.014213486013661115
2046-11-18 09:30:00,3.0204814814213767,0.0
2046-11-18 10:00:00,3.0204814814213767,0.0
2046-11-18 10:30:00,3.0204814814213767,0.0
2046-11-18 11:00:00,3.0204814814213767,0.0
2046-11-18 11:30:00,3.0204814814213767,0.0
2046-11-18 12:00:00,3.0204814814213767,0.0
2046-11-18 12:30:00,3.0204814814213767,0.0
2046-11-18 13:00:00,3.0204814814213767,0.0
2046-11-18 13:30:00,3.0204814814213767,0.0
2046-11-18 14:00:00,3.0204814814213767,0.0
2046-11-18 14:30:00,3.0204814814213767,0.0
2046-11-18 15:00:00,3.0204814814213767,0.0
2046-11-18 15:30:00,3.0204814814213767,0.0
2046-11-18 16:00:00,3.0204814814213767,0.0
2046-11-18 16:30:00,3.0204814814213767,0.0
2046-11-18 17:00:00,3.0204814814213767,0.0
2046-11-18 17:30:00,3.0204814814213767,0.0
2046-11-18 18:00:00,3.0204814814213767,0.0
2046-11-18 18:30:00,3.0204814814213767,0.0
2046-11-18 19:00:00,3.0204814814213767,0.0
2046-11-18 19:30:00,3.0204814814213767,0.0
2046-11-18 20:00:00,3.0204814814213767,0.014213486013661115
2046-11-18 20:30:00,3.0127567607617722,0.0
2046-11-18 21:00:00,3.0127567607617722,0.0
2046-11-18 21:30:00,3.0127567607617722,0.0
2046-11-18 22:00:00,3.0127567607617722,0.0
2046-11-18 22:30:00,3.0127567607617722,0.0
2046-11-18 23:00:00,3.0127567607617722,0.0
2046-11-18 23:30:00,3.0127567607617722,0.0
2046-11-19 00:00:00,3.0127567607617722,0.0
2046-11-19 00:30:00,3.0127567607617722,0.0
2046-11-19 01:00:00,3.0127567607617722,0.014213486013661115
2046-11-19 01:30:00,3.0050320401021677,0.0
2046-11-19 02:00:00,3.0050320401021677,0.005480720206830533
2046-11-19 02:30:00,3.0020533878158444,0.0
2046-11-19 03:00:00,3.0020533878158444,0.0
2046-11-19 03:30:00,3.0020533878158444,0.0
2046-11-19 04:00:00,3.0020533878158444,0.014213486013661115
2046-11-19 04:30:00,2.99432866715624,0.0
2046-11-19 05:00:00,2.99432866715624,0.0
2046-11-19 05:30:00,2.99432866715624,0.0
2046-11-19 06:00:00,2.99432866715624,0.0
2046-11-19 06:30:00,2.99432866715624,0.0
2046-11-19 07:00:00,2.99432866715624,-0.014213486013661115
2046-11-19 07:30:00,3.000866870722524,-0.014213486013661115
2046-11-19 08:00:00,3.0074050742888083,-0.014213486013661115
2046-11-19 08:30:00,3.0139432778550925,-0.014213486013661115
2046-11-19 09:00:00,3.0204814814213767,0.0
2046-11-19 09:30:00,3.0204814814213767,0.0
2046-11-19 10:00:00,3.0204814814213767,0.0
2046-11-19 10:30:00,3.0204814814213767,0.0
2046-11-19 11:00:00,3.0204814814213767,0.0
2046-11-19 11:30:00,3.0204814814213767,-0.002183191451707799
2046-11-19 12:00:00,3.0204814814213767,0.0
2046-11-19 12:30:00,3.0204814814213767,0.0
2046-11-19 13:00:00,3.0204814814213767,0.0
2046-11-19 13:30:00,3.0204814814213767,0.0
2046-11-19 14:00:00,3.0204814814213767,0.0
2046-11-19 14:30:00,3.0204814814213767,0.0
2046-11-19 15:00:00,3.0204814814213767,0.0
2046-11-19 15:30:00,3.0204814814213767,0.0
2046-11-19 16:00:00,3.0204814814213767,0.0
2046-11-19 16:30:00,3.0204814814213767,0.0
2046-11-19 17:00:00,3.0204814814213767,0.0
2046-11-19 17:30:00,3.0204814814213767,0.0
2046-11-19 18:00:00,3.0204814814213767,0.0
2046-11-19 18:30:00,3.0204814814213767,0.0
2046-11-19 19:00:00,3.0204814814213767,0.0
2046-11-19 19:30:00,3.0204814814213767,0.0
2046-11-19 20:00:00,3.0204814814213767,0.0
2046-11-19 20:30:00,3.0204814814213767,0.0
2046-11-19 21:00:00,3.0204814814213767,0.0
2046-11-19 21:30:00,3.0204814814213767,0.0
2046-11-19 22:00:00,3.0204814814213767,0.0
2046-11-19 22:30:00,3.0204814814213767,0.0
2046-11-19 23:00:00,3.0204814814213767,0.0
2046-11-19 23:30:00,3.0204814814213767,0.0
2046-11-20 00:00:00,3.0204814814213767,0.0
2046-11-20 00:30:00,3.0204814814213767,0.0
2046-11-20 01:00:00,3.0204814814213767,0.0
2046-11-20 01:30:00,3.0204814814213767,0.0
2046-11-20 02:00:00,3.0204814814213767,0.0
2046-11-20 02:30:00,3.0204814814213767,0.0
2046-11-20 03:00:00,3.0204814814213767,0.0
2046-11-20 03:30:00,3.0204814814213767,0.0
2046-11-20 04:00:00,3.0204814814213767,0.0
2046-11-20 04:30:00,3.0204814814213767,0.0
2046-11-20 05:00:00,3.0204814814213767,0.0
2046-11-20 05:30:00,3.0204814814213767,0.0
2046-11-20 06:00:00,3.0204814814213767,0.0
2046-11-20 06:30:00,3.0204814814213767,0.0
2046-11-20 07:00:00,3.0204814814213767,0.0
2046-11-20 07:30:00,3.0204814814213767,0.0
2046-11-20 08:00:00,3.0204814814213767,0.0
2046-11-20 08:30:00,3.0204814814213767,0.0
2046-11-20 09:00:00,3.0204814814213767,0.0
2046-11-20 09:30:00,3.0204814814213767,0.0
2046-11-20 10:00:00,3.0204814814213767,0.0
2046-11-20 10:30:00,3.0204814814213767,0.0
2046-11-20 11:00:00,3.0204814814213767,0.0
2046-11-20 11:30:00,3.0204814814213767,0.0
2046-11-20 12:00:00,3.0204814814213767,0.0
2046-11-20 12:30:00,3.0204814814213767,0.0
2046-11-20 13:00:00,3.0204814814213767,0.0
2046-11-20 13:30:00,3.0204814814213767,0.0
2046-11-20 14:00:00,3.0204814814213767,0.0
2046-11-20 14:30:00,3.0204814814213767,0.0
2046-11-20 15:00:00,3.0204814814213767,0.0
2046-11-20 15:30:00,3.0204814814213767,0.0
2046-11-20 16:00:00,3.0204814814213767,0.0
2046-11-20 16:30:00,3.0204814814213767,0.0
2046-11-20 17:00:00,3.0204814814213767,0.0
2046-11-20 17:30:00,3.0204814814213767,0.0
2046-11-20 18:00:00,3.0204814814213767,0.0
2046-11-20 18:30:00,3.0204814814213767,0.0
2046-11-20 19:00:00,3.0204814814213767,0.0
2046-11-20 19:30:00,3.0204814814213767,0.0
2046-11-20 20:00:00,3.0204814814213767,0.0
2046-11-20 20:30:00,3.0204814814213767,0.0
2046-11-20 21:00:00,3.0204814814213767,0.0
2046-11-20 21:30:00,3.0204814814213767,0.0
2046-11-20 22:00:00,3.0204814814213767,0.0
2046-11-20 22:30:00,3.0204814814213767,0.0
2046-11-20 23:00:00,3.0204814814213767,0.0
2046-11-20 23:30:00,3.0204814814213767,0.0
2046-11-21 00:00:00,3.0204814814213767,0.0
2046-11-21 00:30:00,3.0204814814213767,0.0
2046-11-21 01:00:00,3.0204814814213767,0.0
2046-11-21 01:30:00,3.0204814814213767,0.0
2046-11-21 02:00:00,3.0204814814213767,0.0
2046-11-21 02:30:00,3.0204814814213767,0.0
2046-11-21 03:00:00,3.0204814814213767,0.0
2046-11-21 03:30:00,3.0204814814213767,0.0
2046-11-21 04:00:00,3.0204814814213767,0.00340554105964036
2046-11-21 04:30:00,3.018630643888962,-0.004023559853075352
2046-11-21 05:00:00,3.0204814814213767,0.0
2046-11-21 05:30:00,3.0204814814213767,0.0
2046-11-21 06:00:00,3.0204814814213767,0.0
2046-11-21 06:30:00,3.0204814814213767,0.0
2046-11-21 07:00:00,3.0204814814213767,0.0
2046-11-21 07:30:00,3.0204814814213767,0.0
2046-11-21 08:00:00,3.0204814814213767,0.0
2046-11-21 08:30:00,3.0204814814213767,0.0
2046-11-21 09:00:00,3.0204814814213767,0.0
2046-11-21 09:30:00,3.0204814814213767,0.0
2046-11-21 10:00:00,3.0204814814213767,0.0
2046-11-21 10:30:00,3.0204814814213767,0.0
2046-11-21 11:00:00,3.0204814814213767,0.0
2046-11-21 11:30:00,3.0204814814213767,0.0
2046-11-21 12:00:00,3.0204814814213767,0.0
2046-11-21 12:30:00,3.0204814814213767,0.0
2046-11-21 13:00:00,3.0204814814213767,0.0
2046-11-21 13:30:00,3.0204814814213767,0.0
2046-11-21 14:00:00,3.0204814814213767,0.0
2046-11-21 14:30:00,3.0204814814213767,0.0
2046-11-21 15:00:00,3.0204814814213767,0.0
2046-11-21 15:30:00,3.0204814814213767,0.0
2046-11-21 16:00:00,3.0204814814213767,0.0
2046-11-21 16:30:00,3.0204814814213767,0.0
2046-11-21 17:00:00,3.0204814814213767,0.0
2046-11-21 17:30:00,3.0204814814213767,0.0
2046-11-21 18:00:00,3.0204814814213767,0.0
2046-11-21 18:30:00,3.0204814814213767,0.0
2046-11-21 19:00:00,3.0204814814213767,0.0
2046-11-21 19:30:00,3.0204814814213767,0.0
2046-11-21 20:00:00,3.0204814814213767,0.0
2046-11-21 20:30:00,3.0204814814213767,0.0
2046-11-21 21:00:00,3.0204814814213767,0.0
2046-11-21 21:30:00,3.0204814814213767,0.0
2046-11-21 22:00:00,3.0204814814213767,0.0
2046-11-21 22:30:00,3.0204814814213767,0.0
2046-11-21 23:00:00,3.0204814814213767,0.0
2046-11-21 23:30:00,3.0204814814213767,0.0
2046-11-22 00:00:00,3.0204814814213767,0.0
2046-11-22 00:30:00,3.0204814814213767,0.0
2046-11-22 01:00:00,3.0204814814213767,0.0
2046-11-22 01:30:00,3.0204814814213767,0.0
2046-11-22 02:00:00,3.0204814814213767,0.0
2046-11-22 02:30:00,3.0204814814213767,0.0
2046-11-22 03:00:00,3.0204814814213767,0.009847103110245722
2046-11-22 03:30:00,3.015129794948413,0.0
2046-11-22 04:00:00,3.015129794948413,0.014213486013661115
2046-11-22 04:30:00,3.0074050742888083,0.0
2046-11-22 05:00:00,3.0074050742888083,0.0
2046-11-22 05:30:00,3.0074050742888083,0.0
2046-11-22 06:00:00,3.0074050742888083,0.0
2046-11-22 06:30:00,3.0074050742888083,0.0
2046-11-22 07:00:00,3.0074050742888083,0.0
2046-11-22 07:30:00,3.0074050742888083,-0.014213486013661115
2046-11-22 08:00:00,3.0139432778550925,-0.014213486013661115
2046-11-22 08:30:00,3.0204814814213767,0.0
2046-11-22 09:00:00,3.0204814814213767,0.0
2046-11-22 09:30:00,3.0204814814213767,0.0
2046-11-22 10:00:00,3.0204814814213767,0.0
2046-11-22 10:30:00,3.0204814814213767,0.0
2046-11-22 11:00:00,3.0204814814213767,0.0
2046-11-22 11:30:00,3.0204814814213767,0.0
2046-11-22 12:00:00,3.0204814814213767,0.0
2046-11-22 12:30:00,3.0204814814213767,0.0
2046-11-22 13:00:00,3.0204814814213767,0.0
2046-11-22 13:30:00,3.0204814814213767,0.0
2046-11-22 14:00:00,3.0204814814213767,0.0
2046-11-22 14:30:00,3.0204814814213767,0.0
2046-11-22 15:00:00,3.0204814814213767,0.0
2046-11-22 15:30:00,3.0204814814213767,0.0
2046-11-22 16:00:00,3.0204814814213767,0.0
2046-11-22 16:30:00,3.0204814814213767,0.0
2046-11-22 17:00:00,3.0204814814213767,0.0
2046-11-22 17:30:00,3.0204814814213767,0.0
2046-11-22 18:00:00,3.0204814814213767,0.0
2046-11-22 18:30:00,3.0204814814213767,0.0
2046-11-22 19:00:00,3.0204814814213767,0.0
2046-11-22 19:30:00,3.0204814814213767,0.0
2046-11-22 20:00:00,3.0204814814213767,0.0
2046-11-22 20:30:00,3.0204814814213767,0.0
2046-11-22 21:00:00,3.0204814814213767,0.0
2046-11-22 21:30:00,3.0204814814213767,0.0
2046-11-22 22:00:00,3.0204814814213767,0.0
2046-11-22 22:30:00,3.0204814814213767,0.0
2046-11-22 23:00:00,3.0204814814213767,0.0
2046-11-22 23:30:00,3.0204814814213767,0.009847103110245722
2046-11-23 00:00:00,3.015129794948413,0.0
2046-11-23 00:30:00,3.015129794948413,0.0
2046-11-23 01:00:00,3.015129794948413,0.0
2046-11-23 01:30:00,3.015129794948413,0.0
2046-11-23 02:00:00,3.015129794948413,0.0
2046-11-23 02:30:00,3.015129794948413,0.0
2046-11-23 03:00:00,3.015129794948413,0.0
2046-11-23 03:30:00,3.015129794948413,0.0
2046-11-23 04:00:00,3.015129794948413,0.014213486013661115
2046-11-23 04:30:00,3.0074050742888083,0.0
2046-11-23 05:00:00,3.0074050742888083,0.0
2046-11-23 05:30:00,3.0074050742888083,0.0
2046-11-23 06:00:00,3.0074050742888083,0.0
2046-11-23 06:30:00,3.0074050742888083,0.0
2046-11-23 07:00:00,3.0074050742888083,0.0
2046-11-23 07:30:00,3.0074050742888083,0.0
2046-11-23 08:00:00,3.0074050742888083,-0.014213486013661115
2046-11-23 08:30:00,3.0139432778550925,0.0
2046-11-23 09:00:00,3.0139432778550925,-0.014213486013661115
2046-11-23 09:30:00,3.0204814814213767,0.0
2046-11-23 10:00:00,3.0204814814213767,0.0
2046-11-23 10:30:00,3.0204814814213767,0.0
2046-11-23 11:00:00,3.0204814814213767,0.0
2046-11-23 11:30:00,3.0204814814213767,0.0
2046-11-23 12:00:00,3.0204814814213767,0.0
2046-11-23 12:30:00,3.0204814814213767,0.0
2046-11-23 13:00:00,3.0204814814213767,0.0
2046-11-23 13:30:00,3.0204814814213767,0.0
2046-11-23 14:00:00,3.0204814814213767,0.0
2046-11-23 14:30:00,3.0204814814213767,0.0
2046-11-23 15:00:00,3.0204814814213767,0.0
2046-11-23 15:30:00,3.0204814814213767,0.0
2046-11-23 16:00:00,3.0204814814213767,0.0
2046-11-23 16:30:00,3.0204814814213767,0.0
2046-11-23 17:00:00,3.0204814814213767,0.0
2046-11-23 17:30:00,3.0204814814213767,0.014213486013661115
2046-11-23 18:00:00,3.0127567607617722,0.014213486013661115
2046-11-23 18:30:00,3.0050320401021677,0.0
2046-11-23 19:00:00,3.0050320401021677,0.0
2046-11-23 19:30:00,3.0050320401021677,0.0
2046-11-23 20:00:00,3.0050320401021677,0.0
2046-11-23 20:30:00,3.0050320401021677,0.0
2046-11-23 21:00:00,3.0050320401021677,0.0
2046-11-23 21:30:00,3.0050320401021677,0.0
2046-11-23 22:00:00,3.0050320401021677,0.0
2046-11-23 22:30:00,3.0050320401021677,0.0
2046-11-23 23:00:00,3.0050320401021677,0.008185643164227895
2046-11-23 23:30:00,3.0005833209911708,0.0
2046-11-24 00:00:00,3.0005833209911708,0.0
2046-11-24 00:30:00,3.0005833209911708,0.0
2046-11-24 01:00:00,3.0005833209911708,0.014213486013661115
2046-11-24 01:30:00,2.9928586003315663,0.014213486013661115
2046-11-24 02:00:00,2.9851338796719618,0.014213486013661115
2046-11-24 02:30:00,2.9774091590123573,0.0
2046-11-24 03:00:00,2.9774091590123573,0.0
2046-11-24 03:30:00,2.9774091590123573,0.0
2046-11-24 04:00:00,2.9774091590123573,0.0
2046-11-24 04:30:00,2.9774091590123573,0.0
2046-11-24 05:00:00,2.9774091590123573,0.0
2046-11-24 05:30:00,2.9774091590123573,0.0
2046-11-24 06:00:00,2.9774091590123573,0.0
2046-11-24 06:30:00,2.9774091590123573,0.0
2046-11-24 07:00:00,2.9774091590123573,0.0
2046-11-24 07:30:00,2.9774091590123573,0.0
2046-11-24 08:00:00,2.9774091590123573,0.0
2046-11-24 08:30:00,2.9774091590123573,0.0
2046-11-24 09:00:00,2.9774091590123573,0.0
2046-11-24 09:30:00,2.9774091590123573,0.004958988701140976
2046-11-24 10:00:00,2.9747140564573873,0.0
2046-11-24 10:30:00,2.9747140564573873,-0.014213486013661115
2046-11-24 11:00:00,2.9812522600236715,-0.014213486013661115
2046-11-24 11:30:00,2.9877904635899557,-0.014213486013661115
2046-11-24 12:00:00,2.99432866715624,-0.014213486013661115
2046-11-24 12:30:00,3.000866870722524,-0.014213486013661115
2046-11-24 13:00:00,3.0074050742888083,-0.014213486013661115
2046-11-24 13:30:00,3.0139432778550925,-0.014213486013661115
2046-11-24 14:00:00,3.0204814814213767,0.0
2046-11-24 14:30:00,3.0204814814213767,0.0
2046-11-24 15:00:00,3.0204814814213767,0.0
2046-11-24 15:30:00,3.0204814814213767,0.0
2046-11-24 16:00:00,3.0204814814213767,0.0
2046-11-24 16:30:00,3.0204814814213767,0.0
2046-11-24 17:00:00,3.0204814814213767,0.0
2046-11-24 17:30:00,3.0204814814213767,0.0
2046-11-24 18:00:00,3.0204814814213767,0.0
2046-11-24 18:30:00,3.0204814814213767,0.0
2046-11-24 19:00:00,3.0204814814213767,0.0
2046-11-24 19:30:00,3.0204814814213767,0.0
2046-11-24 20:00:00,3.0204814814213767,0.0
2046-11-24 20:30:00,3.0204814814213767,0.0
2046-11-24 21:00:00,3.0204814814213767,0.0
2046-11-24 21:30:00,3.0204814814213767,0.0
2046-11-24 22:00:00,3.0204814814213767,0.0
2046-11-24 22:30:00,3.0204814814213767,0.0
2046-11-24 23:00:00,3.0204814814213767,0.0
2046-11-24 23:30:00,3.0204814814213767,0.0
2046-11-25 00:00:00,3.0204814814213767,0.0
2046-11-25 00:30:00,3.0204814814213767,0.0
2046-11-25 01:00:00,3.0204814814213767,0.0
2046-11-25 01:30:00,3.0204814814213767,0.0
2046-11-25 02:00:00,3.0204814814213767,0.0
2046-11-25 02:30:00,3.0204814814213767,0.005480720206830533
2046-11-25 03:00:00,3.0175028291350534,0.0
2046-11-25 03:30:00,3.0175028291350534,0.014213486013661115
2046-11-25 04:00:00,3.009778108475449,0.014213486013661115
2046-11-25 04:30:00,3.0020533878158444,0.0
2046-11-25 05:00:00,3.0020533878158444,0.0
2046-11-25 05:30:00,3.0020533878158444,0.014213486013661115
2046-11-25 06:00:00,2.99432866715624,0.0
2046-11-25 06:30:00,2.99432866715624,0.0
2046-11-25 07:00:00,2.99432866715624,0.0
2046-11-25 07:30:00,2.99432866715624,-0.014213486013661115
2046-11-25 08:00:00,3.000866870722524,-0.014213486013661115
2046-11-25 08:30:00,3.0074050742888083,-0.014213486013661115
2046-11-25 09:00:00,3.0139432778550925,-0.014213486013661115
2046-11-25 09:30:00,3.0204814814213767,0.0
2046-11-25 10:00:00,3.0204814814213767,0.0
2046-11-25 10:30:00,3.0204814814213767,0.0
2046-11-25 11:00:00,3.0204814814213767,0.0
2046-11-25 11:30:00,3.0204814814213767,0.0
2046-11-25 12:00:00,3.0204814814213767,0.0
2046-11-25 12:30:00,3.0204814814213767,0.0
2046-11-25 13:00:00,3.0204814814213767,0.0
2046-11-25 13:30:00,3.0204814814213767,0.0
2046-11-25 14:00:00,3.0204814814213767,0.0
2046-11-25 14:30:00,3.0204814814213767,0.0
2046-11-25 15:00:00,3.0204814814213767,0.0
2046-11-25 15:30:00,3.0204814814213767,0.0
2046-11-25 16:00:00,3.0204814814213767,0.0
2046-11-25 16:30:00,3.0204814814213767,0.0
2046-11-25 17:00:00,3.0204814814213767,0.0
2046-11-25 17:30:00,3.0204814814213767,0.0
2046-11-25 18:00:00,3.0204814814213767,0.0
2046-11-25 18:30:00,3.0204814814213767,0.0
2046-11-25 19:00:00,3.0204814814213767,0.0
2046-11-25 19:30:00,3.0204814814213767,0.0
2046-11-25 20:00:00,3.0204814814213767,0.0
2046-11-25 20:30:00,3.0204814814213767,0.0
2046-11-25 21:00:00,3.0204814814213767,0.0
2046-11-25 21:30:00,3.0204814814213767,0.0
2046-11-25 22:00:00,3.0204814814213767,0.0
2046-11-25 22:30:00,3.0204814814213767,0.0
2046-11-25 23:00:00,3.0204814814213767,0.0
2046-11-25 23:30:00,3.0204814814213767,0.0
2046-11-26 00:00:00,3.0204814814213767,0.0
2046-11-26 00:30:00,3.0204814814213767,0.0
2046-11-26 01:00:00,3.0204814814213767,0.0
2046-11-26 01:30:00,3.0204814814213767,0.0
2046-11-26 02:00:00,3.0204814814213767,0.0
2046-11-26 02:30:00,3.0204814814213767,0.0
2046-11-26 03:00:00,3.0204814814213767,0.0
2046-11-26 03:30:00,3.0204814814213767,0.0
2046-11-26 04:00:00,3.0204814814213767,0.0
2046-11-26 04:30:00,3.0204814814213767,0.0
2046-11-26 05:00:00,3.0204814814213767,0.0
2046-11-26 05:30:00,3.0204814814213767,0.0
2046-11-26 06:00:00,3.0204814814213767,0.0
2046-11-26 06:30:00,3.0204814814213767,0.0
2046-11-26 07:00:00,3.0204814814213767,0.0
2046-11-26 07:30:00,3.0204814814213767,0.0
2046-11-26 08:00:00,3.0204814814213767,0.0
2046-11-26 08:30:00,3.0204814814213767,0.0
2046-11-26 09:00:00,3.0204814814213767,0.0
2046-11-26 09:30:00,3.0204814814213767,0.0
2046-11-26 10:00:00,3.0204814814213767,0.0
2046-11-26 10:30:00,3.0204814814213767,0.0
2046-11-26 11:00:00,3.0204814814213767,0.0
2046-11-26 11:30:00,3.0204814814213767,0.0
2046-11-26 12:00:00,3.0204814814213767,0.0
2046-11-26 12:30:00,3.0204814814213767,0.0
2046-11-26 13:00:00,3.0204814814213767,0.0
2046-11-26 13:30:00,3.0204814814213767,0.0
2046-11-26 14:00:00,3.0204814814213767,0.0
2046-11-26 14:30:00,3.0204814814213767,0.0
2046-11-26 15:00:00,3.0204814814213767,0.0
2046-11-26 15:30:00,3.0204814814213767,0.0
2046-11-26 16:00:00,3.0204814814213767,0.0
2046-11-26 16:30:00,3.0204814814213767,0.0
2046-11-26 17:00:00,3.0204814814213767,0.0
2046-11-26 17:30:00,3.0204814814213767,0.0
2046-11-26 18:00:00,3.0204814814213767,0.0
2046-11-26 18:30:00,3.0204814814213767,0.014213486013661115
2046-11-26 19:00:00,3.0127567607617722,0.0020159328729971054
2046-11-26 19:30:00,3.011661145069925,0.0
2046-11-26 20:00:00,3.011661145069925,0.014213486013661115
2046-11-26 20:30:00,3.0039364244103206,0.0
2046-11-26 21:00:00,3.0039364244103206,0.0
2046-11-26 21:30:00,3.0039364244103206,0.0
2046-11-26 22:00:00,3.0039364244103206,0.0
2046-11-26 22:30:00,3.0039364244103206,0.0
2046-11-26 23:00:00,3.0039364244103206,0.0
2046-11-26 23:30:00,3.0039364244103206,0.0
2046-11-27 00:00:00,3.0039364244103206,0.0
2046-11-27 00:30:00,3.0039364244103206,0.006762316088956
2046-11-27 01:00:00,3.0002612526228414,0.014213486013661115
2046-11-27 01:30:00,2.992536531963237,0.0
2046-11-27 02:00:00,2.992536531963237,0.014213486013661115
2046-11-27 02:30:00,2.9848118113036324,0.0
2046-11-27 03:00:00,2.9848118113036324,0.0
2046-11-27 03:30:00,2.9848118113036324,0.014213486013661115
2046-11-27 04:00:00,2.977087090644028,0.0
2046-11-27 04:30:00,2.977087090644028,0.0
2046-11-27 05:00:00,2.977087090644028,0.0
2046-11-27 05:30:00,2.977087090644028,0.014213486013661115
2046-11-27 06:00:00,2.9693623699844234,0.0
2046-11-27 06:30:00,2.9693623699844234,0.0
2046-11-27 07:00:00,2.9693623699844234,0.014213486013661115
2046-11-27 07:30:00,2.961637649324819,0.0
2046-11-27 08:00:00,2.961637649324819,0.0
2046-11-27 08:30:00,2.961637649324819,0.0
2046-11-27 09:00:00,2.961637649324819,-0.014213486013661115
2046-11-27 09:30:00,2.968175852891103,-0.014213486013661115
2046-11-27 10:00:00,2.9747140564573873,-0.014213486013661115
2046-11-27 10:30:00,2.9812522600236715,-0.014213486013661115
2046-11-27 11:00:00,2.9877904635899557,-0.014213486013661115
2046-11-27 11:30:00,2.99432866715624,-0.014213486013661115
2046-11-27 12:00:00,3.000866870722524,-0.014213486013661115
2046-11-27 12:30:00,3.0074050742888083,-0.014213486013661115
2046-11-27 13:00:00,3.0139432778550925,-0.014213486013661115
2046-11-27 13:30:00,3.0204814814213767,0.0
2046-11-27 14:00:00,3.0204814814213767,0.0
2046-11-27 14:30:00,3.0204814814213767,0.0
2046-11-27 15:00:00,3.0204814814213767,0.0
2046-11-27 15:30:00,3.0204814814213767,0.0
2046-11-27 16:00:00,3.0204814814213767,0.0
2046-11-27 16:30:00,3.0204814814213767,0.0
2046-11-27 17:00:00,3.0204814814213767,0.0
2046-11-27 17:30:00,3.0204814814213767,0.0
2046-11-27 18:00:00,3.0204814814213767,0.0
2046-11-27 18:30:00,3.0204814814213767,0.0
2046-11-27 19:00:00,3.0204814814213767,0.0
2046-11-27 19:30:00,3.0204814814213767,0.0
2046-11-27 20:00:00,3.0204814814213767,0.0
2046-11-27 20:30:00,3.0204814814213767,0.0
2046-11-27 21:00:00,3.0204814814213767,0.0
2046-11-27 21:30:00,3.0204814814213767,0.0
2046-11-27 22:00:00,3.0204814814213767,0.0
2046-11-27 22:30:00,3.0204814814213767,0.0
2046-11-27 23:00:00,3.0204814814213767,0.0
2046-11-27 23:30:00,3.0204814814213767,0.0
2046-11-28 00:00:00,3.0204814814213767,0.0
2046-11-28 00:30:00,3.0204814814213767,0.014213486013661115
2046-11-28 01:00:00,3.0127567607617722,0.0
2046-11-28 01:30:00,3.0127567607617722,0.014213486013661115
2046-11-28 02:00:00,3.0050320401021677,0.014213486013661115
2046-11-28 02:30:00,2.9973073194425632,0.0
2046-11-28 03:00:00,2.9973073194425632,0.00877824896195347
2046-11-28 03:30:00,2.992536531963237,0.014213486013661115
2046-11-28 04:00:00,2.9848118113036324,0.0
2046-11-28 04:30:00,2.9848118113036324,0.0
2046-11-28 05:00:00,2.9848118113036324,0.014213486013661115
2046-11-28 05:30:00,2.977087090644028,0.014213486013661115
2046-11-28 06:00:00,2.9693623699844234,0.0
2046-11-28 06:30:00,2.9693623699844234,0.0
2046-11-28 07:00:00,2.9693623699844234,0.014213486013661115
2046-11-28 07:30:00,2.961637649324819,0.0
2046-11-28 08:00:00,2.961637649324819,-0.014213486013661115
2046-11-28 08:30:00,2.968175852891103,-0.014213486013661115
2046-11-28 09:00:00,2.9747140564573873,-0.014213486013661115
2046-11-28 09:30:00,2.9812522600236715,-0.014213486013661115
2046-11-28 10:00:00,2.9877904635899557,-0.014213486013661115
2046-11-28 10:30:00,2.99432866715624,-0.014213486013661115
2046-11-28 11:00:00,3.000866870722524,-0.014213486013661115
2046-11-28 11:30:00,3.0074050742888083,-0.014213486013661115
2046-11-28 12:00:00,3.0139432778550925,-0.014213486013661115
2046-11-28 12:30:00,3.0204814814213767,0.0
2046-11-28 13:00:00,3.0204814814213767,0.0
2046-11-28 13:30:00,3.0204814814213767,-0.0021831914517079706
2046-11-28 14:00:00,3.0204814814213767,0.0
2046-11-28 14:30:00,3.0204814814213767,0.0
2046-11-28 15:00:00,3.0204814814213767,0.0
2046-11-28 15:30:00,3.0204814814213767,0.0
2046-11-28 16:00:00,3.0204814814213767,0.0
2046-11-28 16:30:00,3.0204814814213767,0.0
2046-11-28 17:00:00,3.0204814814213767,0.0
2046-11-28 17:30:00,3.0204814814213767,0.0
2046-11-28 18:00:00,3.0204814814213767,0.0
2046-11-28 18:30:00,3.0204814814213767,0.0
2046-11-28 19:00:00,3.0204814814213767,0.0
2046-11-28 19:30:00,3.0204814814213767,0.014213486013661115
2046-11-28 20:00:00,3.0127567607617722,0.014213486013661115
2046-11-28 20:30:00,3.0050320401021677,0.0
2046-11-28 21:00:00,3.0050320401021677,0.0
2046-11-28 21:30:00,3.0050320401021677,0.0
2046-11-28 22:00:00,3.0050320401021677,0.0
2046-11-28 22:30:00,3.0050320401021677,0.0
2046-11-28 23:00:00,3.0050320401021677,0.0
2046-11-28 23:30:00,3.0050320401021677,0.014213486013661115
2046-11-29 00:00:00,2.9973073194425632,0.0
2046-11-29 00:30:00,2.9973073194425632,0.0
2046-11-29 01:00:00,2.9973073194425632,0.014213486013661115
2046-11-29 01:30:00,2.9895825987829587,0.0
2046-11-29 02:00:00,2.9895825987829587,0.0
2046-11-29 02:30:00,2.9895825987829587,0.0
2046-11-29 03:00:00,2.9895825987829587,0.0
2046-11-29 03:30:00,2.9895825987829587,0.0
2046-11-29 04:00:00,2.9895825987829587,0.0
2046-11-29 04:30:00,2.9895825987829587,0.0
2046-11-29 05:00:00,2.9895825987829587,0.0
2046-11-29 05:30:00,2.9895825987829587,0.0
2046-11-29 06:00:00,2.9895825987829587,0.0
2046-11-29 06:30:00,2.9895825987829587,-0.014213486013661115
2046-11-29 07:00:00,2.996120802349243,-0.014213486013661115
2046-11-29 07:30:00,3.002659005915527,-0.014213486013661115
2046-11-29 08:00:00,3.0091972094818114,0.0
2046-11-29 08:30:00,3.0091972094818114,0.0
2046-11-29 09:00:00,3.0091972094818114,0.0
2046-11-29 09:30:00,3.0091972094818114,0.0
2046-11-29 10:00:00,3.0091972094818114,-0.0103175399419156
2046-11-29 10:30:00,3.0139432778550925,-0.014213486013661115
2046-11-29 11:00:00,3.0204814814213767,0.0
2046-11-29 11:30:00,3.0204814814213767,0.0
2046-11-29 12:00:00,3.0204814814213767,0.0
2046-11-29 12:30:00,3.0204814814213767,0.0
2046-11-29 13:00:00,3.0204814814213767,0.0
2046-11-29 13:30:00,3.0204814814213767,0.0
2046-11-29 14:00:00,3.0204814814213767,0.0
2046-11-29 14:30:00,3.0204814814213767,0.0
2046-11-29 15:00:00,3.0204814814213767,0.0
2046-11-29 15:30:00,3.0204814814213767,0.0
2046-11-29 16:00:00,3.0204814814213767,0.0
2046-11-29 16:30:00,3.0204814814213767,0.0
2046-11-29 17:00:00,3.0204814814213767,0.0
2046-11-29 17:30:00,3.0204814814213767,0.014213486013661115
2046-11-29 18:00:00,3.0127567607617722,0.0
2046-11-29 18:30:00,3.0127567607617722,0.0
2046-11-29 19:00:00,3.0127567607617722,0.0
2046-11-29 19:30:00,3.0127567607617722,0.0
2046-11-29 20:00:00,3.0127567607617722,0.0
2046-11-29 20:30:00,3.0127567607617722,0.0
2046-11-29 21:00:00,3.0127567607617722,0.0
2046-11-29 21:30:00,3.0127567607617722,0.0
2046-11-29 22:00:00,3.0127567607617722,0.0
2046-11-29 22:30:00,3.0127567607617722,0.0
2046-11-29 23:00:00,3.0127567607617722,0.0
2046-11-29 23:30:00,3.0127567607617722,0.0
2046-11-30 00:00:00,3.0127567607617722,0.0
2046-11-30 00:30:00,3.0127567607617722,0.014213486013661115
2046-11-30 01:00:00,3.0050320401021677,0.0
2046-11-30 01:30:00,3.0050320401021677,0.005480720206830533
2046-11-30 02:00:00,3.0020533878158444,0.0
2046-11-30 02:30:00,3.0020533878158444,0.0
2046-11-30 03:00:00,3.0020533878158444,0.0
2046-11-30 03:30:00,3.0020533878158444,0.0
2046-11-30 04:00:00,3.0020533878158444,0.0
2046-11-30 04:30:00,3.0020533878158444,0.0
2046-11-30 05:00:00,3.0020533878158444,0.014213486013661115
2046-11-30 05:30:00,2.99432866715624,0.0
2046-11-30 06:00:00,2.99432866715624,0.0
2046-11-30 06:30:00,2.99432866715624,0.0
2046-11-30 07:00:00,2.99432866715624,0.0
2046-11-30 07:30:00,2.99432866715624,0.0
2046-11-30 08:00:00,2.99432866715624,0.0
2046-11-30 08:30:00,2.99432866715624,0.0
2046-11-30 09:00:00,2.99432866715624,0.0
2046-11-30 09:30:00,2.99432866715624,0.0
2046-11-30 10:00:00,2.99432866715624,0.0
2046-11-30 10:30:00,2.99432866715624,0.0
2046-11-30 11:00:00,2.99432866715624,-0.014213486013661115
2046-11-30 11:30:00,3.000866870722524,-0.014213486013661115
2046-11-30 12:00:00,3.0074050742888083,-0.014213486013661115
2046-11-30 12:30:00,3.0139432778550925,-0.014213486013661115
2046-11-30 13:00:00,3.0204814814213767,0.0
2046-11-30 13:30:00,3.0204814814213767,0.0
2046-11-30 14:00:00,3.0204814814213767,0.0
2046-11-30 14:30:00,3.0204814814213767,0.0
2046-11-30 15:00:00,3.0204814814213767,0.0
2046-11-30 15:30:00,3.0204814814213767,0.0
2046-11-30 16:00:00,3.0204814814213767,0.0
2046-11-30 16:30:00,3.0204814814213767,0.0
2046-11-30 17:00:00,3.0204814814213767,0.0
2046-11-30 17:30:00,3.0204814814213767,0.0
2046-11-30 18:00:00,3.0204814814213767,0.0
2046-11-30 18:30:00,3.0204814814213767,0.0
2046-11-30 19:00:00,3.0204814814213767,0.014213486013661115
2046-11-30 19:30:00,3.0127567607617722,0.0
2046-11-30 20:00:00,3.0127567607617722,0.0
2046-11-30 20:30:00,3.0127567607617722,0.0
2046-11-30 21:00:00,3.0127567607617722,0.0
2046-11-30 21:30:00,3.0127567607617722,0.0
2046-11-30 22:00:00,3.0127567607617722,0.0
2046-11-30 22:30:00,3.0127567607617722,0.0
2046-11-30 23:00:00,3.0127567607617722,0.0
2046-11-30 23:30:00,3.0127567607617722,0.014213486013661115
2046-12-01 00:00:00,3.0050320401021677,0.0
2046-12-01 00:30:00,3.0050320401021677,0.00877824896195347
2046-12-01 01:00:00,3.0002612526228414,0.014213486013661115
2046-12-01 01:30:00,2.992536531963237,0.014213486013661115
2046-12-01 02:00:00,2.9848118113036324,0.0
2046-12-01 02:30:00,2.9848118113036324,0.0
2046-12-01 03:00:00,2.9848118113036324,0.0
2046-12-01 03:30:00,2.9848118113036324,0.0
2046-12-01 04:00:00,2.9848118113036324,0.014213486013661115
2046-12-01 04:30:00,2.977087090644028,0.0
2046-12-01 05:00:00,2.977087090644028,0.0
2046-12-01 05:30:00,2.977087090644028,0.014213486013661115
2046-12-01 06:00:00,2.9693623699844234,0.014213486013661115
2046-12-01 06:30:00,2.961637649324819,0.0
2046-12-01 07:00:00,2.961637649324819,0.0
2046-12-01 07:30:00,2.961637649324819,-0.014213486013661115
2046-12-01 08:00:00,2.968175852891103,-0.014213486013661115
2046-12-01 08:30:00,2.9747140564573873,-0.014213486013661115
2046-12-01 09:00:00,2.9812522600236715,-0.014213486013661115
2046-12-01 09:30:00,2.9877904635899557,0.0
2046-12-01 10:00:00,2.9877904635899557,-0.014213486013661115
2046-12-01 10:30:00,2.99432866715624,-0.014213486013661115
2046-12-01 11:00:00,3.000866870722524,-0.014213486013661115
2046-12-01 11:30:00,3.0074050742888083,-0.014213486013661115
2046-12-01 12:00:00,3.0139432778550925,-0.014213486013661115
2046-12-01 12:30:00,3.0204814814213767,0.0
2046-12-01 13:00:00,3.0204814814213767,0.0
2046-12-01 13:30:00,3.0204814814213767,0.0
2046-12-01 14:00:00,3.0204814814213767,0.0
2046-12-01 14:30:00,3.0204814814213767,0.0
2046-12-01 15:00:00,3.0204814814213767,0.0
2046-12-01 15:30:00,3.0204814814213767,0.0
2046-12-01 16:00:00,3.0204814814213767,0.0
2046-12-01 16:30:00,3.0204814814213767,0.0
2046-12-01 17:00:00,3.0204814814213767,0.0
2046-12-01 17:30:00,3.0204814814213767,0.0
2046-12-01 18:00:00,3.0204814814213767,0.0
2046-12-01 18:30:00,3.0204814814213767,0.0
2046-12-01 19:00:00,3.0204814814213767,0.0
2046-12-01 19:30:00,3.0204814814213767,0.0
2046-12-01 20:00:00,3.0204814814213767,0.0
2046-12-01 20:30:00,3.0204814814213767,0.0
2046-12-01 21:00:00,3.0204814814213767,0.0
2046-12-01 21:30:00,3.0204814814213767,0.0
2046-12-01 22:00:00,3.0204814814213767,0.0
2046-12-01 22:30:00,3.0204814814213767,0.0
2046-12-01 23:00:00,3.0204814814213767,0.0
2046-12-01 23:30:00,3.0204814814213767,0.0
2046-12-02 00:00:00,3.0204814814213767,0.0
2046-12-02 00:30:00,3.0204814814213767,0.0
2046-12-02 01:00:00,3.0204814814213767,0.0
2046-12-02 01:30:00,3.0204814814213767,0.0
2046-12-02 02:00:00,3.0204814814213767,0.0
2046-12-02 02:30:00,3.0204814814213767,0.0
2046-12-02 03:00:00,3.0204814814213767,0.0
2046-12-02 03:30:00,3.0204814814213767,0.0
2046-12-02 04:00:00,3.0204814814213767,0.0
2046-12-02 04:30:00,3.0204814814213767,0.012030294561953316
2046-12-02 05:00:00,3.0139432778550925,0.0
2046-12-02 05:30:00,3.0139432778550925,0.0
2046-12-02 06:00:00,3.0139432778550925,-0.014213486013661115
2046-12-02 06:30:00,3.0204814814213767,0.0
2046-12-02 07:00:00,3.0204814814213767,0.0
2046-12-02 07:30:00,3.0204814814213767,0.0
2046-12-02 08:00:00,3.0204814814213767,0.0
2046-12-02 08:30:00,3.0204814814213767,0.0
2046-12-02 09:00:00,3.0204814814213767,0.0
2046-12-02 09:30:00,3.0204814814213767,0.0
2046-12-02 10:00:00,3.0204814814213767,0.0
2046-12-02 10:30:00,3.0204814814213767,0.0
2046-12-02 11:00:00,3.0204814814213767,0.0
2046-12-02 11:30:00,3.0204814814213767,0.0
2046-12-02 12:00:00,3.0204814814213767,0.0
2046-12-02 12:30:00,3.0204814814213767,0.0
2046-12-02 13:00:00,3.0204814814213767,0.0
2046-12-02 13:30:00,3.0204814814213767,0.0
2046-12-02 14:00:00,3.0204814814213767,0.0
2046-12-02 14:30:00,3.0204814814213767,0.0
2046-12-02 15:00:00,3.0204814814213767,0.0
2046-12-02 15:30:00,3.0204814814213767,0.0
2046-12-02 16:00:00,3.0204814814213767,0.0
2046-12-02 16:30:00,3.0204814814213767,0.0
2046-12-02 17:00:00,3.0204814814213767,0.0
2046-12-02 17:30:00,3.0204814814213767,0.0
2046-12-02 18:00:00,3.0204814814213767,0.0
2046-12-02 18:30:00,3.0204814814213767,0.0
2046-12-02 19:00:00,3.0204814814213767,0.0
2046-12-02 19:30:00,3.0204814814213767,0.0
2046-12-02 20:00:00,3.0204814814213767,0.0
2046-12-02 20:30:00,3.0204814814213767,0.0
2046-12-02 21:00:00,3.0204814814213767,0.0
2046-12-02 21:30:00,3.0204814814213767,0.014213486013661115
2046-12-02 22:00:00,3.0127567607617722,0.0
2046-12-02 22:30:00,3.0127567607617722,0.0
2046-12-02 23:00:00,3.0127567607617722,0.0
2046-12-02 23:30:00,3.0127567607617722,0.0
2046-12-03 00:00:00,3.0127567607617722,0.0
2046-12-03 00:30:00,3.0127567607617722,0.0
2046-12-03 01:00:00,3.0127567607617722,0.0
2046-12-03 01:30:00,3.0127567607617722,0.0
2046-12-03 02:00:00,3.0127567607617722,0.0
2046-12-03 02:30:00,3.0127567607617722,0.014213486013661115
2046-12-03 03:00:00,3.0050320401021677,0.0
2046-12-03 03:30:00,3.0050320401021677,0.0
2046-12-03 04:00:00,3.0050320401021677,0.014213486013661115
2046-12-03 04:30:00,2.9973073194425632,0.014213486013661115
2046-12-03 05:00:00,2.9895825987829587,0.0
2046-12-03 05:30:00,2.9895825987829587,0.0
2046-12-03 06:00:00,2.9895825987829587,0.0
2046-12-03 06:30:00,2.9895825987829587,0.0
2046-12-03 07:00:00,2.9895825987829587,0.014213486013661115
2046-12-03 07:30:00,2.9818578781233542,0.0
2046-12-03 08:00:00,2.9818578781233542,-0.014213486013661115
2046-12-03 08:30:00,2.9883960816896384,-0.014213486013661115
2046-12-03 09:00:00,2.9949342852559226,-0.014213486013661115
2046-12-03 09:30:00,3.001472488822207,0.0
2046-12-03 10:00:00,3.001472488822207,0.0
2046-12-03 10:30:00,3.001472488822207,-0.014213486013661115
2046-12-03 11:00:00,3.008010692388491,-0.014213486013661115
2046-12-03 11:30:00,3.0145488959547753,-0.012896924927394499
2046-12-03 12:00:00,3.0204814814213767,0.0
2046-12-03 12:30:00,3.0204814814213767,0.0
2046-12-03 13:00:00,3.0204814814213767,0.0
2046-12-03 13:30:00,3.0204814814213767,0.0
2046-12-03 14:00:00,3.0204814814213767,0.0
2046-12-03 14:30:00,3.0204814814213767,0.0
2046-12-03 15:00:00,3.0204814814213767,0.0
2046-12-03 15:30:00,3.0204814814213767,0.0
2046-12-03 16:00:00,3.0204814814213767,0.0
2046-12-03 16:30:00,3.0204814814213767,0.0
2046-12-03 17:00:00,3.0204814814213767,0.0
2046-12-03 17:30:00,3.0204814814213767,0.0
2046-12-03 18:00:00,3.0204814814213767,0.0
2046-12-03 18:30:00,3.0204814814213767,0.0
2046-12-03 19:00:00,3.0204814814213767,0.0
2046-12-03 19:30:00,3.0204814814213767,0.0
2046-12-03 20:00:00,3.0204814814213767,0.012030294561953316
2046-12-03 20:30:00,3.0139432778550925,-0.014213486013661115
2046-12-03 21:00:00,3.0204814814213767,0.0
2046-12-03 21:30:00,3.0204814814213767,0.0
2046-12-03 22:00:00,3.0204814814213767,0.0
2046-12-03 22:30:00,3.0204814814213767,0.0
2046-12-03 23:00:00,3.0204814814213767,0.0
2046-12-03 23:30:00,3.0204814814213767,0.0
2046-12-04 00:00:00,3.0204814814213767,0.0
2046-12-04 00:30:00,3.0204814814213767,0.0
2046-12-04 01:00:00,3.0204814814213767,0.0
2046-12-04 01:30:00,3.0204814814213767,0.0
2046-12-04 02:00:00,3.0204814814213767,0.0
2046-12-04 02:30:00,3.0204814814213767,0.0
2046-12-04 03:00:00,3.0204814814213767,0.0
2046-12-04 03:30:00,3.0204814814213767,0.0
2046-12-04 04:00:00,3.0204814814213767,0.0
2046-12-04 04:30:00,3.0204814814213767,0.0
2046-12-04 05:00:00,3.0204814814213767,0.0
2046-12-04 05:30:00,3.0204814814213767,0.0
2046-12-04 06:00:00,3.0204814814213767,0.0
2046-12-04 06:30:00,3.0204814814213767,0.0
2046-12-04 07:00:00,3.0204814814213767,0.0
2046-12-04 07:30:00,3.0204814814213767,0.0
2046-12-04 08:00:00,3.0204814814213767,0.0
2046-12-04 08:30:00,3.0204814814213767,0.0
2046-12-04 09:00:00,3.0204814814213767,0.0
2046-12-04 09:30:00,3.0204814814213767,0.0
2046-12-04 10:00:00,3.0204814814213767,0.0
2046-12-04 10:30:00,3.0204814814213767,0.0
2046-12-04 11:00:00,3.0204814814213767,0.0
2046-12-04 11:30:00,3.0204814814213767,0.0
2046-12-04 12:00:00,3.0204814814213767,0.0
2046-12-04 12:30:00,3.0204814814213767,0.0
2046-12-04 13:00:00,3.0204814814213767,0.0
2046-12-04 13:30:00,3.0204814814213767,0.0
2046-12-04 14:00:00,3.0204814814213767,0.0
2046-12-04 14:30:00,3.0204814814213767,0.0
2046-12-04 15:00:00,3.0204814814213767,0.0
2046-12-04 15:30:00,3.0204814814213767,0.0
2046-12-04 16:00:00,3.0204814814213767,0.0
2046-12-04 16:30:00,3.0204814814213767,0.0
2046-12-04 17:00:00,3.0204814814213767,0.0
2046-12-04 17:30:00,3.0204814814213767,0.0
2046-12-04 18:00:00,3.0204814814213767,0.0
2046-12-04 18:30:00,3.0204814814213767,0.0
2046-12-04 19:00:00,3.0204814814213767,0.0
2046-12-04 19:30:00,3.0204814814213767,0.0
2046-12-04 20:00:00,3.0204814814213767,0.0
2046-12-04 20:30:00,3.0204814814213767,0.0
2046-12-04 21:00:00,3.0204814814213767,0.0
2046-12-04 21:30:00,3.0204814814213767,0.0
2046-12-04 22:00:00,3.0204814814213767,0.0
2046-12-04 22:30:00,3.0204814814213767,0.0
2046-12-04 23:00:00,3.0204814814213767,0.0
2046-12-04 23:30:00,3.0204814814213767,0.0
2046-12-05 00:00:00,3.0204814814213767,0.0
2046-12-05 00:30:00,3.0204814814213767,0.0
2046-12-05 01:00:00,3.0204814814213767,0.0
2046-12-05 01:30:00,3.0204814814213767,0.0
2046-12-05 02:00:00,3.0204814814213767,0.0
2046-12-05 02:30:00,3.0204814814213767,0.0
2046-12-05 03:00:00,3.0204814814213767,0.0
2046-12-05 03:30:00,3.0204814814213767,0.0
2046-12-05 04:00:00,3.0204814814213767,0.0
2046-12-05 04:30:00,3.0204814814213767,0.0
2046-12-05 05:00:00,3.0204814814213767,0.0
2046-12-05 05:30:00,3.0204814814213767,0.0
2046-12-05 06:00:00,3.0204814814213767,0.0
2046-12-05 06:30:00,3.0204814814213767,0.0
2046-12-05 07:00:00,3.0204814814213767,0.0
2046-12-05 07:30:00,3.0204814814213767,0.0
2046-12-05 08:00:00,3.0204814814213767,0.0
2046-12-05 08:30:00,3.0204814814213767,0.0
2046-12-05 09:00:00,3.0204814814213767,0.0
2046-12-05 09:30:00,3.0204814814213767,0.0
2046-12-05 10:00:00,3.0204814814213767,0.0
2046-12-05 10:30:00,3.0204814814213767,0.0
2046-12-05 11:00:00,3.0204814814213767,0.0
2046-12-05 11:30:00,3.0204814814213767,0.0
2046-12-05 12:00:00,3.0204814814213767,0.0
2046-12-05 12:30:00,3.0204814814213767,0.0
2046-12-05 13:00:00,3.0204814814213767,0.0
2046-12-05 13:30:00,3.0204814814213767,0.0
2046-12-05 14:00:00,3.0204814814213767,0.0
2046-12-05 14:30:00,3.0204814814213767,0.0
2046-12-05 15:00:00,3.0204814814213767,0.0
2046-12-05 15:30:00,3.0204814814213767,0.0
2046-12-05 16:00:00,3.0204814814213767,0.0
2046-12-05 16:30:00,3.0204814814213767,0.0
2046-12-05 17:00:00,3.0204814814213767,0.0
2046-12-05 17:30:00,3.0204814814213767,0.0
2046-12-05 18:00:00,3.0204814814213767,0.0
2046-12-05 18:30:00,3.0204814814213767,0.0
2046-12-05 19:00:00,3.0204814814213767,0.0
2046-12-05 19:30:00,3.0204814814213767,0.0
2046-12-05 20:00:00,3.0204814814213767,0.0
2046-12-05 20:30:00,3.0204814814213767,0.0
2046-12-05 21:00:00,3.0204814814213767,0.0
2046-12-05 21:30:00,3.0204814814213767,0.0076639116585381275
2046-12-05 22:00:00,3.016316312041733,0.0
2046-12-05 22:30:00,3.016316312041733,0.0
2046-12-05 23:00:00,3.016316312041733,0.0
2046-12-05 23:30:00,3.016316312041733,0.0
2046-12-06 00:00:00,3.016316312041733,0.0
2046-12-06 00:30:00,3.016316312041733,0.0
2046-12-06 01:00:00,3.016316312041733,0.0
2046-12-06 01:30:00,3.016316312041733,0.0
2046-12-06 02:00:00,3.016316312041733,0.0
2046-12-06 02:30:00,3.016316312041733,0.0
2046-12-06 03:00:00,3.016316312041733,0.014213486013661115
2046-12-06 03:30:00,3.0085915913821286,0.0
2046-12-06 04:00:00,3.0085915913821286,0.0
2046-12-06 04:30:00,3.0085915913821286,0.0
2046-12-06 05:00:00,3.0085915913821286,0.0
2046-12-06 05:30:00,3.0085915913821286,0.014213486013661115
2046-12-06 06:00:00,3.000866870722524,0.0
2046-12-06 06:30:00,3.000866870722524,0.0
2046-12-06 07:00:00,3.000866870722524,0.0
2046-12-06 07:30:00,3.000866870722524,0.0
2046-12-06 08:00:00,3.000866870722524,-0.014213486013661115
2046-12-06 08:30:00,3.0074050742888083,-0.014213486013661115
2046-12-06 09:00:00,3.0139432778550925,-0.014213486013661115
2046-12-06 09:30:00,3.0204814814213767,0.0
2046-12-06 10:00:00,3.0204814814213767,0.0
2046-12-06 10:30:00,3.0204814814213767,0.0
2046-12-06 11:00:00,3.0204814814213767,0.0
2046-12-06 11:30:00,3.0204814814213767,0.0
2046-12-06 12:00:00,3.0204814814213767,0.0
2046-12-06 12:30:00,3.0204814814213767,0.0
2046-12-06 13:00:00,3.0204814814213767,0.0
2046-12-06 13:30:00,3.0204814814213767,0.0
2046-12-06 14:00:00,3.0204814814213767,0.0
2046-12-06 14:30:00,3.0204814814213767,0.0
2046-12-06 15:00:00,3.0204814814213767,0.0
2046-12-06 15:30:00,3.0204814814213767,0.0
2046-12-06 16:00:00,3.0204814814213767,0.0
2046-12-06 16:30:00,3.0204814814213767,0.0
2046-12-06 17:00:00,3.0204814814213767,0.0
2046-12-06 17:30:00,3.0204814814213767,0.0
2046-12-06 18:00:00,3.0204814814213767,0.0
2046-12-06 18:30:00,3.0204814814213767,0.014213486013661115
2046-12-06 19:00:00,3.0127567607617722,0.014213486013661115
2046-12-06 19:30:00,3.0050320401021677,0.0
2046-12-06 20:00:00,3.0050320401021677,0.0
2046-12-06 20:30:00,3.0050320401021677,0.0
2046-12-06 21:00:00,3.0050320401021677,0.014213486013661115
2046-12-06 21:30:00,2.9973073194425632,0.0
2046-12-06 22:00:00,2.9973073194425632,0.0
2046-12-06 22:30:00,2.9973073194425632,0.0
2046-12-06 23:00:00,2.9973073194425632,0.0
2046-12-06 23:30:00,2.9973073194425632,0.0
2046-12-07 00:00:00,2.9973073194425632,0.0
2046-12-07 00:30:00,2.9973073194425632,0.0
2046-12-07 01:00:00,2.9973073194425632,0.0
2046-12-07 01:30:00,2.9973073194425632,0.0
2046-12-07 02:00:00,2.9973073194425632,0.0
2046-12-07 02:30:00,2.9973073194425632,0.014213486013661115
2046-12-07 03:00:00,2.9895825987829587,0.0
2046-12-07 03:30:00,2.9895825987829587,0.0
2046-12-07 04:00:00,2.9895825987829587,0.0
2046-12-07 04:30:00,2.9895825987829587,0.0
2046-12-07 05:00:00,2.9895825987829587,0.0
2046-12-07 05:30:00,2.9895825987829587,0.0
2046-12-07 06:00:00,2.9895825987829587,0.014213486013661115
2046-12-07 06:30:00,2.9818578781233542,0.0
2046-12-07 07:00:00,2.9818578781233542,0.0
2046-12-07 07:30:00,2.9818578781233542,0.0
2046-12-07 08:00:00,2.9818578781233542,0.0
2046-12-07 08:30:00,2.9818578781233542,0.0
2046-12-07 09:00:00,2.9818578781233542,0.0
2046-12-07 09:30:00,2.9818578781233542,-0.014213486013661115
2046-12-07 10:00:00,2.9883960816896384,-0.014213486013661115
2046-12-07 10:30:00,2.9949342852559226,-0.014213486013661115
2046-12-07 11:00:00,3.001472488822207,-0.014213486013661115
2046-12-07 11:30:00,3.008010692388491,-0.012896924927394499
2046-12-07 12:00:00,3.0139432778550925,-0.014213486013661115
2046-12-07 12:30:00,3.0204814814213767,0.0
2046-12-07 13:00:00,3.0204814814213767,0.0
2046-12-07 13:30:00,3.0204814814213767,0.0
2046-12-07 14:00:00,3.0204814814213767,0.0
2046-12-07 14:30:00,3.0204814814213767,0.0
2046-12-07 15:00:00,3.0204814814213767,0.0
2046-12-07 15:30:00,3.0204814814213767,0.0
2046-12-07 16:00:00,3.0204814814213767,0.0
2046-12-07 16:30:00,3.0204814814213767,0.0
2046-12-07 17:00:00,3.0204814814213767,0.0
2046-12-07 17:30:00,3.0204814814213767,0.0
2046-12-07 18:00:00,3.0204814814213767,0.010507601225899554
2046-12-07 18:30:00,3.0147708285812094,0.0
2046-12-07 19:00:00,3.0147708285812094,0.0
2046-12-07 19:30:00,3.0147708285812094,0.0
2046-12-07 20:00:00,3.0147708285812094,0.0
2046-12-07 20:30:00,3.0147708285812094,0.0
2046-12-07 21:00:00,3.0147708285812094,0.0
2046-12-07 21:30:00,3.0147708285812094,0.0
2046-12-07 22:00:00,3.0147708285812094,0.0
2046-12-07 22:30:00,3.0147708285812094,0.0
2046-12-07 23:00:00,3.0147708285812094,0.0
2046-12-07 23:30:00,3.0147708285812094,0.0
2046-12-08 00:00:00,3.0147708285812094,0.0
2046-12-08 00:30:00,3.0147708285812094,0.0
2046-12-08 01:00:00,3.0147708285812094,0.0
2046-12-08 01:30:00,3.0147708285812094,0.0
2046-12-08 02:00:00,3.0147708285812094,0.0
2046-12-08 02:30:00,3.0147708285812094,0.0
2046-12-08 03:00:00,3.0147708285812094,0.0
2046-12-08 03:30:00,3.0147708285812094,0.0
2046-12-08 04:00:00,3.0147708285812094,0.0
2046-12-08 04:30:00,3.0147708285812094,0.0
2046-12-08 05:00:00,3.0147708285812094,0.0
2046-12-08 05:30:00,3.0147708285812094,0.0
2046-12-08 06:00:00,3.0147708285812094,0.0
2046-12-08 06:30:00,3.0147708285812094,-0.012414462696016006
2046-12-08 07:00:00,3.0204814814213767,0.0
2046-12-08 07:30:00,3.0204814814213767,0.0
2046-12-08 08:00:00,3.0204814814213767,0.0
2046-12-08 08:30:00,3.0204814814213767,0.0
2046-12-08 09:00:00,3.0204814814213767,0.0
2046-12-08 09:30:00,3.0204814814213767,0.0
2046-12-08 10:00:00,3.0204814814213767,0.0
2046-12-08 10:30:00,3.0204814814213767,0.0
2046-12-08 11:00:00,3.0204814814213767,0.0
2046-12-08 11:30:00,3.0204814814213767,0.0
2046-12-08 12:00:00,3.0204814814213767,0.0
2046-12-08 12:30:00,3.0204814814213767,0.0
2046-12-08 13:00:00,3.0204814814213767,0.0
2046-12-08 13:30:00,3.0204814814213767,0.0
2046-12-08 14:00:00,3.0204814814213767,0.0
2046-12-08 14:30:00,3.0204814814213767,0.0
2046-12-08 15:00:00,3.0204814814213767,0.0
2046-12-08 15:30:00,3.0204814814213767,0.0
2046-12-08 16:00:00,3.0204814814213767,0.0
2046-12-08 16:30:00,3.0204814814213767,0.0
2046-12-08 17:00:00,3.0204814814213767,0.0
2046-12-08 17:30:00,3.0204814814213767,0.0
2046-12-08 18:00:00,3.0204814814213767,0.0
2046-12-08 18:30:00,3.0204814814213767,0.0
2046-12-08 19:00:00,3.0204814814213767,0.0
2046-12-08 19:30:00,3.0204814814213767,0.0
2046-12-08 20:00:00,3.0204814814213767,0.0
2046-12-08 20:30:00,3.0204814814213767,0.0
2046-12-08 21:00:00,3.0204814814213767,0.0
2046-12-08 21:30:00,3.0204814814213767,0.0
2046-12-08 22:00:00,3.0204814814213767,0.0
2046-12-08 22:30:00,3.0204814814213767,0.0
2046-12-08 23:00:00,3.0204814814213767,0.0
2046-12-08 23:30:00,3.0204814814213767,0.0
2046-12-09 00:00:00,3.0204814814213767,0.0
2046-12-09 00:30:00,3.0204814814213767,0.0
2046-12-09 01:00:00,3.0204814814213767,0.0
2046-12-09 01:30:00,3.0204814814213767,0.0
2046-12-09 02:00:00,3.0204814814213767,0.0
2046-12-09 02:30:00,3.0204814814213767,0.0
2046-12-09 03:00:00,3.0204814814213767,0.0
2046-12-09 03:30:00,3.0204814814213767,0.0
2046-12-09 04:00:00,3.0204814814213767,0.0
2046-12-09 04:30:00,3.0204814814213767,0.0
2046-12-09 05:00:00,3.0204814814213767,0.0
2046-12-09 05:30:00,3.0204814814213767,0.0
2046-12-09 06:00:00,3.0204814814213767,0.0
2046-12-09 06:30:00,3.0204814814213767,0.0
2046-12-09 07:00:00,3.0204814814213767,0.0
2046-12-09 07:30:00,3.0204814814213767,0.0
2046-12-09 08:00:00,3.0204814814213767,0.0
2046-12-09 08:30:00,3.0204814814213767,0.0
2046-12-09 09:00:00,3.0204814814213767,0.0
2046-12-09 09:30:00,3.0204814814213767,0.0
2046-12-09 10:00:00,3.0204814814213767,0.0
2046-12-09 10:30:00,3.0204814814213767,0.0
2046-12-09 11:00:00,3.0204814814213767,0.0
2046-12-09 11:30:00,3.0204814814213767,0.0
2046-12-09 12:00:00,3.0204814814213767,0.0
2046-12-09 12:30:00,3.0204814814213767,0.0
2046-12-09 13:00:00,3.0204814814213767,0.0
2046-12-09 13:30:00,3.0204814814213767,0.0
2046-12-09 14:00:00,3.0204814814213767,0.0
2046-12-09 14:30:00,3.0204814814213767,0.0
2046-12-09 15:00:00,3.0204814814213767,0.0
2046-12-09 15:30:00,3.0204814814213767,0.0
2046-12-09 16:00:00,3.0204814814213767,0.0
2046-12-09 16:30:00,3.0204814814213767,0.0
2046-12-09 17:00:00,3.0204814814213767,0.0
2046-12-09 17:30:00,3.0204814814213767,0.0
2046-12-09 18:00:00,3.0204814814213767,0.0
2046-12-09 18:30:00,3.0204814814213767,0.0
2046-12-09 19:00:00,3.0204814814213767,0.0
2046-12-09 19:30:00,3.0204814814213767,0.0
2046-12-09 20:00:00,3.0204814814213767,0.0
2046-12-09 20:30:00,3.0204814814213767,0.0
2046-12-09 21:00:00,3.0204814814213767,0.0
2046-12-09 21:30:00,3.0204814814213767,0.0
2046-12-09 22:00:00,3.0204814814213767,0.0
2046-12-09 22:30:00,3.0204814814213767,0.0
2046-12-09 23:00:00,3.0204814814213767,0.0
2046-12-09 23:30:00,3.0204814814213767,0.0
2046-12-10 00:00:00,3.0204814814213767,0.0
2046-12-10 00:30:00,3.0204814814213767,0.0
2046-12-10 01:00:00,3.0204814814213767,0.0
2046-12-10 01:30:00,3.0204814814213767,0.0025013253686401726
2046-12-10 02:00:00,3.019122065460158,0.0
2046-12-10 02:30:00,3.019122065460158,0.0
2046-12-10 03:00:00,3.019122065460158,0.0
2046-12-10 03:30:00,3.019122065460158,0.0
2046-12-10 04:00:00,3.019122065460158,0.0
2046-12-10 04:30:00,3.019122065460158,0.0
2046-12-10 05:00:00,3.019122065460158,0.0
2046-12-10 05:30:00,3.019122065460158,0.0
2046-12-10 06:00:00,3.019122065460158,0.0
2046-12-10 06:30:00,3.019122065460158,-0.002955252089605849
2046-12-10 07:00:00,3.0204814814213767,0.0
2046-12-10 07:30:00,3.0204814814213767,0.0
2046-12-10 08:00:00,3.0204814814213767,0.0
2046-12-10 08:30:00,3.0204814814213767,0.0
2046-12-10 09:00:00,3.0204814814213767,0.0
2046-12-10 09:30:00,3.0204814814213767,0.0
2046-12-10 10:00:00,3.0204814814213767,0.0
2046-12-10 10:30:00,3.0204814814213767,0.0
2046-12-10 11:00:00,3.0204814814213767,0.0
2046-12-10 11:30:00,3.0204814814213767,0.0
2046-12-10 12:00:00,3.0204814814213767,0.0
2046-12-10 12:30:00,3.0204814814213767,0.0
2046-12-10 13:00:00,3.0204814814213767,0.0
2046-12-10 13:30:00,3.0204814814213767,0.0
2046-12-10 14:00:00,3.0204814814213767,0.0
2046-12-10 14:30:00,3.0204814814213767,0.0
2046-12-10 15:00:00,3.0204814814213767,0.0
2046-12-10 15:30:00,3.0204814814213767,0.0
2046-12-10 16:00:00,3.0204814814213767,0.0
2046-12-10 16:30:00,3.0204814814213767,0.0
2046-12-10 17:00:00,3.0204814814213767,0.0
2046-12-10 17:30:00,3.0204814814213767,0.0
2046-12-10 18:00:00,3.0204814814213767,0.0
2046-12-10 18:30:00,3.0204814814213767,0.0
2046-12-10 19:00:00,3.0204814814213767,0.0
2046-12-10 19:30:00,3.0204814814213767,0.0
2046-12-10 20:00:00,3.0204814814213767,0.0
2046-12-10 20:30:00,3.0204814814213767,0.0
2046-12-10 21:00:00,3.0204814814213767,-0.002183191451707799
2046-12-10 21:30:00,3.0204814814213767,0.0
2046-12-10 22:00:00,3.0204814814213767,0.0
2046-12-10 22:30:00,3.0204814814213767,0.0
2046-12-10 23:00:00,3.0204814814213767,0.0
2046-12-10 23:30:00,3.0204814814213767,-0.002183191451707799
2046-12-11 00:00:00,3.0204814814213767,0.0
2046-12-11 00:30:00,3.0204814814213767,0.0
2046-12-11 01:00:00,3.0204814814213767,0.0
2046-12-11 01:30:00,3.0204814814213767,0.0
2046-12-11 02:00:00,3.0204814814213767,0.0
2046-12-11 02:30:00,3.0204814814213767,0.0
2046-12-11 03:00:00,3.0204814814213767,0.0
2046-12-11 03:30:00,3.0204814814213767,0.0
2046-12-11 04:00:00,3.0204814814213767,0.0
2046-12-11 04:30:00,3.0204814814213767,0.0
2046-12-11 05:00:00,3.0204814814213767,0.0
2046-12-11 05:30:00,3.0204814814213767,0.0
2046-12-11 06:00:00,3.0204814814213767,0.0
2046-12-11 06:30:00,3.0204814814213767,0.0
2046-12-11 07:00:00,3.0204814814213767,0.0
2046-12-11 07:30:00,3.0204814814213767,0.0
2046-12-11 08:00:00,3.0204814814213767,0.0
2046-12-11 08:30:00,3.0204814814213767,0.0
2046-12-11 09:00:00,3.0204814814213767,0.0
2046-12-11 09:30:00,3.0204814814213767,0.0
2046-12-11 10:00:00,3.0204814814213767,0.0
2046-12-11 10:30:00,3.0204814814213767,0.0
2046-12-11 11:00:00,3.0204814814213767,0.0
2046-12-11 11:30:00,3.0204814814213767,0.0
2046-12-11 12:00:00,3.0204814814213767,0.0
2046-12-11 12:30:00,3.0204814814213767,0.0
2046-12-11 13:00:00,3.0204814814213767,0.0
2046-12-11 13:30:00,3.0204814814213767,0.0
2046-12-11 14:00:00,3.0204814814213767,0.0
2046-12-11 14:30:00,3.0204814814213767,0.0
2046-12-11 15:00:00,3.0204814814213767,0.0
2046-12-11 15:30:00,3.0204814814213767,0.0
2046-12-11 16:00:00,3.0204814814213767,0.0
2046-12-11 16:30:00,3.0204814814213767,0.0
2046-12-11 17:00:00,3.0204814814213767,0.0
2046-12-11 17:30:00,3.0204814814213767,0.0
2046-12-11 18:00:00,3.0204814814213767,0.0
2046-12-11 18:30:00,3.0204814814213767,0.0
2046-12-11 19:00:00,3.0204814814213767,0.0
2046-12-11 19:30:00,3.0204814814213767,0.0
2046-12-11 20:00:00,3.0204814814213767,0.0
2046-12-11 20:30:00,3.0204814814213767,0.0
2046-12-11 21:00:00,3.0204814814213767,0.0
2046-12-11 21:30:00,3.0204814814213767,0.0
2046-12-11 22:00:00,3.0204814814213767,0.0
2046-12-11 22:30:00,3.0204814814213767,0.0
2046-12-11 23:00:00,3.0204814814213767,0.0
2046-12-11 23:30:00,3.0204814814213767,0.0
2046-12-12 00:00:00,3.0204814814213767,0.0
2046-12-12 00:30:00,3.0204814814213767,0.0
2046-12-12 01:00:00,3.0204814814213767,0.0
2046-12-12 01:30:00,3.0204814814213767,0.0
2046-12-12 02:00:00,3.0204814814213767,0.0
2046-12-12 02:30:00,3.0204814814213767,0.0
2046-12-12 03:00:00,3.0204814814213767,0.0
2046-12-12 03:30:00,3.0204814814213767,0.0
2046-12-12 04:00:00,3.0204814814213767,0.0
2046-12-12 04:30:00,3.0204814814213767,0.0
2046-12-12 05:00:00,3.0204814814213767,0.0
2046-12-12 05:30:00,3.0204814814213767,0.0
2046-12-12 06:00:00,3.0204814814213767,0.0
2046-12-12 06:30:00,3.0204814814213767,0.0
2046-12-12 07:00:00,3.0204814814213767,0.0
2046-12-12 07:30:00,3.0204814814213767,0.0
2046-12-12 08:00:00,3.0204814814213767,0.0
2046-12-12 08:30:00,3.0204814814213767,0.0
2046-12-12 09:00:00,3.0204814814213767,0.0
2046-12-12 09:30:00,3.0204814814213767,0.0
2046-12-12 10:00:00,3.0204814814213767,0.0
2046-12-12 10:30:00,3.0204814814213767,0.0
2046-12-12 11:00:00,3.0204814814213767,0.0
2046-12-12 11:30:00,3.0204814814213767,0.0
2046-12-12 12:00:00,3.0204814814213767,0.0
2046-12-12 12:30:00,3.0204814814213767,0.0
2046-12-12 13:00:00,3.0204814814213767,0.0
2046-12-12 13:30:00,3.0204814814213767,0.0
2046-12-12 14:00:00,3.0204814814213767,0.0
2046-12-12 14:30:00,3.0204814814213767,0.0
2046-12-12 15:00:00,3.0204814814213767,0.0
2046-12-12 15:30:00,3.0204814814213767,0.0
2046-12-12 16:00:00,3.0204814814213767,0.0
2046-12-12 16:30:00,3.0204814814213767,0.0
2046-12-12 17:00:00,3.0204814814213767,0.0
2046-12-12 17:30:00,3.0204814814213767,0.0
2046-12-12 18:00:00,3.0204814814213767,0.0
2046-12-12 18:30:00,3.0204814814213767,0.0
2046-12-12 19:00:00,3.0204814814213767,0.0
2046-12-12 19:30:00,3.0204814814213767,0.0
2046-12-12 20:00:00,3.0204814814213767,0.0
2046-12-12 20:30:00,3.0204814814213767,0.0
2046-12-12 21:00:00,3.0204814814213767,0.0
2046-12-12 21:30:00,3.0204814814213767,0.0
2046-12-12 22:00:00,3.0204814814213767,0.0
2046-12-12 22:30:00,3.0204814814213767,0.0
2046-12-12 23:00:00,3.0204814814213767,0.0
2046-12-12 23:30:00,3.0204814814213767,0.0
2046-12-13 00:00:00,3.0204814814213767,0.0
2046-12-13 00:30:00,3.0204814814213767,0.0
2046-12-13 01:00:00,3.0204814814213767,0.0
2046-12-13 01:30:00,3.0204814814213767,0.0
2046-12-13 02:00:00,3.0204814814213767,0.0
2046-12-13 02:30:00,3.0204814814213767,0.0
2046-12-13 03:00:00,3.0204814814213767,0.0
2046-12-13 03:30:00,3.0204814814213767,0.0
2046-12-13 04:00:00,3.0204814814213767,0.0
2046-12-13 04:30:00,3.0204814814213767,0.0
2046-12-13 05:00:00,3.0204814814213767,0.0
2046-12-13 05:30:00,3.0204814814213767,0.0
2046-12-13 06:00:00,3.0204814814213767,0.0
2046-12-13 06:30:00,3.0204814814213767,0.0
2046-12-13 07:00:00,3.0204814814213767,0.0
2046-12-13 07:30:00,3.0204814814213767,0.0
2046-12-13 08:00:00,3.0204814814213767,0.0
2046-12-13 08:30:00,3.0204814814213767,0.0
2046-12-13 09:00:00,3.0204814814213767,0.0
2046-12-13 09:30:00,3.0204814814213767,0.0
2046-12-13 10:00:00,3.0204814814213767,0.0
2046-12-13 10:30:00,3.0204814814213767,0.0
2046-12-13 11:00:00,3.0204814814213767,0.0
2046-12-13 11:30:00,3.0204814814213767,0.0
2046-12-13 12:00:00,3.0204814814213767,0.0
2046-12-13 12:30:00,3.0204814814213767,0.0
2046-12-13 13:00:00,3.0204814814213767,0.0
2046-12-13 13:30:00,3.0204814814213767,0.0
2046-12-13 14:00:00,3.0204814814213767,0.0
2046-12-13 14:30:00,3.0204814814213767,0.0
2046-12-13 15:00:00,3.0204814814213767,0.0
2046-12-13 15:30:00,3.0204814814213767,0.0
2046-12-13 16:00:00,3.0204814814213767,0.0
2046-12-13 16:30:00,3.0204814814213767,0.0
2046-12-13 17:00:00,3.0204814814213767,0.0
2046-12-13 17:30:00,3.0204814814213767,0.0
2046-12-13 18:00:00,3.0204814814213767,0.0
2046-12-13 18:30:00,3.0204814814213767,0.0
2046-12-13 19:00:00,3.0204814814213767,0.0
2046-12-13 19:30:00,3.0204814814213767,0.0
2046-12-13 20:00:00,3.0204814814213767,0.0
2046-12-13 20:30:00,3.0204814814213767,0.0
2046-12-13 21:00:00,3.0204814814213767,0.0
2046-12-13 21:30:00,3.0204814814213767,0.0
2046-12-13 22:00:00,3.0204814814213767,0.0
2046-12-13 22:30:00,3.0204814814213767,0.0
2046-12-13 23:00:00,3.0204814814213767,0.0
2046-12-13 23:30:00,3.0204814814213767,0.0
2046-12-14 00:00:00,3.0204814814213767,0.0
2046-12-14 00:30:00,3.0204814814213767,0.0
2046-12-14 01:00:00,3.0204814814213767,0.0
2046-12-14 01:30:00,3.0204814814213767,0.0
2046-12-14 02:00:00,3.0204814814213767,0.0
2046-12-14 02:30:00,3.0204814814213767,0.014213486013661115
2046-12-14 03:00:00,3.0127567607617722,0.0
2046-12-14 03:30:00,3.0127567607617722,0.014213486013661115
2046-12-14 04:00:00,3.0050320401021677,0.0
2046-12-14 04:30:00,3.0050320401021677,0.0
2046-12-14 05:00:00,3.0050320401021677,0.0
2046-12-14 05:30:00,3.0050320401021677,0.0
2046-12-14 06:00:00,3.0050320401021677,0.0
2046-12-14 06:30:00,3.0050320401021677,0.0
2046-12-14 07:00:00,3.0050320401021677,0.0
2046-12-14 07:30:00,3.0050320401021677,0.0
2046-12-14 08:00:00,3.0050320401021677,0.0
2046-12-14 08:30:00,3.0050320401021677,0.0
2046-12-14 09:00:00,3.0050320401021677,0.0
2046-12-14 09:30:00,3.0050320401021677,0.0
2046-12-14 10:00:00,3.0050320401021677,0.0
2046-12-14 10:30:00,3.0050320401021677,0.0
2046-12-14 11:00:00,3.0050320401021677,0.0
2046-12-14 11:30:00,3.0050320401021677,0.014213486013661115
2046-12-14 12:00:00,2.9973073194425632,0.0
2046-12-14 12:30:00,2.9973073194425632,0.0
2046-12-14 13:00:00,2.9973073194425632,0.014213486013661115
2046-12-14 13:30:00,2.9895825987829587,0.0
2046-12-14 14:00:00,2.9895825987829587,0.0
2046-12-14 14:30:00,2.9895825987829587,0.014213486013661115
2046-12-14 15:00:00,2.9818578781233542,0.014213486013661115
2046-12-14 15:30:00,2.9741331574637497,0.014213486013661115
2046-12-14 16:00:00,2.9664084368041452,0.0
2046-12-14 16:30:00,2.9664084368041452,0.014213486013661115
2046-12-14 17:00:00,2.9586837161445407,0.014213486013661115
2046-12-14 17:30:00,2.9509589954849362,0.014213486013661115
2046-12-14 18:00:00,2.9432342748253317,0.0
2046-12-14 18:30:00,2.9432342748253317,0.014213486013661115
2046-12-14 19:00:00,2.9355095541657272,0.014213486013661115
2046-12-14 19:30:00,2.9277848335061227,0.014213486013661115
2046-12-14 20:00:00,2.9200601128465182,0.0
2046-12-14 20:30:00,2.9200601128465182,0.014213486013661115
2046-12-14 21:00:00,2.9123353921869137,0.014213486013661115
2046-12-14 21:30:00,2.9046106715273092,0.0
2046-12-14 22:00:00,2.9046106715273092,0.0
2046-12-14 22:30:00,2.9046106715273092,0.0
2046-12-14 23:00:00,2.9046106715273092,0.014213486013661115
2046-12-14 23:30:00,2.8968859508677047,0.0
2046-12-15 00:00:00,2.8968859508677047,0.0
2046-12-15 00:30:00,2.8968859508677047,0.014213486013661115
2046-12-15 01:00:00,2.8891612302081002,0.014213486013661115
2046-12-15 01:30:00,2.8814365095484957,0.0
2046-12-15 02:00:00,2.8814365095484957,0.0
2046-12-15 02:30:00,2.8814365095484957,0.014213486013661115
2046-12-15 03:00:00,2.8737117888888912,0.0
2046-12-15 03:30:00,2.8737117888888912,0.0
2046-12-15 04:00:00,2.8737117888888912,0.0
2046-12-15 04:30:00,2.8737117888888912,0.0
2046-12-15 05:00:00,2.8737117888888912,0.0
2046-12-15 05:30:00,2.8737117888888912,0.0
2046-12-15 06:00:00,2.8737117888888912,0.0
2046-12-15 06:30:00,2.8737117888888912,0.0
2046-12-15 07:00:00,2.8737117888888912,0.0
2046-12-15 07:30:00,2.8737117888888912,0.0
2046-12-15 08:00:00,2.8737117888888912,0.0
2046-12-15 08:30:00,2.8737117888888912,0.014213486013661115
2046-12-15 09:00:00,2.8659870682292867,0.0
2046-12-15 09:30:00,2.8659870682292867,0.0
2046-12-15 10:00:00,2.8659870682292867,0.0
2046-12-15 10:30:00,2.8659870682292867,-0.014213486013661115
2046-12-15 11:00:00,2.872525271795571,-0.014213486013661115
2046-12-15 11:30:00,2.879063475361855,-0.014213486013661115
2046-12-15 12:00:00,2.8856016789281393,-0.014213486013661115
2046-12-15 12:30:00,2.8921398824944236,-0.014213486013661115
2046-12-15 13:00:00,2.8986780860607078,-0.014213486013661115
2046-12-15 13:30:00,2.905216289626992,-0.014213486013661115
2046-12-15 14:00:00,2.911754493193276,-0.014213486013661115
2046-12-15 14:30:00,2.9182926967595604,-0.014213486013661115
2046-12-15 15:00:00,2.9248309003258446,-0.014213486013661115
2046-12-15 15:30:00,2.931369103892129,-0.014213486013661115
2046-12-15 16:00:00,2.937907307458413,-0.014213486013661115
2046-12-15 16:30:00,2.944445511024697,-0.014213486013661115
2046-12-15 17:00:00,2.9509837145909814,-0.014213486013661115
2046-12-15 17:30:00,2.9575219181572656,-0.014213486013661115
2046-12-15 18:00:00,2.96406012172355,0.0
2046-12-15 18:30:00,2.96406012172355,0.0
2046-12-15 19:00:00,2.96406012172355,0.0
2046-12-15 19:30:00,2.96406012172355,0.0
2046-12-15 20:00:00,2.96406012172355,0.0
2046-12-15 20:30:00,2.96406012172355,0.0
2046-12-15 21:00:00,2.96406012172355,0.0
2046-12-15 21:30:00,2.96406012172355,0.0
2046-12-15 22:00:00,2.96406012172355,0.0
2046-12-15 22:30:00,2.96406012172355,0.0
2046-12-15 23:00:00,2.96406012172355,0.0
2046-12-15 23:30:00,2.96406012172355,0.0
2046-12-16 00:00:00,2.96406012172355,0.0
2046-12-16 00:30:00,2.96406012172355,0.0
2046-12-16 01:00:00,2.96406012172355,0.0
2046-12-16 01:30:00,2.96406012172355,0.0
2046-12-16 02:00:00,2.96406012172355,0.0
2046-12-16 02:30:00,2.96406012172355,0.0
2046-12-16 03:00:00,2.96406012172355,0.0
2046-12-16 03:30:00,2.96406012172355,0.0
2046-12-16 04:00:00,2.96406012172355,0.0
2046-12-16 04:30:00,2.96406012172355,0.0
2046-12-16 05:00:00,2.96406012172355,0.0
2046-12-16 05:30:00,2.96406012172355,-0.014213486013661115
2046-12-16 06:00:00,2.970598325289834,0.0
2046-12-16 06:30:00,2.970598325289834,-0.008947241668594045
2046-12-16 07:00:00,2.9747140564573873,-0.014213486013661115
2046-12-16 07:30:00,2.9812522600236715,-0.014213486013661115
2046-12-16 08:00:00,2.9877904635899557,-0.014213486013661115
2046-12-16 08:30:00,2.99432866715624,-0.014213486013661115
2046-12-16 09:00:00,3.000866870722524,-0.014213486013661115
2046-12-16 09:30:00,3.0074050742888083,-0.014213486013661115
2046-12-16 10:00:00,3.0139432778550925,-0.014213486013661115
2046-12-16 10:30:00,3.0204814814213767,0.0
2046-12-16 11:00:00,3.0204814814213767,0.0
2046-12-16 11:30:00,3.0204814814213767,0.0
2046-12-16 12:00:00,3.0204814814213767,0.0
2046-12-16 12:30:00,3.0204814814213767,0.0
2046-12-16 13:00:00,3.0204814814213767,0.0
2046-12-16 13:30:00,3.0204814814213767,0.0
2046-12-16 14:00:00,3.0204814814213767,0.0
2046-12-16 14:30:00,3.0204814814213767,0.0
2046-12-16 15:00:00,3.0204814814213767,0.0
2046-12-16 15:30:00,3.0204814814213767,0.0
2046-12-16 16:00:00,3.0204814814213767,0.0
2046-12-16 16:30:00,3.0204814814213767,0.0
2046-12-16 17:00:00,3.0204814814213767,0.0
2046-12-16 17:30:00,3.0204814814213767,0.0
2046-12-16 18:00:00,3.0204814814213767,0.0
2046-12-16 18:30:00,3.0204814814213767,0.0
2046-12-16 19:00:00,3.0204814814213767,0.0
2046-12-16 19:30:00,3.0204814814213767,0.0
2046-12-16 20:00:00,3.0204814814213767,0.0
2046-12-16 20:30:00,3.0204814814213767,0.0
2046-12-16 21:00:00,3.0204814814213767,0.0
2046-12-16 21:30:00,3.0204814814213767,0.0
2046-12-16 22:00:00,3.0204814814213767,0.0
2046-12-16 22:30:00,3.0204814814213767,0.0
2046-12-16 23:00:00,3.0204814814213767,0.0
2046-12-16 23:30:00,3.0204814814213767,0.0
2046-12-17 00:00:00,3.0204814814213767,0.0
2046-12-17 00:30:00,3.0204814814213767,0.0
2046-12-17 01:00:00,3.0204814814213767,0.0
2046-12-17 01:30:00,3.0204814814213767,0.0
2046-12-17 02:00:00,3.0204814814213767,0.014213486013661115
2046-12-17 02:30:00,3.0127567607617722,0.014213486013661115
2046-12-17 03:00:00,3.0050320401021677,0.014213486013661115
2046-12-17 03:30:00,2.9973073194425632,0.0
2046-12-17 04:00:00,2.9973073194425632,0.014213486013661115
2046-12-17 04:30:00,2.9895825987829587,0.014213486013661115
2046-12-17 05:00:00,2.9818578781233542,0.0
2046-12-17 05:30:00,2.9818578781233542,0.014213486013661115
2046-12-17 06:00:00,2.9741331574637497,0.014213486013661115
2046-12-17 06:30:00,2.9664084368041452,0.0
2046-12-17 07:00:00,2.9664084368041452,0.0
2046-12-17 07:30:00,2.9664084368041452,-0.014213486013661115
2046-12-17 08:00:00,2.9729466403704294,-0.014213486013661115
2046-12-17 08:30:00,2.9794848439367136,-0.014213486013661115
2046-12-17 09:00:00,2.986023047502998,-0.014213486013661115
2046-12-17 09:30:00,2.992561251069282,-0.014213486013661115
2046-12-17 10:00:00,2.9990994546355663,-0.014213486013661115
2046-12-17 10:30:00,3.0056376582018505,-0.014213486013661115
2046-12-17 11:00:00,3.0121758617681347,-0.014213486013661115
2046-12-17 11:30:00,3.018714065334419,-0.0038422088846909812
2046-12-17 12:00:00,3.0204814814213767,0.0
2046-12-17 12:30:00,3.0204814814213767,0.0
2046-12-17 13:00:00,3.0204814814213767,0.0
2046-12-17 13:30:00,3.0204814814213767,0.0
2046-12-17 14:00:00,3.0204814814213767,0.0
2046-12-17 14:30:00,3.0204814814213767,0.0
2046-12-17 15:00:00,3.0204814814213767,0.0
2046-12-17 15:30:00,3.0204814814213767,0.0
2046-12-17 16:00:00,3.0204814814213767,0.0
2046-12-17 16:30:00,3.0204814814213767,0.0
2046-12-17 17:00:00,3.0204814814213767,0.0
2046-12-17 17:30:00,3.0204814814213767,0.0
2046-12-17 18:00:00,3.0204814814213767,0.0
2046-12-17 18:30:00,3.0204814814213767,0.0
2046-12-17 19:00:00,3.0204814814213767,0.0
2046-12-17 19:30:00,3.0204814814213767,0.0
2046-12-17 20:00:00,3.0204814814213767,0.0
2046-12-17 20:30:00,3.0204814814213767,0.0
2046-12-17 21:00:00,3.0204814814213767,0.0
2046-12-17 21:30:00,3.0204814814213767,0.0
2046-12-17 22:00:00,3.0204814814213767,0.0
2046-12-17 22:30:00,3.0204814814213767,0.0
2046-12-17 23:00:00,3.0204814814213767,0.0
2046-12-17 23:30:00,3.0204814814213767,0.014213486013661115
2046-12-18 00:00:00,3.0127567607617722,0.0
2046-12-18 00:30:00,3.0127567607617722,0.0
2046-12-18 01:00:00,3.0127567607617722,0.014213486013661115
2046-12-18 01:30:00,3.0050320401021677,0.0
2046-12-18 02:00:00,3.0050320401021677,0.014213486013661115
2046-12-18 02:30:00,2.9973073194425632,0.0
2046-12-18 03:00:00,2.9973073194425632,0.0
2046-12-18 03:30:00,2.9973073194425632,0.014213486013661115
2046-12-18 04:00:00,2.9895825987829587,0.0
2046-12-18 04:30:00,2.9895825987829587,0.001984673829663852
2046-12-18 05:00:00,2.988503971701619,0.014213486013661115
2046-12-18 05:30:00,2.9807792510420144,0.014213486013661115
2046-12-18 06:00:00,2.97305453038241,0.0
2046-12-18 06:30:00,2.97305453038241,0.0
2046-12-18 07:00:00,2.97305453038241,0.0
2046-12-18 07:30:00,2.97305453038241,0.0
2046-12-18 08:00:00,2.97305453038241,-0.014213486013661115
2046-12-18 08:30:00,2.979592733948694,-0.014213486013661115
2046-12-18 09:00:00,2.9861309375149783,-0.014213486013661115
2046-12-18 09:30:00,2.9926691410812625,-0.014213486013661115
2046-12-18 10:00:00,2.9992073446475467,-0.014213486013661115
2046-12-18 10:30:00,3.005745548213831,-0.014213486013661115
2046-12-18 11:00:00,3.012283751780115,-0.014213486013661115
2046-12-18 11:30:00,3.0188219553463993,-0.003607665380385729
2046-12-18 12:00:00,3.0204814814213767,0.0
2046-12-18 12:30:00,3.0204814814213767,0.0
2046-12-18 13:00:00,3.0204814814213767,0.0
2046-12-18 13:30:00,3.0204814814213767,0.0
2046-12-18 14:00:00,3.0204814814213767,0.0
2046-12-18 14:30:00,3.0204814814213767,0.0
2046-12-18 15:00:00,3.0204814814213767,0.0
2046-12-18 15:30:00,3.0204814814213767,0.0
2046-12-18 16:00:00,3.0204814814213767,0.0
2046-12-18 16:30:00,3.0204814814213767,0.0
2046-12-18 17:00:00,3.0204814814213767,0.0
2046-12-18 17:30:00,3.0204814814213767,0.0
2046-12-18 18:00:00,3.0204814814213767,0.0
2046-12-18 18:30:00,3.0204814814213767,0.0
2046-12-18 19:00:00,3.0204814814213767,0.014213486013661115
2046-12-18 19:30:00,3.0127567607617722,0.0
2046-12-18 20:00:00,3.0127567607617722,0.009847103110245722
2046-12-18 20:30:00,3.0074050742888083,0.0
2046-12-18 21:00:00,3.0074050742888083,0.0
2046-12-18 21:30:00,3.0074050742888083,0.0
2046-12-18 22:00:00,3.0074050742888083,0.0
2046-12-18 22:30:00,3.0074050742888083,0.0
2046-12-18 23:00:00,3.0074050742888083,0.0
2046-12-18 23:30:00,3.0074050742888083,0.0
2046-12-19 00:00:00,3.0074050742888083,0.0
2046-12-19 00:30:00,3.0074050742888083,0.0
2046-12-19 01:00:00,3.0074050742888083,0.0
2046-12-19 01:30:00,3.0074050742888083,0.0
2046-12-19 02:00:00,3.0074050742888083,0.0
2046-12-19 02:30:00,3.0074050742888083,0.0
2046-12-19 03:00:00,3.0074050742888083,0.0
2046-12-19 03:30:00,3.0074050742888083,0.0
2046-12-19 04:00:00,3.0074050742888083,0.0
2046-12-19 04:30:00,3.0074050742888083,0.0
2046-12-19 05:00:00,3.0074050742888083,0.0
2046-12-19 05:30:00,3.0074050742888083,-0.014213486013661115
2046-12-19 06:00:00,3.0139432778550925,-0.014213486013661115
2046-12-19 06:30:00,3.0204814814213767,0.0
2046-12-19 07:00:00,3.0204814814213767,0.0
2046-12-19 07:30:00,3.0204814814213767,0.0
2046-12-19 08:00:00,3.0204814814213767,0.004997178332950778
2046-12-19 08:30:00,3.0177656236317274,0.00218910297399999
2046-12-19 09:00:00,3.0165758937545526,0.0
2046-12-19 09:30:00,3.0165758937545526,-0.008490407971356344
2046-12-19 10:00:00,3.0204814814213767,0.0
2046-12-19 10:30:00,3.0204814814213767,0.0
2046-12-19 11:00:00,3.0204814814213767,0.0
2046-12-19 11:30:00,3.0204814814213767,0.0
2046-12-19 12:00:00,3.0204814814213767,0.0
2046-12-19 12:30:00,3.0204814814213767,0.0
2046-12-19 13:00:00,3.0204814814213767,0.0
2046-12-19 13:30:00,3.0204814814213767,0.0
2046-12-19 14:00:00,3.0204814814213767,0.0
2046-12-19 14:30:00,3.0204814814213767,0.0
2046-12-19 15:00:00,3.0204814814213767,0.0
2046-12-19 15:30:00,3.0204814814213767,0.0
2046-12-19 16:00:00,3.0204814814213767,0.0
2046-12-19 16:30:00,3.0204814814213767,0.0
2046-12-19 17:00:00,3.0204814814213767,0.0
2046-12-19 17:30:00,3.0204814814213767,0.0
2046-12-19 18:00:00,3.0204814814213767,0.0
2046-12-19 18:30:00,3.0204814814213767,0.0
2046-12-19 19:00:00,3.0204814814213767,0.0
2046-12-19 19:30:00,3.0204814814213767,0.0
2046-12-19 20:00:00,3.0204814814213767,0.0
2046-12-19 20:30:00,3.0204814814213767,0.0
2046-12-19 21:00:00,3.0204814814213767,0.0
2046-12-19 21:30:00,3.0204814814213767,0.012030294561953316
2046-12-19 22:00:00,3.0139432778550925,0.0
2046-12-19 22:30:00,3.0139432778550925,0.0
2046-12-19 23:00:00,3.0139432778550925,-0.014213486013661115
2046-12-19 23:30:00,3.0204814814213767,0.0
2046-12-20 00:00:00,3.0204814814213767,0.0
2046-12-20 00:30:00,3.0204814814213767,0.0
2046-12-20 01:00:00,3.0204814814213767,0.0
2046-12-20 01:30:00,3.0204814814213767,0.0
2046-12-20 02:00:00,3.0204814814213767,0.0
2046-12-20 02:30:00,3.0204814814213767,0.0
2046-12-20 03:00:00,3.0204814814213767,0.0
2046-12-20 03:30:00,3.0204814814213767,0.0
2046-12-20 04:00:00,3.0204814814213767,0.0
2046-12-20 04:30:00,3.0204814814213767,0.0
2046-12-20 05:00:00,3.0204814814213767,0.0
2046-12-20 05:30:00,3.0204814814213767,0.0
2046-12-20 06:00:00,3.0204814814213767,0.0
2046-12-20 06:30:00,3.0204814814213767,0.0
2046-12-20 07:00:00,3.0204814814213767,0.0
2046-12-20 07:30:00,3.0204814814213767,0.0
2046-12-20 08:00:00,3.0204814814213767,0.0
2046-12-20 08:30:00,3.0204814814213767,0.0
2046-12-20 09:00:00,3.0204814814213767,0.0
2046-12-20 09:30:00,3.0204814814213767,0.0
2046-12-20 10:00:00,3.0204814814213767,0.0
2046-12-20 10:30:00,3.0204814814213767,0.0
2046-12-20 11:00:00,3.0204814814213767,0.0
2046-12-20 11:30:00,3.0204814814213767,0.0
2046-12-20 12:00:00,3.0204814814213767,0.0
2046-12-20 12:30:00,3.0204814814213767,0.0
2046-12-20 13:00:00,3.0204814814213767,0.0
2046-12-20 13:30:00,3.0204814814213767,0.0
2046-12-20 14:00:00,3.0204814814213767,0.0
2046-12-20 14:30:00,3.0204814814213767,0.0
2046-12-20 15:00:00,3.0204814814213767,0.0
2046-12-20 15:30:00,3.0204814814213767,0.0
2046-12-20 16:00:00,3.0204814814213767,0.0
2046-12-20 16:30:00,3.0204814814213767,0.0
2046-12-20 17:00:00,3.0204814814213767,0.0
2046-12-20 17:30:00,3.0204814814213767,0.0
2046-12-20 18:00:00,3.0204814814213767,0.0
2046-12-20 18:30:00,3.0204814814213767,0.0
2046-12-20 19:00:00,3.0204814814213767,0.0
2046-12-20 19:30:00,3.0204814814213767,0.0
2046-12-20 20:00:00,3.0204814814213767,0.0
2046-12-20 20:30:00,3.0204814814213767,0.0
2046-12-20 21:00:00,3.0204814814213767,0.0
2046-12-20 21:30:00,3.0204814814213767,0.0
2046-12-20 22:00:00,3.0204814814213767,0.0
2046-12-20 22:30:00,3.0204814814213767,0.0
2046-12-20 23:00:00,3.0204814814213767,0.0
2046-12-20 23:30:00,3.0204814814213767,0.0
2046-12-21 00:00:00,3.0204814814213767,0.0
2046-12-21 00:30:00,3.0204814814213767,0.0
2046-12-21 01:00:00,3.0204814814213767,0.0
2046-12-21 01:30:00,3.0204814814213767,0.0
2046-12-21 02:00:00,3.0204814814213767,0.014213486013661115
2046-12-21 02:30:00,3.0127567607617722,0.0
2046-12-21 03:00:00,3.0127567607617722,0.014213486013661115
2046-12-21 03:30:00,3.0050320401021677,0.0
2046-12-21 04:00:00,3.0050320401021677,0.0076639116585381275
2046-12-21 04:30:00,3.000866870722524,0.0
2046-12-21 05:00:00,3.000866870722524,0.0
2046-12-21 05:30:00,3.000866870722524,0.0
2046-12-21 06:00:00,3.000866870722524,0.0
2046-12-21 06:30:00,3.000866870722524,0.0
2046-12-21 07:00:00,3.000866870722524,0.0
2046-12-21 07:30:00,3.000866870722524,-0.014213486013661115
2046-12-21 08:00:00,3.0074050742888083,-0.014213486013661115
2046-12-21 08:30:00,3.0139432778550925,-0.014213486013661115
2046-12-21 09:00:00,3.0204814814213767,0.0
2046-12-21 09:30:00,3.0204814814213767,0.0
2046-12-21 10:00:00,3.0204814814213767,0.0
2046-12-21 10:30:00,3.0204814814213767,0.0
2046-12-21 11:00:00,3.0204814814213767,0.0
2046-12-21 11:30:00,3.0204814814213767,0.0
2046-12-21 12:00:00,3.0204814814213767,0.0
2046-12-21 12:30:00,3.0204814814213767,0.0
2046-12-21 13:00:00,3.0204814814213767,0.0
2046-12-21 13:30:00,3.0204814814213767,0.0
2046-12-21 14:00:00,3.0204814814213767,0.0
2046-12-21 14:30:00,3.0204814814213767,0.0
2046-12-21 15:00:00,3.0204814814213767,0.0
2046-12-21 15:30:00,3.0204814814213767,0.0
2046-12-21 16:00:00,3.0204814814213767,0.0
2046-12-21 16:30:00,3.0204814814213767,0.0
2046-12-21 17:00:00,3.0204814814213767,0.0
2046-12-21 17:30:00,3.0204814814213767,0.0
2046-12-21 18:00:00,3.0204814814213767,0.0
2046-12-21 18:30:00,3.0204814814213767,0.0
2046-12-21 19:00:00,3.0204814814213767,0.0
2046-12-21 19:30:00,3.0204814814213767,0.0
2046-12-21 20:00:00,3.0204814814213767,0.014213486013661115
2046-12-21 20:30:00,3.0127567607617722,0.014213486013661115
2046-12-21 21:00:00,3.0050320401021677,0.0
2046-12-21 21:30:00,3.0050320401021677,0.0
2046-12-21 22:00:00,3.0050320401021677,0.0
2046-12-21 22:30:00,3.0050320401021677,0.0
2046-12-21 23:00:00,3.0050320401021677,0.0
2046-12-21 23:30:00,3.0050320401021677,0.005480720206830533
2046-12-22 00:00:00,3.0020533878158444,0.0
2046-12-22 00:30:00,3.0020533878158444,0.0
2046-12-22 01:00:00,3.0020533878158444,0.0
2046-12-22 01:30:00,3.0020533878158444,0.0
2046-12-22 02:00:00,3.0020533878158444,0.0
2046-12-22 02:30:00,3.0020533878158444,0.0
2046-12-22 03:00:00,3.0020533878158444,0.0
2046-12-22 03:30:00,3.0020533878158444,0.0
2046-12-22 04:00:00,3.0020533878158444,0.014213486013661115
2046-12-22 04:30:00,2.99432866715624,0.0
2046-12-22 05:00:00,2.99432866715624,0.0
2046-12-22 05:30:00,2.99432866715624,0.0
2046-12-22 06:00:00,2.99432866715624,0.0
2046-12-22 06:30:00,2.99432866715624,0.0
2046-12-22 07:00:00,2.99432866715624,-0.014213486013661115
2046-12-22 07:30:00,3.000866870722524,-0.014213486013661115
2046-12-22 08:00:00,3.0074050742888083,-0.014213486013661115
2046-12-22 08:30:00,3.0139432778550925,-0.014213486013661115
2046-12-22 09:00:00,3.0204814814213767,0.0
2046-12-22 09:30:00,3.0204814814213767,0.0
2046-12-22 10:00:00,3.0204814814213767,0.0
2046-12-22 10:30:00,3.0204814814213767,0.0
2046-12-22 11:00:00,3.0204814814213767,0.0
2046-12-22 11:30:00,3.0204814814213767,0.0
2046-12-22 12:00:00,3.0204814814213767,0.0
2046-12-22 12:30:00,3.0204814814213767,0.0
2046-12-22 13:00:00,3.0204814814213767,0.0
2046-12-22 13:30:00,3.0204814814213767,0.0
2046-12-22 14:00:00,3.0204814814213767,0.0
2046-12-22 14:30:00,3.0204814814213767,0.0
2046-12-22 15:00:00,3.0204814814213767,0.0
2046-12-22 15:30:00,3.0204814814213767,0.0
2046-12-22 16:00:00,3.0204814814213767,0.0
2046-12-22 16:30:00,3.0204814814213767,0.0
2046-12-22 17:00:00,3.0204814814213767,0.0
2046-12-22 17:30:00,3.0204814814213767,0.0
2046-12-22 18:00:00,3.0204814814213767,0.0
2046-12-22 18:30:00,3.0204814814213767,0.0
2046-12-22 19:00:00,3.0204814814213767,0.014213486013661115
2046-12-22 19:30:00,3.0127567607617722,0.0
2046-12-22 20:00:00,3.0127567607617722,0.0
2046-12-22 20:30:00,3.0127567607617722,0.0
2046-12-22 21:00:00,3.0127567607617722,0.0
2046-12-22 21:30:00,3.0127567607617722,0.0
2046-12-22 22:00:00,3.0127567607617722,0.0
2046-12-22 22:30:00,3.0127567607617722,0.0
2046-12-22 23:00:00,3.0127567607617722,0.014213486013661115
2046-12-22 23:30:00,3.0050320401021677,0.0
2046-12-23 00:00:00,3.0050320401021677,0.0
2046-12-23 00:30:00,3.0050320401021677,0.005480720206830533
2046-12-23 01:00:00,3.0020533878158444,0.0
2046-12-23 01:30:00,3.0020533878158444,0.0
2046-12-23 02:00:00,3.0020533878158444,0.014213486013661115
2046-12-23 02:30:00,2.99432866715624,0.0
2046-12-23 03:00:00,2.99432866715624,0.0
2046-12-23 03:30:00,2.99432866715624,0.0
2046-12-23 04:00:00,2.99432866715624,0.0
2046-12-23 04:30:00,2.99432866715624,0.0
2046-12-23 05:00:00,2.99432866715624,0.0
2046-12-23 05:30:00,2.99432866715624,0.0
2046-12-23 06:00:00,2.99432866715624,0.0
2046-12-23 06:30:00,2.99432866715624,-0.014213486013661115
2046-12-23 07:00:00,3.000866870722524,-0.014213486013661115
2046-12-23 07:30:00,3.0074050742888083,-0.014213486013661115
2046-12-23 08:00:00,3.0139432778550925,-0.014213486013661115
2046-12-23 08:30:00,3.0204814814213767,0.0
2046-12-23 09:00:00,3.0204814814213767,0.0
2046-12-23 09:30:00,3.0204814814213767,0.0
2046-12-23 10:00:00,3.0204814814213767,0.0
2046-12-23 10:30:00,3.0204814814213767,0.0
2046-12-23 11:00:00,3.0204814814213767,0.0
2046-12-23 11:30:00,3.0204814814213767,0.0
2046-12-23 12:00:00,3.0204814814213767,0.0
2046-12-23 12:30:00,3.0204814814213767,0.0
2046-12-23 13:00:00,3.0204814814213767,0.0
2046-12-23 13:30:00,3.0204814814213767,0.0
2046-12-23 14:00:00,3.0204814814213767,0.0
2046-12-23 14:30:00,3.0204814814213767,0.0
2046-12-23 15:00:00,3.0204814814213767,0.0
2046-12-23 15:30:00,3.0204814814213767,0.0
2046-12-23 16:00:00,3.0204814814213767,0.0
2046-12-23 16:30:00,3.0204814814213767,0.0
2046-12-23 17:00:00,3.0204814814213767,0.014213486013661115
2046-12-23 17:30:00,3.0127567607617722,0.0
2046-12-23 18:00:00,3.0127567607617722,0.0
2046-12-23 18:30:00,3.0127567607617722,0.0
2046-12-23 19:00:00,3.0127567607617722,0.0
2046-12-23 19:30:00,3.0127567607617722,0.0
2046-12-23 20:00:00,3.0127567607617722,0.0
2046-12-23 20:30:00,3.0127567607617722,0.009847103110245722
2046-12-23 21:00:00,3.0074050742888083,0.0
2046-12-23 21:30:00,3.0074050742888083,0.0
2046-12-23 22:00:00,3.0074050742888083,0.0
2046-12-23 22:30:00,3.0074050742888083,0.0
2046-12-23 23:00:00,3.0074050742888083,0.0
2046-12-23 23:30:00,3.0074050742888083,0.0
2046-12-24 00:00:00,3.0074050742888083,0.0
2046-12-24 00:30:00,3.0074050742888083,0.0
2046-12-24 01:00:00,3.0074050742888083,0.0
2046-12-24 01:30:00,3.0074050742888083,0.0
2046-12-24 02:00:00,3.0074050742888083,0.0
2046-12-24 02:30:00,3.0074050742888083,0.0
2046-12-24 03:00:00,3.0074050742888083,0.0
2046-12-24 03:30:00,3.0074050742888083,0.0
2046-12-24 04:00:00,3.0074050742888083,0.0
2046-12-24 04:30:00,3.0074050742888083,0.0
2046-12-24 05:00:00,3.0074050742888083,0.0
2046-12-24 05:30:00,3.0074050742888083,0.0
2046-12-24 06:00:00,3.0074050742888083,0.0
2046-12-24 06:30:00,3.0074050742888083,-0.014213486013661115
2046-12-24 07:00:00,3.0139432778550925,-0.014213486013661115
2046-12-24 07:30:00,3.0204814814213767,0.0
2046-12-24 08:00:00,3.0204814814213767,0.0
2046-12-24 08:30:00,3.0204814814213767,0.0
2046-12-24 09:00:00,3.0204814814213767,0.0
2046-12-24 09:30:00,3.0204814814213767,0.0
2046-12-24 10:00:00,3.0204814814213767,0.0
2046-12-24 10:30:00,3.0204814814213767,0.0
2046-12-24 11:00:00,3.0204814814213767,0.0
2046-12-24 11:30:00,3.0204814814213767,0.0
2046-12-24 12:00:00,3.0204814814213767,0.0
2046-12-24 12:30:00,3.0204814814213767,0.0
2046-12-24 13:00:00,3.0204814814213767,0.0
2046-12-24 13:30:00,3.0204814814213767,0.0
2046-12-24 14:00:00,3.0204814814213767,0.0
2046-12-24 14:30:00,3.0204814814213767,0.0
2046-12-24 15:00:00,3.0204814814213767,0.0
2046-12-24 15:30:00,3.0204814814213767,0.0
2046-12-24 16:00:00,3.0204814814213767,0.0
2046-12-24 16:30:00,3.0204814814213767,0.0
2046-12-24 17:00:00,3.0204814814213767,0.0
2046-12-24 17:30:00,3.0204814814213767,0.0
2046-12-24 18:00:00,3.0204814814213767,0.0
2046-12-24 18:30:00,3.0204814814213767,0.0
2046-12-24 19:00:00,3.0204814814213767,0.0
2046-12-24 19:30:00,3.0204814814213767,0.0
2046-12-24 20:00:00,3.0204814814213767,0.0
2046-12-24 20:30:00,3.0204814814213767,0.0
2046-12-24 21:00:00,3.0204814814213767,0.0
2046-12-24 21:30:00,3.0204814814213767,0.0
2046-12-24 22:00:00,3.0204814814213767,0.0
2046-12-24 22:30:00,3.0204814814213767,0.0
2046-12-24 23:00:00,3.0204814814213767,0.0
2046-12-24 23:30:00,3.0204814814213767,0.0
2046-12-25 00:00:00,3.0204814814213767,0.0
2046-12-25 00:30:00,3.0204814814213767,0.0
2046-12-25 01:00:00,3.0204814814213767,0.0
2046-12-25 01:30:00,3.0204814814213767,0.0
2046-12-25 02:00:00,3.0204814814213767,0.0
2046-12-25 02:30:00,3.0204814814213767,0.0
2046-12-25 03:00:00,3.0204814814213767,0.0
2046-12-25 03:30:00,3.0204814814213767,0.0
2046-12-25 04:00:00,3.0204814814213767,0.0
2046-12-25 04:30:00,3.0204814814213767,0.0
2046-12-25 05:00:00,3.0204814814213767,0.0
2046-12-25 05:30:00,3.0204814814213767,0.0
2046-12-25 06:00:00,3.0204814814213767,0.0
2046-12-25 06:30:00,3.0204814814213767,0.0
2046-12-25 07:00:00,3.0204814814213767,0.0
2046-12-25 07:30:00,3.0204814814213767,0.0
2046-12-25 08:00:00,3.0204814814213767,0.0
2046-12-25 08:30:00,3.0204814814213767,0.0
2046-12-25 09:00:00,3.0204814814213767,0.0
2046-12-25 09:30:00,3.0204814814213767,0.0
2046-12-25 10:00:00,3.0204814814213767,0.0
2046-12-25 10:30:00,3.0204814814213767,0.0
2046-12-25 11:00:00,3.0204814814213767,0.0
2046-12-25 11:30:00,3.0204814814213767,0.0
2046-12-25 12:00:00,3.0204814814213767,0.0
2046-12-25 12:30:00,3.0204814814213767,0.0
2046-12-25 13:00:00,3.0204814814213767,0.0
2046-12-25 13:30:00,3.0204814814213767,0.0
2046-12-25 14:00:00,3.0204814814213767,0.0
2046-12-25 14:30:00,3.0204814814213767,0.0
2046-12-25 15:00:00,3.0204814814213767,0.0
2046-12-25 15:30:00,3.0204814814213767,0.0
2046-12-25 16:00:00,3.0204814814213767,0.0
2046-12-25 16:30:00,3.0204814814213767,0.0
2046-12-25 17:00:00,3.0204814814213767,0.0
2046-12-25 17:30:00,3.0204814814213767,0.0
2046-12-25 18:00:00,3.0204814814213767,0.0
2046-12-25 18:30:00,3.0204814814213767,0.0
2046-12-25 19:00:00,3.0204814814213767,0.0
2046-12-25 19:30:00,3.0204814814213767,0.0
2046-12-25 20:00:00,3.0204814814213767,0.0
2046-12-25 20:30:00,3.0204814814213767,0.0
2046-12-25 21:00:00,3.0204814814213767,0.0
2046-12-25 21:30:00,3.0204814814213767,0.0
2046-12-25 22:00:00,3.0204814814213767,0.0
2046-12-25 22:30:00,3.0204814814213767,0.0
2046-12-25 23:00:00,3.0204814814213767,0.0
2046-12-25 23:30:00,3.0204814814213767,0.0
2046-12-26 00:00:00,3.0204814814213767,0.0
2046-12-26 00:30:00,3.0204814814213767,0.0
2046-12-26 01:00:00,3.0204814814213767,0.012030294561953316
2046-12-26 01:30:00,3.0139432778550925,0.0
2046-12-26 02:00:00,3.0139432778550925,0.0
2046-12-26 02:30:00,3.0139432778550925,0.0
2046-12-26 03:00:00,3.0139432778550925,0.0
2046-12-26 03:30:00,3.0139432778550925,0.0
2046-12-26 04:00:00,3.0139432778550925,0.0
2046-12-26 04:30:00,3.0139432778550925,0.0
2046-12-26 05:00:00,3.0139432778550925,0.0
2046-12-26 05:30:00,3.0139432778550925,0.0
2046-12-26 06:00:00,3.0139432778550925,0.0
2046-12-26 06:30:00,3.0139432778550925,0.0
2046-12-26 07:00:00,3.0139432778550925,0.0
2046-12-26 07:30:00,3.0139432778550925,-0.014213486013661115
2046-12-26 08:00:00,3.0204814814213767,0.0
2046-12-26 08:30:00,3.0204814814213767,0.0
2046-12-26 09:00:00,3.0204814814213767,0.0
2046-12-26 09:30:00,3.0204814814213767,0.0
2046-12-26 10:00:00,3.0204814814213767,0.0
2046-12-26 10:30:00,3.0204814814213767,0.0
2046-12-26 11:00:00,3.0204814814213767,0.0
2046-12-26 11:30:00,3.0204814814213767,0.0
2046-12-26 12:00:00,3.0204814814213767,0.0
2046-12-26 12:30:00,3.0204814814213767,0.0
2046-12-26 13:00:00,3.0204814814213767,0.0
2046-12-26 13:30:00,3.0204814814213767,0.0
2046-12-26 14:00:00,3.0204814814213767,0.0
2046-12-26 14:30:00,3.0204814814213767,0.0
2046-12-26 15:00:00,3.0204814814213767,0.0
2046-12-26 15:30:00,3.0204814814213767,0.0
2046-12-26 16:00:00,3.0204814814213767,0.0
2046-12-26 16:30:00,3.0204814814213767,0.0
2046-12-26 17:00:00,3.0204814814213767,0.0
2046-12-26 17:30:00,3.0204814814213767,0.0
2046-12-26 18:00:00,3.0204814814213767,0.0
2046-12-26 18:30:00,3.0204814814213767,0.0
2046-12-26 19:00:00,3.0204814814213767,0.0
2046-12-26 19:30:00,3.0204814814213767,0.0
2046-12-26 20:00:00,3.0204814814213767,0.0
2046-12-26 20:30:00,3.0204814814213767,0.0
2046-12-26 21:00:00,3.0204814814213767,0.0
2046-12-26 21:30:00,3.0204814814213767,0.0
2046-12-26 22:00:00,3.0204814814213767,0.0
2046-12-26 22:30:00,3.0204814814213767,0.0
2046-12-26 23:00:00,3.0204814814213767,0.0
2046-12-26 23:30:00,3.0204814814213767,0.0
2046-12-27 00:00:00,3.0204814814213767,0.0
2046-12-27 00:30:00,3.0204814814213767,0.0011143373034153438
2046-12-27 01:00:00,3.019875863321694,0.0
2046-12-27 01:30:00,3.019875863321694,0.0
2046-12-27 02:00:00,3.019875863321694,0.0
2046-12-27 02:30:00,3.019875863321694,0.0
2046-12-27 03:00:00,3.019875863321694,0.014213486013661115
2046-12-27 03:30:00,3.0121511426620895,0.014213486013661115
2046-12-27 04:00:00,3.004426422002485,0.014213486013661115
2046-12-27 04:30:00,2.9967017013428805,0.014213486013661115
2046-12-27 05:00:00,2.988976980683276,0.0
2046-12-27 05:30:00,2.988976980683276,0.014213486013661115
2046-12-27 06:00:00,2.9812522600236715,0.0
2046-12-27 06:30:00,2.9812522600236715,0.0
2046-12-27 07:00:00,2.9812522600236715,0.0
2046-12-27 07:30:00,2.9812522600236715,-0.014213486013661115
2046-12-27 08:00:00,2.9877904635899557,-0.014213486013661115
2046-12-27 08:30:00,2.99432866715624,-0.014213486013661115
2046-12-27 09:00:00,3.000866870722524,-0.014213486013661115
2046-12-27 09:30:00,3.0074050742888083,-0.014213486013661115
2046-12-27 10:00:00,3.0139432778550925,-0.014213486013661115
2046-12-27 10:30:00,3.0204814814213767,0.0
2046-12-27 11:00:00,3.0204814814213767,0.0
2046-12-27 11:30:00,3.0204814814213767,0.0
2046-12-27 12:00:00,3.0204814814213767,0.0
2046-12-27 12:30:00,3.0204814814213767,0.0
2046-12-27 13:00:00,3.0204814814213767,0.0
2046-12-27 13:30:00,3.0204814814213767,0.0
2046-12-27 14:00:00,3.0204814814213767,0.0
2046-12-27 14:30:00,3.0204814814213767,0.0
2046-12-27 15:00:00,3.0204814814213767,0.0
2046-12-27 15:30:00,3.0204814814213767,0.0
2046-12-27 16:00:00,3.0204814814213767,0.0
2046-12-27 16:30:00,3.0204814814213767,0.0
2046-12-27 17:00:00,3.0204814814213767,0.0
2046-12-27 17:30:00,3.0204814814213767,0.0
2046-12-27 18:00:00,3.0204814814213767,0.0
2046-12-27 18:30:00,3.0204814814213767,0.0
2046-12-27 19:00:00,3.0204814814213767,0.0
2046-12-27 19:30:00,3.0204814814213767,0.0
2046-12-27 20:00:00,3.0204814814213767,0.0
2046-12-27 20:30:00,3.0204814814213767,0.0
2046-12-27 21:00:00,3.0204814814213767,0.0
2046-12-27 21:30:00,3.0204814814213767,0.0
2046-12-27 22:00:00,3.0204814814213767,0.0
2046-12-27 22:30:00,3.0204814814213767,0.0
2046-12-27 23:00:00,3.0204814814213767,0.0
2046-12-27 23:30:00,3.0204814814213767,0.0
2046-12-28 00:00:00,3.0204814814213767,0.0
2046-12-28 00:30:00,3.0204814814213767,-0.002183191451707799
2046-12-28 01:00:00,3.0204814814213767,0.0
2046-12-28 01:30:00,3.0204814814213767,0.0
2046-12-28 02:00:00,3.0204814814213767,0.0
2046-12-28 02:30:00,3.0204814814213767,0.0
2046-12-28 03:00:00,3.0204814814213767,0.0
2046-12-28 03:30:00,3.0204814814213767,0.0
2046-12-28 04:00:00,3.0204814814213767,0.0
2046-12-28 04:30:00,3.0204814814213767,0.0
2046-12-28 05:00:00,3.0204814814213767,0.0
2046-12-28 05:30:00,3.0204814814213767,0.0
2046-12-28 06:00:00,3.0204814814213767,0.0
2046-12-28 06:30:00,3.0204814814213767,0.0
2046-12-28 07:00:00,3.0204814814213767,0.0
2046-12-28 07:30:00,3.0204814814213767,0.0
2046-12-28 08:00:00,3.0204814814213767,0.0
2046-12-28 08:30:00,3.0204814814213767,0.0
2046-12-28 09:00:00,3.0204814814213767,0.0
2046-12-28 09:30:00,3.0204814814213767,0.0
2046-12-28 10:00:00,3.0204814814213767,0.0
2046-12-28 10:30:00,3.0204814814213767,0.0
2046-12-28 11:00:00,3.0204814814213767,0.0
2046-12-28 11:30:00,3.0204814814213767,0.0
2046-12-28 12:00:00,3.0204814814213767,0.0
2046-12-28 12:30:00,3.0204814814213767,0.0
2046-12-28 13:00:00,3.0204814814213767,0.0
2046-12-28 13:30:00,3.0204814814213767,0.0
2046-12-28 14:00:00,3.0204814814213767,0.0
2046-12-28 14:30:00,3.0204814814213767,0.0
2046-12-28 15:00:00,3.0204814814213767,0.0
2046-12-28 15:30:00,3.0204814814213767,0.0
2046-12-28 16:00:00,3.0204814814213767,0.0
2046-12-28 16:30:00,3.0204814814213767,0.0
2046-12-28 17:00:00,3.0204814814213767,0.0
2046-12-28 17:30:00,3.0204814814213767,0.0
2046-12-28 18:00:00,3.0204814814213767,0.0
2046-12-28 18:30:00,3.0204814814213767,0.0
2046-12-28 19:00:00,3.0204814814213767,0.0
2046-12-28 19:30:00,3.0204814814213767,0.0
2046-12-28 20:00:00,3.0204814814213767,0.0
2046-12-28 20:30:00,3.0204814814213767,0.0
2046-12-28 21:00:00,3.0204814814213767,0.0
2046-12-28 21:30:00,3.0204814814213767,0.0
2046-12-28 22:00:00,3.0204814814213767,0.0
2046-12-28 22:30:00,3.0204814814213767,0.0
2046-12-28 23:00:00,3.0204814814213767,0.0
2046-12-28 23:30:00,3.0204814814213767,0.0
2046-12-29 00:00:00,3.0204814814213767,0.0
2046-12-29 00:30:00,3.0204814814213767,0.0
2046-12-29 01:00:00,3.0204814814213767,0.0
2046-12-29 01:30:00,3.0204814814213767,0.0
2046-12-29 02:00:00,3.0204814814213767,0.0
2046-12-29 02:30:00,3.0204814814213767,0.0
2046-12-29 03:00:00,3.0204814814213767,0.0
2046-12-29 03:30:00,3.0204814814213767,0.0
2046-12-29 04:00:00,3.0204814814213767,0.0
2046-12-29 04:30:00,3.0204814814213767,0.0
2046-12-29 05:00:00,3.0204814814213767,0.0
2046-12-29 05:30:00,3.0204814814213767,0.0
2046-12-29 06:00:00,3.0204814814213767,0.0
2046-12-29 06:30:00,3.0204814814213767,0.0
2046-12-29 07:00:00,3.0204814814213767,0.0
2046-12-29 07:30:00,3.0204814814213767,0.0
2046-12-29 08:00:00,3.0204814814213767,0.0
2046-12-29 08:30:00,3.0204814814213767,0.0
2046-12-29 09:00:00,3.0204814814213767,0.0
2046-12-29 09:30:00,3.0204814814213767,0.0
2046-12-29 10:00:00,3.0204814814213767,0.0
2046-12-29 10:30:00,3.0204814814213767,0.0
2046-12-29 11:00:00,3.0204814814213767,0.0
2046-12-29 11:30:00,3.0204814814213767,0.0
2046-12-29 12:00:00,3.0204814814213767,0.0
2046-12-29 12:30:00,3.0204814814213767,0.0
2046-12-29 13:00:00,3.0204814814213767,0.0
2046-12-29 13:30:00,3.0204814814213767,0.0
2046-12-29 14:00:00,3.0204814814213767,0.0
2046-12-29 14:30:00,3.0204814814213767,0.0
2046-12-29 15:00:00,3.0204814814213767,0.0
2046-12-29 15:30:00,3.0204814814213767,0.0
2046-12-29 16:00:00,3.0204814814213767,0.0
2046-12-29 16:30:00,3.0204814814213767,0.0
2046-12-29 17:00:00,3.0204814814213767,0.0
2046-12-29 17:30:00,3.0204814814213767,0.0
2046-12-29 18:00:00,3.0204814814213767,0.0
2046-12-29 18:30:00,3.0204814814213767,0.0
2046-12-29 19:00:00,3.0204814814213767,0.0
2046-12-29 19:30:00,3.0204814814213767,0.0
2046-12-29 20:00:00,3.0204814814213767,0.0
2046-12-29 20:30:00,3.0204814814213767,0.0
2046-12-29 21:00:00,3.0204814814213767,0.0
2046-12-29 21:30:00,3.0204814814213767,0.0
2046-12-29 22:00:00,3.0204814814213767,0.0
2046-12-29 22:30:00,3.0204814814213767,0.0
2046-12-29 23:00:00,3.0204814814213767,0.0
2046-12-29 23:30:00,3.0204814814213767,0.0
2046-12-30 00:00:00,3.0204814814213767,0.0
2046-12-30 00:30:00,3.0204814814213767,0.0
2046-12-30 01:00:00,3.0204814814213767,0.0
2046-12-30 01:30:00,3.0204814814213767,0.0
2046-12-30 02:00:00,3.0204814814213767,0.0
2046-12-30 02:30:00,3.0204814814213767,0.0
2046-12-30 03:00:00,3.0204814814213767,0.0
2046-12-30 03:30:00,3.0204814814213767,0.0
2046-12-30 04:00:00,3.0204814814213767,0.0
2046-12-30 04:30:00,3.0204814814213767,0.0
2046-12-30 05:00:00,3.0204814814213767,0.012030294561953316
2046-12-30 05:30:00,3.0139432778550925,0.0
2046-12-30 06:00:00,3.0139432778550925,0.0
2046-12-30 06:30:00,3.0139432778550925,0.0
2046-12-30 07:00:00,3.0139432778550925,0.0
2046-12-30 07:30:00,3.0139432778550925,-0.014213486013661115
2046-12-30 08:00:00,3.0204814814213767,0.0
2046-12-30 08:30:00,3.0204814814213767,0.0
2046-12-30 09:00:00,3.0204814814213767,0.0
2046-12-30 09:30:00,3.0204814814213767,0.0
2046-12-30 10:00:00,3.0204814814213767,0.0
2046-12-30 10:30:00,3.0204814814213767,0.0
2046-12-30 11:00:00,3.0204814814213767,0.0
2046-12-30 11:30:00,3.0204814814213767,0.0
2046-12-30 12:00:00,3.0204814814213767,0.0
2046-12-30 12:30:00,3.0204814814213767,0.0
2046-12-30 13:00:00,3.0204814814213767,0.0
2046-12-30 13:30:00,3.0204814814213767,0.0
2046-12-30 14:00:00,3.0204814814213767,0.0
2046-12-30 14:30:00,3.0204814814213767,0.0
2046-12-30 15:00:00,3.0204814814213767,0.0
2046-12-30 15:30:00,3.0204814814213767,0.0
2046-12-30 16:00:00,3.0204814814213767,0.0
2046-12-30 16:30:00,3.0204814814213767,0.0
2046-12-30 17:00:00,3.0204814814213767,0.0
2046-12-30 17:30:00,3.0204814814213767,0.0
2046-12-30 18:00:00,3.0204814814213767,0.0
2046-12-30 18:30:00,3.0204814814213767,0.0
2046-12-30 19:00:00,3.0204814814213767,0.0
2046-12-30 19:30:00,3.0204814814213767,0.0
2046-12-30 20:00:00,3.0204814814213767,0.0
2046-12-30 20:30:00,3.0204814814213767,0.014213486013661115
2046-12-30 21:00:00,3.0127567607617722,0.0
2046-12-30 21:30:00,3.0127567607617722,0.0
2046-12-30 22:00:00,3.0127567607617722,0.0
2046-12-30 22:30:00,3.0127567607617722,0.0
2046-12-30 23:00:00,3.0127567607617722,0.0
2046-12-30 23:30:00,3.0127567607617722,0.0
2046-12-31 00:00:00,3.0127567607617722,0.0
2046-12-31 00:30:00,3.0127567607617722,0.0
2046-12-31 01:00:00,3.0127567607617722,0.014213486013661115
2046-12-31 01:30:00,3.0050320401021677,0.0
2046-12-31 02:00:00,3.0050320401021677,0.014213486013661115
2046-12-31 02:30:00,2.9973073194425632,0.0
2046-12-31 03:00:00,2.9973073194425632,0.0
2046-12-31 03:30:00,2.9973073194425632,0.0
2046-12-31 04:00:00,2.9973073194425632,0.0
2046-12-31 04:30:00,2.9973073194425632,0.014213486013661115
2046-12-31 05:00:00,2.9895825987829587,0.0
2046-12-31 05:30:00,2.9895825987829587,0.0
2046-12-31 06:00:00,2.9895825987829587,0.0
2046-12-31 06:30:00,2.9895825987829587,0.0
2046-12-31 07:00:00,2.9895825987829587,0.0
2046-12-31 07:30:00,2.9895825987829587,-0.0103175399419156
2046-12-31 08:00:00,2.99432866715624,-0.014213486013661115
2046-12-31 08:30:00,3.000866870722524,-0.014213486013661115
2046-12-31 09:00:00,3.0074050742888083,-0.014213486013661115
2046-12-31 09:30:00,3.0139432778550925,-0.014213486013661115
2046-12-31 10:00:00,3.0204814814213767,0.0
2046-12-31 10:30:00,3.0204814814213767,0.0
2046-12-31 11:00:00,3.0204814814213767,0.0
2046-12-31 11:30:00,3.0204814814213767,0.0
2046-12-31 12:00:00,3.0204814814213767,0.0
2046-12-31 12:30:00,3.0204814814213767,-0.002183191451707799
2046-12-31 13:00:00,3.0204814814213767,0.0
2046-12-31 13:30:00,3.0204814814213767,0.0
2046-12-31 14:00:00,3.0204814814213767,0.0
2046-12-31 14:30:00,3.0204814814213767,0.0
2046-12-31 15:00:00,3.0204814814213767,0.0
2046-12-31 15:30:00,3.0204814814213767,0.0
2046-12-31 16:00:00,3.0204814814213767,0.0
2046-12-31 16:30:00,3.0204814814213767,0.0
2046-12-31 17:00:00,3.0204814814213767,0.0
2046-12-31 17:30:00,3.0204814814213767,0.0
2046-12-31 18:00:00,3.0204814814213767,0.0
2046-12-31 18:30:00,3.0204814814213767,0.0
2046-12-31 19:00:00,3.0204814814213767,0.0
2046-12-31 19:30:00,3.0204814814213767,0.014213486013661115
2046-12-31 20:00:00,3.0127567607617722,0.0
2046-12-31 20:30:00,3.0127567607617722,0.0
2046-12-31 21:00:00,3.0127567607617722,0.0
2046-12-31 21:30:00,3.0127567607617722,0.0
2046-12-31 22:00:00,3.0127567607617722,0.0
2046-12-31 22:30:00,3.0127567607617722,0.0
2046-12-31 23:00:00,3.0127567607617722,0.0
2046-12-31 23:30:00,3.0127567607617722,0.0
